{"type":"FeatureCollection","features":[{"type":"Feature","geometry":{"type":"Polygon","coordinates":[[[77.60738,12.87158],[77.60725,12.87116],[77.60695,12.87055],[77.60563,12.86874],[77.60504,12.86767],[77.60506,12.86722],[77.60453,12.86513],[77.60435,12.86581],[77.60416,12.86603],[77.60332,12.86603],[77.6031,12.86613],[77.60294,12.86647],[77.60267,12.86674],[77.60168,12.86696],[77.6017,12.86716],[77.60096,12.86714],[77.60237,12.87186],[77.60273,12.8735],[77.60288,12.87452],[77.60287,12.87502],[77.60324,12.87506],[77.60362,12.87424],[77.60412,12.87391],[77.60579,12.87347],[77.60697,12.87339],[77.60755,12.87363],[77.60801,12.87392],[77.6083,12.87421],[77.60848,12.87419],[77.60854,12.87406],[77.60844,12.87387],[77.60766,12.87313],[77.60745,12.87266],[77.60732,12.87207],[77.60738,12.87158]]]},"properties":{"osm_id":23000626,"name":"Hulimavu Lake"}},{"type":"Feature","geometry":{"type":"Polygon","coordinates":[[[77.5893,12.85045],[77.59026,12.8506],[77.59039,12.85068],[77.59065,12.85109],[77.592,12.85371],[77.59213,12.85408],[77.59223,12.85477],[77.59253,12.85599],[77.59243,12.85593],[77.59171,12.85425],[77.59119,12.85421],[77.59033,12.85455],[77.59008,12.85481],[77.58925,12.85618],[77.58915,12.85612],[77.58936,12.85508],[77.58941,12.85433],[77.58915,12.85312],[77.5888,12.85312],[77.58869,12.85209],[77.58892,12.85194],[77.5893,12.85045]]]},"properties":{"osm_id":24430851,"name":"Gottigere Tank"}},{"type":"Feature","geometry":{"type":"Polygon","coordinates":[[[77.65633,12.88332],[77.6561,12.88339],[77.65599,12.88356],[77.65603,12.88476],[77.65617,12.88486],[77.65628,12.88469],[77.6566,12.8846],[77.6566,12.88406],[77.65647,12.88339],[77.65633,12.88332]]]},"properties":{"osm_id":24543535,"name":null}},{"type":"Feature","geometry":{"type":"Polygon","coordinates":[[[77.71811,12.91564],[77.71854,12.91583],[77.7206,12.91537],[77.7216,12.9156],[77.72188,12.91555],[77.72006,12.91055],[77.71951,12.90983],[77.71936,12.90899],[77.7187,12.9098],[77.71791,12.91117],[77.7175,12.91215],[77.71815,12.91425],[77.71811,12.91564]]]},"properties":{"osm_id":27993463,"name":"Chikka Bellanduru Lake"}},{"type":"Feature","geometry":{"type":"Polygon","coordinates":[[[77.71119,12.91876],[77.71151,12.91712],[77.70934,12.91699],[77.70975,12.91725],[77.71119,12.91876]]]},"properties":{"osm_id":27993527,"name":"Carmelaram Lake"}},{"type":"Feature","geometry":{"type":"Polygon","coordinates":[[[77.66297,12.91208],[77.66332,12.91226],[77.66435,12.91323],[77.66482,12.91345],[77.66473,12.91357],[77.66419,12.91345],[77.66285,12.91397],[77.66281,12.91408],[77.66265,12.9141],[77.66256,12.91402],[77.66217,12.91313],[77.66212,12.91272],[77.66222,12.91246],[77.66248,12.91217],[77.66274,12.91205],[77.66297,12.91208]]]},"properties":{"osm_id":27993889,"name":"Ambalipura Upper Lake"}},{"type":"Feature","geometry":{"type":"Polygon","coordinates":[[[77.72524,13.03211],[77.72543,13.03238],[77.7253,13.03285],[77.7255,13.03311],[77.72553,13.0336],[77.72542,13.03366],[77.72539,13.034],[77.72557,13.0342],[77.72564,13.03468],[77.72583,13.03491],[77.72612,13.03482],[77.72644,13.03482],[77.72658,13.03512],[77.72679,13.03518],[77.72679,13.0354],[77.72633,13.03579],[77.72614,13.03583],[77.72604,13.03599],[77.72521,13.03645],[77.72527,13.0366],[77.72566,13.03648],[77.72579,13.03629],[77.72601,13.03621],[77.72626,13.03596],[77.72642,13.03609],[77.72669,13.03588],[77.72707,13.03578],[77.72717,13.03585],[77.72668,13.03616],[77.72636,13.03665],[77.72656,13.03688],[77.72673,13.03676],[77.72694,13.03682],[77.72724,13.03665],[77.72734,13.03624],[77.72754,13.03608],[77.72754,13.03571],[77.72784,13.03576],[77.72884,13.03516],[77.72923,13.03509],[77.72951,13.03509],[77.7296,13.03518],[77.72963,13.03558],[77.72993,13.0352],[77.7302,13.0341],[77.73001,13.03309],[77.72996,13.03187],[77.72799,13.03066],[77.72822,13.03029],[77.72955,13.0309],[77.72986,13.0303],[77.73039,13.02968],[77.73071,13.02919],[77.73027,13.02844],[77.73006,13.02793],[77.73013,13.02738],[77.73047,13.02732],[77.73053,13.02644],[77.73064,13.02601],[77.73096,13.02555],[77.73182,13.02493],[77.73369,13.02389],[77.735,13.0234],[77.73518,13.02326],[77.73358,13.01777],[77.73332,13.01725],[77.73255,13.01764],[77.73219,13.01764],[77.73098,13.01798],[77.72986,13.01987],[77.72911,13.0206],[77.72866,13.02079],[77.72769,13.02094],[77.72662,13.02082],[77.72608,13.02057],[77.72313,13.02184],[77.72127,13.02148],[77.72112,13.02184],[77.72075,13.02189],[77.72069,13.02269],[77.72082,13.02334],[77.72097,13.02361],[77.72321,13.02465],[77.72414,13.02536],[77.7243,13.02582],[77.72447,13.02607],[77.72535,13.02625],[77.72531,13.02681],[77.72494,13.02844],[77.72793,13.03012],[77.72769,13.03053],[77.72492,13.02896],[77.72489,13.02993],[77.72507,13.03211],[77.72524,13.03211]]]},"properties":{"osm_id":28091209,"name":"Yellamallappa Chetty Lake"}},{"type":"Feature","geometry":{"type":"Polygon","coordinates":[[[77.59511,12.93058],[77.59526,12.93105],[77.5959,12.93127],[77.59634,12.93118],[77.59633,12.93053],[77.5964,12.92992],[77.59622,12.92947],[77.5957,12.92943],[77.59496,12.92963],[77.59492,12.92971],[77.59511,12.93058]]]},"properties":{"osm_id":28126428,"name":"Byrasandra Lake"}},{"type":"Feature","geometry":{"type":"Polygon","coordinates":[[[77.60608,13.04614],[77.60766,13.04624],[77.60991,13.04669],[77.61058,13.04674],[77.61069,13.04682],[77.61081,13.04668],[77.61107,13.04658],[77.61124,13.0466],[77.61194,13.04569],[77.61222,13.04405],[77.61253,13.04332],[77.61213,13.04305],[77.6119,13.04303],[77.60864,13.04382],[77.60671,13.04415],[77.60188,13.04413],[77.60177,13.04421],[77.60178,13.04558],[77.60251,13.04574],[77.60251,13.0459],[77.60401,13.04597],[77.60487,13.04586],[77.60539,13.04611],[77.60589,13.04621],[77.60608,13.04614]]]},"properties":{"osm_id":30414489,"name":"Nagawara Lake"}},{"type":"Feature","geometry":{"type":"Polygon","coordinates":[[[77.72149,12.98704],[77.72187,12.98807],[77.72186,12.98886],[77.72194,12.98883],[77.72204,12.9883],[77.72227,12.988],[77.72252,12.98784],[77.72364,12.98789],[77.72399,12.98804],[77.72426,12.98839],[77.7246,12.98845],[77.7247,12.98839],[77.72464,12.98809],[77.72442,12.98772],[77.72445,12.98699],[77.72424,12.98629],[77.72384,12.98565],[77.72328,12.98566],[77.72283,12.98541],[77.72164,12.98593],[77.72178,12.98654],[77.7217,12.98679],[77.72149,12.98704]]]},"properties":{"osm_id":33300618,"name":"Hoodi Lake"}},{"type":"Feature","geometry":{"type":"Polygon","coordinates":[[[77.57552,12.89116],[77.57534,12.89053],[77.57567,12.88897],[77.57596,12.88798],[77.57665,12.8864],[77.57708,12.88573],[77.57703,12.88545],[77.57651,12.88567],[77.57592,12.88623],[77.57521,12.8867],[77.5741,12.88731],[77.57405,12.8874],[77.57407,12.88772],[77.57457,12.8883],[77.575,12.88903],[77.57509,12.88933],[77.57501,12.89043],[77.5754,12.89116],[77.57552,12.89116]]]},"properties":{"osm_id":33541358,"name":"Chunchagatta Lake"}},{"type":"Feature","geometry":{"type":"Polygon","coordinates":[[[77.66972,13.07628],[77.66991,13.07797],[77.66989,13.07915],[77.66985,13.07948],[77.66947,13.07968],[77.67059,13.08045],[77.671,13.08024],[77.67097,13.07994],[77.67254,13.07934],[77.67273,13.07904],[77.6734,13.07873],[77.67362,13.07836],[77.67379,13.07828],[77.67487,13.07816],[77.67547,13.07791],[77.67551,13.0777],[77.67534,13.07751],[77.67588,13.07755],[77.67614,13.07694],[77.6762,13.07653],[77.67639,13.07644],[77.67665,13.07651],[77.67686,13.07643],[77.67736,13.0753],[77.67746,13.07488],[77.67774,13.07463],[77.67804,13.07452],[77.67821,13.07434],[77.67806,13.07402],[77.67752,13.07375],[77.67723,13.07375],[77.67686,13.0739],[77.67598,13.07398],[77.67408,13.07392],[77.67345,13.07365],[77.67321,13.07324],[77.67293,13.07306],[77.67274,13.07378],[77.67239,13.07447],[77.67132,13.07545],[77.67038,13.07559],[77.67007,13.07558],[77.66988,13.07565],[77.66991,13.07606],[77.66972,13.07628]]]},"properties":{"osm_id":35927597,"name":"Dodda Gubbi Kere"}},{"type":"Feature","geometry":{"type":"Polygon","coordinates":[[[77.7237,13.06093],[77.72349,13.06098],[77.72327,13.0615],[77.72253,13.06258],[77.72235,13.06336],[77.72215,13.06363],[77.7219,13.06378],[77.72063,13.06358],[77.7201,13.06336],[77.72009,13.06349],[77.72188,13.06467],[77.72225,13.06526],[77.72296,13.06614],[77.72319,13.06681],[77.72322,13.06964],[77.72327,13.07018],[77.72343,13.07037],[77.72385,13.07028],[77.72403,13.07013],[77.7243,13.06916],[77.7243,13.06845],[77.72454,13.06828],[77.7249,13.06766],[77.72543,13.06759],[77.72566,13.06729],[77.72584,13.06654],[77.72533,13.06421],[77.72473,13.06255],[77.72424,13.0614],[77.72385,13.06119],[77.7237,13.06093]]]},"properties":{"osm_id":35927607,"name":"Bidarahalli Lake"}},{"type":"Feature","geometry":{"type":"Polygon","coordinates":[[[77.67804,13.07256],[77.67801,13.07276],[77.67809,13.07282],[77.67855,13.07316],[77.67869,13.07318],[77.67878,13.07311],[77.67879,13.073],[77.67855,13.07265],[77.67824,13.07252],[77.67804,13.07256]]]},"properties":{"osm_id":35940029,"name":null}},{"type":"Feature","geometry":{"type":"Polygon","coordinates":[[[77.55392,12.89834],[77.55378,12.89737],[77.55449,12.8972],[77.55514,12.89776],[77.55543,12.89791],[77.55577,12.8982],[77.554,12.8984],[77.55392,12.89834]]]},"properties":{"osm_id":37351648,"name":"ISRO Layout Lake"}},{"type":"Feature","geometry":{"type":"Polygon","coordinates":[[[77.54933,12.90393],[77.54918,12.90393],[77.54922,12.90373],[77.54916,12.90272],[77.54886,12.90175],[77.54908,12.90148],[77.54959,12.90137],[77.54998,12.9014],[77.55006,12.90182],[77.55017,12.90189],[77.55061,12.90152],[77.55071,12.9015],[77.55104,12.90156],[77.55128,12.902],[77.55138,12.90206],[77.55158,12.90207],[77.55222,12.90193],[77.55243,12.90202],[77.55279,12.90226],[77.55325,12.90345],[77.5532,12.90353],[77.553,12.90342],[77.55271,12.9034],[77.55239,12.9035],[77.55185,12.90353],[77.55154,12.90363],[77.55076,12.90369],[77.54933,12.90393]]]},"properties":{"osm_id":37351655,"name":"Dore Kere"}},{"type":"Feature","geometry":{"type":"Polygon","coordinates":[[[77.49297,12.96597],[77.49344,12.96469],[77.49336,12.96391],[77.49309,12.96331],[77.49309,12.96313],[77.49476,12.96264],[77.4949,12.96267],[77.49526,12.96316],[77.49561,12.96393],[77.49613,12.96463],[77.49617,12.9651],[77.49607,12.96573],[77.49574,12.96611],[77.49571,12.9663],[77.49582,12.96654],[77.49628,12.96662],[77.4963,12.96674],[77.4957,12.96703],[77.49332,12.96735],[77.49312,12.96717],[77.49298,12.96616],[77.4935,12.96617],[77.49375,12.96636],[77.49409,12.96638],[77.49441,12.96623],[77.49449,12.96602],[77.49447,12.96588],[77.49431,12.96566],[77.49396,12.9656],[77.49378,12.96567],[77.49367,12.96586],[77.49353,12.96596],[77.49297,12.96597]]]},"properties":{"osm_id":37898906,"name":"Mallathahalli Lake"}},{"type":"Feature","geometry":{"type":"Polygon","coordinates":[[[77.5604,12.9533],[77.56015,12.9534],[77.55982,12.95337],[77.55969,12.95289],[77.5596,12.95278],[77.5592,12.95253],[77.55893,12.95244],[77.55922,12.95243],[77.55897,12.95181],[77.55887,12.95114],[77.55866,12.95116],[77.55862,12.95095],[77.55843,12.9507],[77.55855,12.95031],[77.55896,12.95041],[77.5593,12.95094],[77.55978,12.95123],[77.56,12.95129],[77.5611,12.95066],[77.56127,12.95032],[77.5615,12.9502],[77.56187,12.95035],[77.56195,12.95072],[77.56165,12.95133],[77.56136,12.95156],[77.56133,12.95167],[77.56143,12.95213],[77.56139,12.95243],[77.56157,12.95243],[77.56171,12.95251],[77.5617,12.9526],[77.56153,12.95262],[77.56139,12.95255],[77.5612,12.95282],[77.56085,12.95309],[77.5604,12.9533]]]},"properties":{"osm_id":38047206,"name":"Kempambudhi Kere"}},{"type":"Feature","geometry":{"type":"Polygon","coordinates":[[[77.65871,12.83734],[77.65878,12.83732],[77.65915,12.83753],[77.65918,12.83762],[77.65905,12.83773],[77.65904,12.8379],[77.65898,12.83793],[77.65907,12.83808],[77.6593,12.83818],[77.65933,12.83828],[77.65924,12.8383],[77.65889,12.83814],[77.65887,12.83775],[77.65869,12.83747],[77.65871,12.83734]]]},"properties":{"osm_id":39836125,"name":null}},{"type":"Feature","geometry":{"type":"Polygon","coordinates":[[[77.55496,12.90741],[77.55613,12.90688],[77.55674,12.90693],[77.55725,12.90832],[77.55643,12.90837],[77.55568,12.90799],[77.55496,12.90741]]]},"properties":{"osm_id":41189469,"name":"Gowdana Kere"}},{"type":"Feature","geometry":{"type":"Polygon","coordinates":[[[77.53234,12.92465],[77.53213,12.92782],[77.53343,12.92811],[77.53469,12.92887],[77.53487,12.92939],[77.53503,12.92932],[77.53492,12.92803],[77.53505,12.92744],[77.53541,12.92708],[77.53695,12.92674],[77.53667,12.92556],[77.53657,12.92608],[77.53599,12.92596],[77.53533,12.92554],[77.53479,12.92502],[77.53454,12.92453],[77.53234,12.92465]]]},"properties":{"osm_id":41196197,"name":"Hosakerahalli Lake"}},{"type":"Feature","geometry":{"type":"Polygon","coordinates":[[[77.58387,13.0917],[77.58379,13.09149],[77.58449,13.09114],[77.58455,13.0908],[77.58535,13.09046],[77.58725,13.08982],[77.58741,13.08954],[77.58796,13.08926],[77.58855,13.08908],[77.58871,13.08994],[77.58933,13.09141],[77.59024,13.09192],[77.59074,13.0923],[77.59114,13.0927],[77.59114,13.09281],[77.59099,13.09294],[77.59019,13.09246],[77.5892,13.09224],[77.5877,13.09223],[77.58623,13.09209],[77.58516,13.0922],[77.58419,13.09222],[77.58407,13.09216],[77.58387,13.0917]]]},"properties":{"osm_id":41206188,"name":"Allalasandra Lake"}},{"type":"Feature","geometry":{"type":"Polygon","coordinates":[[[77.55523,13.10061],[77.55567,13.10141],[77.55619,13.10162],[77.55617,13.10172],[77.55606,13.10174],[77.55528,13.1016],[77.55502,13.10162],[77.55497,13.10182],[77.55509,13.10199],[77.5553,13.10205],[77.55563,13.1028],[77.55588,13.10399],[77.5564,13.10306],[77.55747,13.10257],[77.55791,13.10263],[77.55861,13.10286],[77.55886,13.10319],[77.55908,13.10331],[77.55914,13.10328],[77.55864,13.10276],[77.55815,13.10209],[77.55756,13.10159],[77.55685,13.10082],[77.55651,13.10085],[77.55613,13.10038],[77.55523,13.10061]]]},"properties":{"osm_id":41667652,"name":"Veerasagara Lake"}},{"type":"Feature","geometry":{"type":"Polygon","coordinates":[[[77.53697,13.08308],[77.53678,13.0826],[77.53603,13.08233],[77.53619,13.08128],[77.53566,13.08148],[77.53536,13.08142],[77.53503,13.08124],[77.53468,13.08057],[77.53431,13.08006],[77.53402,13.08014],[77.53434,13.08094],[77.5343,13.08148],[77.53399,13.08214],[77.53313,13.08331],[77.53674,13.08368],[77.53744,13.08367],[77.53737,13.08335],[77.53697,13.08308]]]},"properties":{"osm_id":41667653,"name":"Singapura Kere"}},{"type":"Feature","geometry":{"type":"Polygon","coordinates":[[[77.5301,13.082],[77.53029,13.08054],[77.53017,13.07887],[77.53012,13.0788],[77.52932,13.07867],[77.52781,13.07793],[77.52688,13.07809],[77.52529,13.07816],[77.5253,13.07852],[77.52542,13.07862],[77.52562,13.07869],[77.52611,13.07862],[77.52644,13.07864],[77.52669,13.07873],[77.52768,13.07949],[77.52791,13.07969],[77.52813,13.08009],[77.52875,13.08049],[77.52933,13.08141],[77.52978,13.08158],[77.52992,13.0817],[77.52998,13.08201],[77.5301,13.082]]]},"properties":{"osm_id":41667654,"name":"Abbigere Lake"}},{"type":"Feature","geometry":{"type":"Polygon","coordinates":[[[77.7745,13.06725],[77.77552,13.06558],[77.77523,13.06514],[77.77425,13.0665],[77.77352,13.06655],[77.77275,13.0665],[77.7714,13.06602],[77.77009,13.06521],[77.76876,13.06395],[77.76837,13.06254],[77.76823,13.06131],[77.76805,13.06036],[77.76815,13.05802],[77.76845,13.05744],[77.76823,13.05728],[77.76769,13.05759],[77.76727,13.05831],[77.7673,13.05916],[77.76653,13.05942],[77.76683,13.06027],[77.7675,13.06069],[77.768,13.06225],[77.76825,13.06425],[77.76583,13.0668],[77.76478,13.06957],[77.7641,13.07052],[77.76311,13.07075],[77.7636,13.07186],[77.76232,13.07276],[77.76284,13.07394],[77.76201,13.07448],[77.76171,13.0767],[77.76052,13.07682],[77.76049,13.07779],[77.75943,13.07758],[77.75973,13.0806],[77.75748,13.08119],[77.75798,13.08181],[77.75832,13.08186],[77.7587,13.08252],[77.76022,13.08196],[77.76031,13.08304],[77.76029,13.08396],[77.75963,13.08403],[77.75976,13.08471],[77.75936,13.08487],[77.75945,13.08677],[77.76007,13.08898],[77.76153,13.09081],[77.7617,13.09127],[77.76389,13.09133],[77.7643,13.0901],[77.76559,13.09051],[77.76561,13.09133],[77.76721,13.09153],[77.76729,13.09094],[77.76838,13.09091],[77.76882,13.09059],[77.76878,13.09005],[77.76906,13.08887],[77.77009,13.08864],[77.77009,13.08647],[77.76928,13.08624],[77.76951,13.08442],[77.76889,13.08417],[77.76833,13.08143],[77.77121,13.08062],[77.77391,13.08068],[77.77415,13.07928],[77.77357,13.07874],[77.77243,13.0789],[77.77179,13.07744],[77.77097,13.07343],[77.77335,13.07044],[77.7745,13.06725]]]},"properties":{"osm_id":41667728,"name":"Hosakote lake"}},{"type":"Feature","geometry":{"type":"Polygon","coordinates":[[[77.4585,13.10025],[77.45825,13.10125],[77.46,13.10275],[77.46025,13.1025],[77.46075,13.1005],[77.45984,13.09508],[77.45975,13.09475],[77.4595,13.0945],[77.46025,13.09375],[77.46,13.09325],[77.458,13.094],[77.457,13.0935],[77.457,13.093],[77.45625,13.0925],[77.4575,13.09825],[77.45763,13.09922],[77.45748,13.09985],[77.45764,13.10027],[77.4585,13.10025]]]},"properties":{"osm_id":41668669,"name":"Alur Lake"}},{"type":"Feature","geometry":{"type":"Polygon","coordinates":[[[77.56257,13.05619],[77.56269,13.05564],[77.56356,13.05581],[77.56369,13.05554],[77.56604,13.05551],[77.56608,13.0562],[77.56465,13.05743],[77.5633,13.05722],[77.56276,13.05627],[77.56257,13.05619]]]},"properties":{"osm_id":42407836,"name":"BEL Lake"}},{"type":"Feature","geometry":{"type":"Polygon","coordinates":[[[77.59644,13.06116],[77.59637,13.06125],[77.59623,13.06189],[77.59626,13.06239],[77.5984,13.06261],[77.59978,13.06293],[77.59996,13.06262],[77.59972,13.06244],[77.59963,13.06226],[77.59946,13.06081],[77.5995,13.06066],[77.60011,13.06012],[77.59999,13.05995],[77.59987,13.05997],[77.59905,13.06056],[77.59724,13.0609],[77.59644,13.06116]]]},"properties":{"osm_id":42655050,"name":"Amruthalli Lake"}},{"type":"Feature","geometry":{"type":"Polygon","coordinates":[[[77.72731,13.092],[77.72726,13.09209],[77.72724,13.09299],[77.72773,13.09291],[77.72783,13.09284],[77.72791,13.09214],[77.7278,13.092],[77.72731,13.092]]]},"properties":{"osm_id":42857652,"name":null}},{"type":"Feature","geometry":{"type":"Polygon","coordinates":[[[77.66428,13.08857],[77.66437,13.08865],[77.66493,13.08869],[77.66498,13.08865],[77.66582,13.08615],[77.66492,13.08598],[77.66428,13.08857]]]},"properties":{"osm_id":42857728,"name":"Chikka Gubbi Kere"}},{"type":"Feature","geometry":{"type":"Polygon","coordinates":[[[77.73667,13.08359],[77.73652,13.08364],[77.73654,13.08392],[77.73665,13.08409],[77.73666,13.08438],[77.73682,13.08457],[77.73684,13.08473],[77.73698,13.08482],[77.73719,13.08468],[77.73722,13.0843],[77.73714,13.08388],[77.73697,13.08371],[77.73667,13.08359]]]},"properties":{"osm_id":43263563,"name":null}},{"type":"Feature","geometry":{"type":"Polygon","coordinates":[[[77.62919,13.09093],[77.629,13.09097],[77.62846,13.09196],[77.62814,13.0923],[77.62752,13.0925],[77.6268,13.0925],[77.62677,13.09264],[77.62745,13.09287],[77.62833,13.09358],[77.62852,13.09375],[77.62886,13.09441],[77.63,13.09391],[77.63008,13.0938],[77.62974,13.09255],[77.62959,13.0924],[77.62951,13.09196],[77.6293,13.09155],[77.62919,13.09093]]]},"properties":{"osm_id":43609776,"name":"Thirumenahalli Lake"}},{"type":"Feature","geometry":{"type":"Polygon","coordinates":[[[77.62958,13.08406],[77.62939,13.08393],[77.62903,13.08401],[77.62826,13.08433],[77.62792,13.0846],[77.62803,13.08475],[77.6285,13.08475],[77.62963,13.08512],[77.62995,13.08543],[77.63011,13.08553],[77.63022,13.08551],[77.63007,13.08516],[77.63007,13.08454],[77.63003,13.08447],[77.62981,13.0845],[77.62958,13.08406]]]},"properties":{"osm_id":43825194,"name":"Chokkanahalli Lake"}},{"type":"Feature","geometry":{"type":"Polygon","coordinates":[[[77.6858,13.01499],[77.68558,13.01507],[77.6854,13.01488],[77.68524,13.0145],[77.68516,13.01445],[77.68433,13.0143],[77.68427,13.01422],[77.68423,13.01146],[77.6843,13.01135],[77.68444,13.01142],[77.68535,13.0114],[77.68554,13.0111],[77.68631,13.01105],[77.6869,13.01137],[77.68689,13.01149],[77.68629,13.01183],[77.68549,13.01269],[77.68523,13.01308],[77.68518,13.01345],[77.6854,13.01419],[77.6858,13.01499]]]},"properties":{"osm_id":44546800,"name":"Kowdenahalli Lake"}},{"type":"Feature","geometry":{"type":"Polygon","coordinates":[[[77.6862,13.0278],[77.68646,13.02747],[77.68684,13.02729],[77.68757,13.02732],[77.68788,13.02741],[77.68812,13.0276],[77.68819,13.02754],[77.68796,13.02701],[77.68756,13.02678],[77.68712,13.02608],[77.68667,13.02607],[77.6866,13.02616],[77.68643,13.0271],[77.6861,13.02753],[77.686,13.02796],[77.68613,13.02794],[77.6862,13.0278]]]},"properties":{"osm_id":44546801,"name":null}},{"type":"Feature","geometry":{"type":"Polygon","coordinates":[[[77.74945,13.09725],[77.74781,13.09719],[77.74764,13.09726],[77.74755,13.09768],[77.74793,13.09903],[77.74833,13.09977],[77.7484,13.10029],[77.74855,13.1004],[77.74881,13.10044],[77.74906,13.10009],[77.74944,13.09775],[77.74945,13.09725]]]},"properties":{"osm_id":44626723,"name":null}},{"type":"Feature","geometry":{"type":"Polygon","coordinates":[[[77.66848,13.02241],[77.66703,13.02253],[77.66644,13.02275],[77.66597,13.02313],[77.66588,13.02329],[77.66591,13.02334],[77.66621,13.02349],[77.66657,13.02381],[77.66696,13.0246],[77.66695,13.02482],[77.66677,13.02525],[77.66633,13.02574],[77.66642,13.02575],[77.66656,13.02563],[77.66825,13.02364],[77.66831,13.02332],[77.66859,13.02273],[77.66848,13.02241]]]},"properties":{"osm_id":44707273,"name":"Horamavu Lake"}},{"type":"Feature","geometry":{"type":"Polygon","coordinates":[[[77.71162,13.03429],[77.71075,13.03351],[77.71017,13.03318],[77.71004,13.03299],[77.70914,13.03303],[77.70887,13.03331],[77.70868,13.03337],[77.7089,13.0355],[77.70937,13.03577],[77.70974,13.03574],[77.70975,13.03587],[77.70962,13.03604],[77.7097,13.03633],[77.71012,13.0364],[77.71036,13.03633],[77.71033,13.03608],[77.71023,13.03588],[77.71024,13.03559],[77.71062,13.03478],[77.71081,13.03454],[77.71162,13.03429]]]},"properties":{"osm_id":44707735,"name":null}},{"type":"Feature","geometry":{"type":"Polygon","coordinates":[[[77.70174,13.00279],[77.70176,13.0032],[77.70187,13.00324],[77.7021,13.00296],[77.70235,13.00241],[77.70249,13.00228],[77.70274,13.00216],[77.7033,13.00206],[77.70407,13.00221],[77.70433,13.0024],[77.70456,13.00271],[77.70469,13.0026],[77.70447,13.00235],[77.70433,13.00199],[77.70423,13.00107],[77.70417,13.00095],[77.70364,13.00083],[77.70271,13.00034],[77.70213,13.0005],[77.70221,13.00178],[77.70202,13.00259],[77.70174,13.00279]]]},"properties":{"osm_id":44999246,"name":"Devasandra lake"}},{"type":"Feature","geometry":{"type":"Polygon","coordinates":[[[77.59578,13.04531],[77.59519,13.04537],[77.59443,13.04521],[77.59366,13.04538],[77.5934,13.04569],[77.5934,13.04612],[77.5931,13.04647],[77.59305,13.04675],[77.59335,13.04743],[77.59238,13.04775],[77.59248,13.04799],[77.59355,13.04761],[77.5935,13.04712],[77.59321,13.04671],[77.59331,13.0465],[77.59358,13.04622],[77.59364,13.04566],[77.59381,13.04552],[77.59442,13.04541],[77.59529,13.04557],[77.59578,13.04551],[77.59578,13.04531]]]},"properties":{"osm_id":45247391,"name":null}},{"type":"Feature","geometry":{"type":"Polygon","coordinates":[[[77.48092,12.92334],[77.48062,12.92335],[77.47923,12.92387],[77.47927,12.92407],[77.47964,12.92461],[77.47966,12.92496],[77.47919,12.92506],[77.47922,12.92518],[77.47933,12.92533],[77.47933,12.92552],[77.47956,12.92555],[77.47959,12.9257],[77.47969,12.92578],[77.47978,12.92621],[77.47992,12.92637],[77.47985,12.92658],[77.47974,12.92667],[77.47998,12.92743],[77.48077,12.92716],[77.4809,12.92645],[77.481,12.92645],[77.48111,12.9266],[77.48101,12.92666],[77.48107,12.92685],[77.48122,12.92705],[77.48147,12.92763],[77.48144,12.92784],[77.48148,12.92793],[77.48157,12.92782],[77.48164,12.92801],[77.48187,12.92829],[77.48198,12.92879],[77.48209,12.92874],[77.48228,12.92845],[77.48264,12.92917],[77.48267,12.92935],[77.48279,12.92943],[77.48303,12.93014],[77.48335,12.93044],[77.48342,12.93073],[77.48303,12.93142],[77.48311,12.93268],[77.48323,12.93279],[77.48342,12.93334],[77.48353,12.93336],[77.4834,12.93267],[77.48345,12.93241],[77.48336,12.93208],[77.48353,12.93193],[77.48355,12.93145],[77.48368,12.93127],[77.48364,12.93107],[77.48384,12.93063],[77.48364,12.93013],[77.48351,12.93008],[77.48338,12.9299],[77.48302,12.92883],[77.48262,12.92812],[77.48268,12.92792],[77.4826,12.92782],[77.48249,12.92782],[77.48208,12.92736],[77.48194,12.9267],[77.48171,12.92603],[77.48157,12.9258],[77.48123,12.92557],[77.48125,12.9253],[77.48101,12.9244],[77.4811,12.92428],[77.48116,12.92371],[77.4811,12.92346],[77.48092,12.92334]]]},"properties":{"osm_id":45741726,"name":"Hosakere"}},{"type":"Feature","geometry":{"type":"Polygon","coordinates":[[[77.49508,12.92912],[77.49465,12.92962],[77.494,12.93064],[77.49381,12.93104],[77.49358,12.93131],[77.49348,12.93157],[77.49366,12.93146],[77.49377,12.93152],[77.494,12.9315],[77.49414,12.93141],[77.49452,12.9317],[77.49495,12.93186],[77.49511,12.93223],[77.49612,12.93178],[77.49597,12.93156],[77.49558,12.93137],[77.4955,12.93063],[77.49532,12.93005],[77.4952,12.92994],[77.49508,12.92912]]]},"properties":{"osm_id":45741827,"name":"Dubasi Palya Kere"}},{"type":"Feature","geometry":{"type":"Polygon","coordinates":[[[77.74236,12.96339],[77.74196,12.96318],[77.7418,12.9632],[77.74171,12.96387],[77.74199,12.96477],[77.74226,12.96524],[77.7425,12.96549],[77.74271,12.9656],[77.74291,12.96567],[77.74317,12.96518],[77.74484,12.96515],[77.74494,12.96498],[77.74517,12.96484],[77.74562,12.96476],[77.74568,12.96468],[77.74569,12.96463],[77.74549,12.96461],[77.7441,12.96477],[77.74369,12.96476],[77.74357,12.96423],[77.7434,12.96397],[77.74305,12.96371],[77.74236,12.96339]]]},"properties":{"osm_id":45860708,"name":"Sheelavathana Kere"}},{"type":"Feature","geometry":{"type":"Polygon","coordinates":[[[77.49378,13.02171],[77.49363,13.02121],[77.49391,13.02089],[77.4947,13.02033],[77.49512,13.01995],[77.49558,13.01914],[77.49586,13.01815],[77.49683,13.01786],[77.49809,13.01761],[77.49844,13.01788],[77.49816,13.01853],[77.49769,13.01884],[77.49683,13.01903],[77.49668,13.01974],[77.49672,13.02156],[77.49709,13.02227],[77.49803,13.02309],[77.49912,13.02436],[77.49865,13.02484],[77.49548,13.02273],[77.49498,13.02317],[77.4943,13.022],[77.49378,13.02171]]]},"properties":{"osm_id":45921399,"name":"Narasappanahalli Lake"}},{"type":"Feature","geometry":{"type":"Polygon","coordinates":[[[77.47239,13.0209],[77.47238,13.0207],[77.47274,13.01981],[77.47264,13.01779],[77.47189,13.01633],[77.47209,13.01619],[77.4729,13.01622],[77.47447,13.01587],[77.47565,13.01578],[77.47553,13.01966],[77.4754,13.02039],[77.47527,13.0204],[77.47509,13.01964],[77.4744,13.01964],[77.47406,13.01974],[77.47334,13.0203],[77.47333,13.02076],[77.473,13.02105],[77.47264,13.02119],[77.47239,13.0209]]]},"properties":{"osm_id":45921942,"name":"Gangondanahalli Lake"}},{"type":"Feature","geometry":{"type":"Polygon","coordinates":[[[77.45377,13.01449],[77.45362,13.01446],[77.45325,13.01345],[77.45323,13.01316],[77.45337,13.01224],[77.4533,13.01136],[77.45316,13.01085],[77.45367,13.01029],[77.45378,13.01079],[77.45445,13.01126],[77.45559,13.01121],[77.45618,13.01326],[77.45612,13.01364],[77.45594,13.01376],[77.4551,13.01367],[77.45421,13.01376],[77.45402,13.01386],[77.45377,13.01449]]]},"properties":{"osm_id":45922001,"name":null}},{"type":"Feature","geometry":{"type":"Polygon","coordinates":[[[77.5174,12.99861],[77.51738,12.99741],[77.51726,12.99716],[77.51649,12.99706],[77.51648,12.99723],[77.51665,12.99778],[77.51663,12.99814],[77.51678,12.99862],[77.51705,12.99871],[77.5174,12.99861]]]},"properties":{"osm_id":48876279,"name":null}},{"type":"Feature","geometry":{"type":"Polygon","coordinates":[[[77.59596,12.97749],[77.59581,12.97733],[77.59581,12.97715],[77.59598,12.97698],[77.59669,12.97694],[77.59683,12.97706],[77.59716,12.97712],[77.59713,12.97733],[77.59703,12.97739],[77.59667,12.97732],[77.5961,12.97753],[77.59596,12.97749]]]},"properties":{"osm_id":52057922,"name":"Lotus Pond"}},{"type":"Feature","geometry":{"type":"Polygon","coordinates":[[[77.59005,12.96849],[77.59008,12.96811],[77.59051,12.96815],[77.59047,12.96852],[77.59005,12.96849]]]},"properties":{"osm_id":52059617,"name":"Sampangi Lake"}},{"type":"Feature","geometry":{"type":"Polygon","coordinates":[[[77.66612,12.90759],[77.6665,12.90752],[77.66661,12.90611],[77.66757,12.90565],[77.66802,12.90575],[77.66841,12.90603],[77.66944,12.90552],[77.66987,12.90557],[77.66998,12.90516],[77.66957,12.90482],[77.66904,12.90403],[77.66833,12.90236],[77.66798,12.90209],[77.66638,12.90289],[77.66643,12.90335],[77.6661,12.90409],[77.66633,12.90526],[77.66608,12.90571],[77.66612,12.90759]]]},"properties":{"osm_id":62381586,"name":"Kasavanahalli Lake"}},{"type":"Feature","geometry":{"type":"Polygon","coordinates":[[[77.51213,13.08292],[77.51203,13.08281],[77.51163,13.08268],[77.51058,13.08206],[77.51044,13.08166],[77.50984,13.08149],[77.50945,13.08084],[77.50914,13.08085],[77.50908,13.08042],[77.50786,13.07976],[77.50712,13.07945],[77.5069,13.07949],[77.50684,13.0797],[77.50669,13.07987],[77.50631,13.07991],[77.50618,13.08043],[77.50586,13.08111],[77.50565,13.08122],[77.50468,13.08154],[77.50436,13.0815],[77.50337,13.08112],[77.50325,13.08115],[77.50315,13.0813],[77.50316,13.08137],[77.50331,13.0814],[77.50381,13.08187],[77.50409,13.08255],[77.50505,13.08437],[77.50512,13.08506],[77.50531,13.0857],[77.50548,13.08582],[77.50588,13.08584],[77.50625,13.08608],[77.5064,13.08595],[77.50617,13.08567],[77.50614,13.08538],[77.50643,13.08491],[77.50696,13.08448],[77.50725,13.08434],[77.50792,13.08421],[77.5104,13.0842],[77.51171,13.08367],[77.51162,13.0834],[77.51199,13.08314],[77.51213,13.08292]]]},"properties":{"osm_id":75610567,"name":"Chikkabanavara Lake"}},{"type":"Feature","geometry":{"type":"Polygon","coordinates":[[[77.69645,12.9915],[77.69643,12.99159],[77.69622,12.99164],[77.69557,12.9908],[77.69526,12.99077],[77.69497,12.9906],[77.69498,12.99049],[77.69583,12.99038],[77.6964,12.99022],[77.6964,12.99081],[77.69628,12.99092],[77.69623,12.99111],[77.69645,12.9915]]]},"properties":{"osm_id":95639129,"name":"Garudacharpalya Lake"}},{"type":"Feature","geometry":{"type":"Polygon","coordinates":[[[77.66213,12.89475],[77.66166,12.89667],[77.66182,12.89741],[77.662,12.89769],[77.66191,12.89792],[77.66198,12.89878],[77.66221,12.89917],[77.6624,12.89932],[77.66265,12.89967],[77.66273,12.89969],[77.66277,12.89955],[77.66242,12.89894],[77.66231,12.89858],[77.66275,12.89789],[77.66453,12.89678],[77.66491,12.89674],[77.665,12.89657],[77.66496,12.89645],[77.66436,12.89642],[77.66349,12.89595],[77.66349,12.89564],[77.66318,12.89504],[77.66303,12.89458],[77.66213,12.89475]]]},"properties":{"osm_id":111563782,"name":"Haralur Lake"}},{"type":"Feature","geometry":{"type":"Polygon","coordinates":[[[77.64319,12.86963],[77.64325,12.86942],[77.64425,12.86925],[77.64443,12.86933],[77.6446,12.86931],[77.6448,12.86914],[77.64508,12.86918],[77.64515,12.86913],[77.64508,12.86858],[77.64427,12.86828],[77.64315,12.86759],[77.64311,12.86765],[77.64346,12.86803],[77.64346,12.86818],[77.64309,12.8692],[77.64273,12.8695],[77.64272,12.86959],[77.64319,12.86963]]]},"properties":{"osm_id":111871728,"name":"Basapura Lake"}},{"type":"Feature","geometry":{"type":"Polygon","coordinates":[[[77.64199,12.8801],[77.64192,12.8789],[77.64162,12.87817],[77.64152,12.87799],[77.64128,12.87781],[77.64086,12.87785],[77.64078,12.87781],[77.64122,12.8773],[77.64199,12.87718],[77.64221,12.87709],[77.64231,12.87729],[77.64251,12.87746],[77.64294,12.87764],[77.64223,12.8793],[77.64217,12.88008],[77.64199,12.8801]]]},"properties":{"osm_id":111871740,"name":"Begur Kere"}},{"type":"Feature","geometry":{"type":"Polygon","coordinates":[[[77.64879,12.87026],[77.64957,12.87012],[77.64985,12.87025],[77.65065,12.87028],[77.65078,12.86999],[77.65066,12.86974],[77.65051,12.86961],[77.65049,12.86942],[77.64961,12.86882],[77.64941,12.86846],[77.64934,12.86843],[77.64928,12.86847],[77.64927,12.86909],[77.64917,12.86963],[77.64879,12.87026]]]},"properties":{"osm_id":111871772,"name":"Basapura Lake"}},{"type":"Feature","geometry":{"type":"Polygon","coordinates":[[[77.63261,12.87846],[77.63285,12.87876],[77.6333,12.87873],[77.63302,12.87813],[77.63267,12.87832],[77.63261,12.87846]]]},"properties":{"osm_id":111871802,"name":null}},{"type":"Feature","geometry":{"type":"Polygon","coordinates":[[[77.53138,12.94832],[77.53137,12.94883],[77.53159,12.94916],[77.5316,12.9494],[77.5311,12.94975],[77.53033,12.94974],[77.53021,12.94969],[77.53012,12.94954],[77.53017,12.94933],[77.53083,12.9489],[77.53126,12.94826],[77.53138,12.94832]]]},"properties":{"osm_id":116792836,"name":"Deepanjali Nagara Kere"}},{"type":"Feature","geometry":{"type":"Polygon","coordinates":[[[77.55365,12.89478],[77.55376,12.8943],[77.55446,12.89448],[77.55432,12.89494],[77.55365,12.89478]]]},"properties":{"osm_id":117076682,"name":"Vasantapura Temple Kalyani"}},{"type":"Feature","geometry":{"type":"Polygon","coordinates":[[[77.58001,12.87302],[77.58019,12.87339],[77.5803,12.87381],[77.58091,12.87453],[77.58078,12.87464],[77.58084,12.87471],[77.58098,12.87461],[77.58121,12.87476],[77.5813,12.87485],[77.58135,12.8752],[77.58017,12.87496],[77.57964,12.87475],[77.57945,12.87475],[77.579,12.87494],[77.57839,12.87558],[77.57878,12.87488],[77.57887,12.87411],[77.57884,12.87341],[77.57909,12.87257],[77.57937,12.87253],[77.57977,12.87264],[77.57988,12.8728],[77.57979,12.87291],[77.57981,12.87297],[77.58001,12.87302]]]},"properties":{"osm_id":118415616,"name":"Krishna Nagara Lake"}},{"type":"Feature","geometry":{"type":"Polygon","coordinates":[[[77.56499,12.86277],[77.5653,12.86318],[77.56538,12.86319],[77.56597,12.86411],[77.56658,12.86421],[77.56669,12.86428],[77.56689,12.86451],[77.56723,12.86469],[77.56745,12.86527],[77.56776,12.86544],[77.56772,12.86554],[77.56752,12.86563],[77.56729,12.86585],[77.56717,12.86629],[77.56674,12.86634],[77.56652,12.86659],[77.56642,12.86706],[77.56593,12.86713],[77.56547,12.86682],[77.56543,12.8665],[77.56577,12.86554],[77.56584,12.86516],[77.56582,12.86456],[77.56574,12.86422],[77.56524,12.86324],[77.56485,12.86286],[77.56499,12.86277]]]},"properties":{"osm_id":118415657,"name":"Avalahalli Lake"}},{"type":"Feature","geometry":{"type":"Polygon","coordinates":[[[77.52872,12.84197],[77.53002,12.84194],[77.53043,12.84165],[77.53119,12.84192],[77.53206,12.84054],[77.53255,12.84078],[77.53236,12.84184],[77.53347,12.84189],[77.53445,12.84213],[77.5345,12.84282],[77.53507,12.84388],[77.5357,12.843],[77.53589,12.84189],[77.53749,12.84218],[77.53743,12.84067],[77.5364,12.84062],[77.53559,12.83898],[77.53543,12.83662],[77.53567,12.83408],[77.53471,12.83417],[77.53071,12.83609],[77.53083,12.83636],[77.53048,12.83672],[77.53039,12.8371],[77.53027,12.83882],[77.52872,12.84197]]]},"properties":{"osm_id":118906503,"name":"Chudahalli Lake"}},{"type":"Feature","geometry":{"type":"Polygon","coordinates":[[[77.56237,12.88224],[77.56245,12.88209],[77.56296,12.88178],[77.56306,12.88134],[77.56295,12.8812],[77.56267,12.8811],[77.56208,12.88114],[77.56168,12.881],[77.5615,12.88061],[77.56013,12.88199],[77.56,12.88227],[77.55997,12.8827],[77.56123,12.88252],[77.5613,12.8828],[77.56147,12.88294],[77.56224,12.88351],[77.56256,12.8836],[77.56276,12.88343],[77.56285,12.88317],[77.56274,12.88277],[77.56237,12.88224]]]},"properties":{"osm_id":118910872,"name":"Doddakalasandra Lake"}},{"type":"Feature","geometry":{"type":"Polygon","coordinates":[[[77.55735,12.89119],[77.55714,12.89172],[77.55683,12.89203],[77.55669,12.89191],[77.55651,12.89127],[77.55577,12.89127],[77.55502,12.89142],[77.55494,12.89127],[77.55511,12.89113],[77.55574,12.89101],[77.55684,12.89052],[77.55751,12.89084],[77.55735,12.89119]]]},"properties":{"osm_id":118910873,"name":"Vasanthapura Lake"}},{"type":"Feature","geometry":{"type":"Polygon","coordinates":[[[77.67337,12.86758],[77.67338,12.86783],[77.67392,12.86894],[77.67484,12.86999],[77.67563,12.87078],[77.67654,12.87155],[77.67716,12.87247],[77.67873,12.87371],[77.67909,12.87367],[77.67883,12.87281],[77.67933,12.87132],[77.67999,12.87043],[77.68064,12.87021],[77.68061,12.86969],[77.67975,12.86914],[77.67953,12.86909],[77.67919,12.86857],[77.6785,12.86856],[77.67688,12.86756],[77.67452,12.86726],[77.67424,12.86759],[77.67372,12.86743],[77.67353,12.86715],[77.67337,12.86758]]]},"properties":{"osm_id":119132391,"name":"Rayasandra Lake"}},{"type":"Feature","geometry":{"type":"Polygon","coordinates":[[[77.63506,12.88772],[77.63531,12.88614],[77.63524,12.88476],[77.63504,12.88426],[77.63433,12.88356],[77.63422,12.88323],[77.63554,12.88392],[77.63673,12.88383],[77.63699,12.88457],[77.63835,12.88418],[77.63886,12.88536],[77.6371,12.88612],[77.6356,12.88733],[77.63532,12.88773],[77.63506,12.88772]]]},"properties":{"osm_id":119132971,"name":"Chikka Beguru Lake"}},{"type":"Feature","geometry":{"type":"Polygon","coordinates":[[[77.71955,12.97178],[77.71963,12.97098],[77.71929,12.97086],[77.71932,12.97],[77.71942,12.96985],[77.7201,12.96965],[77.72014,12.96779],[77.71945,12.967],[77.71958,12.9669],[77.72022,12.9675],[77.72051,12.96763],[77.72128,12.96766],[77.7215,12.96787],[77.72162,12.96887],[77.72142,12.96895],[77.72122,12.97006],[77.72088,12.9702],[77.72083,12.97032],[77.72087,12.97062],[77.72108,12.97078],[77.72105,12.97104],[77.72071,12.9719],[77.71955,12.97178]]]},"properties":{"osm_id":120904870,"name":"Kundalahalli Lake"}},{"type":"Feature","geometry":{"type":"Polygon","coordinates":[[[77.73853,12.97918],[77.73779,12.97972],[77.73678,12.98022],[77.73696,12.98046],[77.73858,12.98111],[77.73882,12.981],[77.73901,12.98063],[77.7392,12.97998],[77.73915,12.97905],[77.73893,12.9786],[77.73866,12.97908],[77.73853,12.97918]]]},"properties":{"osm_id":122129754,"name":"Pattandur Agrahara Kunte"}},{"type":"Feature","geometry":{"type":"Polygon","coordinates":[[[77.48965,12.8485],[77.4889,12.84924],[77.48847,12.84984],[77.48824,12.85029],[77.4882,12.85062],[77.48834,12.85094],[77.4886,12.85099],[77.48868,12.85134],[77.48857,12.85148],[77.48866,12.8517],[77.48893,12.85183],[77.49004,12.85178],[77.49027,12.85199],[77.49038,12.85275],[77.49025,12.85282],[77.49019,12.85313],[77.49025,12.85336],[77.49045,12.85348],[77.49082,12.8534],[77.49131,12.85295],[77.49134,12.85271],[77.49153,12.85263],[77.49184,12.85293],[77.49217,12.85282],[77.49215,12.85243],[77.49205,12.85206],[77.49214,12.85193],[77.49232,12.85194],[77.49254,12.85174],[77.49265,12.85184],[77.49268,12.8523],[77.4928,12.85263],[77.49319,12.85334],[77.49319,12.85384],[77.49329,12.85391],[77.49334,12.85325],[77.49306,12.85255],[77.49341,12.8524],[77.49354,12.85218],[77.49357,12.85196],[77.49347,12.85171],[77.49327,12.85151],[77.49334,12.85137],[77.4942,12.85117],[77.49413,12.85104],[77.49344,12.85091],[77.49313,12.85073],[77.49302,12.85055],[77.49285,12.85071],[77.4925,12.85057],[77.49166,12.84992],[77.4917,12.84961],[77.49182,12.84951],[77.49181,12.84925],[77.49167,12.84897],[77.49163,12.84864],[77.49191,12.84804],[77.49193,12.84777],[77.49219,12.84749],[77.49209,12.84737],[77.49166,12.84755],[77.49112,12.84755],[77.49068,12.84832],[77.48997,12.84864],[77.48982,12.8485],[77.48965,12.8485]]]},"properties":{"osm_id":124797587,"name":"Agara Lake"}},{"type":"Feature","geometry":{"type":"Polygon","coordinates":[[[77.68696,12.87683],[77.68684,12.87675],[77.68675,12.87658],[77.68675,12.87649],[77.68697,12.87628],[77.68705,12.87604],[77.68697,12.87579],[77.68682,12.87559],[77.68692,12.87507],[77.68713,12.87518],[77.68758,12.87524],[77.68988,12.87523],[77.69118,12.87474],[77.69348,12.87404],[77.69407,12.87397],[77.69492,12.87364],[77.69505,12.87374],[77.69501,12.87463],[77.69515,12.87562],[77.69513,12.87592],[77.69534,12.87642],[77.69582,12.877],[77.69568,12.87708],[77.69473,12.87728],[77.69465,12.87706],[77.69472,12.87688],[77.69469,12.87679],[77.69458,12.87682],[77.69454,12.87699],[77.69447,12.87702],[77.69433,12.87697],[77.69426,12.87687],[77.69407,12.87683],[77.69389,12.87702],[77.69331,12.87713],[77.693,12.87702],[77.69271,12.87721],[77.69232,12.87721],[77.69202,12.87735],[77.69066,12.87764],[77.69022,12.8775],[77.68928,12.87744],[77.68823,12.87712],[77.68782,12.87709],[77.68696,12.87683]]]},"properties":{"osm_id":125758396,"name":"Gattahalli Lake"}},{"type":"Feature","geometry":{"type":"Polygon","coordinates":[[[77.61332,12.87265],[77.61369,12.87204],[77.61424,12.87198],[77.61501,12.87223],[77.61494,12.87158],[77.61468,12.87131],[77.61438,12.87126],[77.61378,12.87141],[77.61346,12.87209],[77.61332,12.87265]]]},"properties":{"osm_id":126890297,"name":"Akshaynagar Lake"}},{"type":"Feature","geometry":{"type":"Polygon","coordinates":[[[77.73747,12.97353],[77.73708,12.97383],[77.73641,12.9739],[77.73607,12.97385],[77.73543,12.97352],[77.73484,12.97289],[77.73461,12.97289],[77.73454,12.97372],[77.73443,12.97404],[77.73367,12.97523],[77.7337,12.97558],[77.73424,12.97581],[77.73567,12.97588],[77.73632,12.97533],[77.73657,12.97519],[77.73679,12.97519],[77.73689,12.975],[77.73738,12.97447],[77.73784,12.97406],[77.73885,12.97371],[77.73955,12.97363],[77.73956,12.97353],[77.73881,12.97342],[77.73771,12.97343],[77.73747,12.97353]]]},"properties":{"osm_id":130111880,"name":"Nallurahalli Lake"}},{"type":"Feature","geometry":{"type":"Polygon","coordinates":[[[77.60348,12.92857],[77.60319,12.92864],[77.60298,12.92887],[77.60287,12.92874],[77.60293,12.92846],[77.60335,12.92823],[77.60347,12.92843],[77.60348,12.92857]]]},"properties":{"osm_id":131610642,"name":null}},{"type":"Feature","geometry":{"type":"Polygon","coordinates":[[[77.51452,12.92441],[77.51464,12.92536],[77.51473,12.92557],[77.51528,12.925],[77.5157,12.92401],[77.51525,12.9228],[77.51465,12.92295],[77.51445,12.92312],[77.51439,12.92374],[77.51452,12.92441]]]},"properties":{"osm_id":132997931,"name":"Halagevader Halli Lake"}},{"type":"Feature","geometry":{"type":"Polygon","coordinates":[[[77.66326,12.88414],[77.66371,12.88543],[77.66382,12.88654],[77.66369,12.8871],[77.66373,12.88722],[77.6638,12.88723],[77.66434,12.88657],[77.66454,12.88645],[77.66553,12.8862],[77.66629,12.88622],[77.66675,12.88651],[77.66693,12.88656],[77.66717,12.88683],[77.6678,12.88795],[77.66802,12.88805],[77.66793,12.88795],[77.668,12.88781],[77.66656,12.88572],[77.66624,12.88464],[77.6662,12.88344],[77.6661,12.88331],[77.66583,12.88332],[77.66433,12.8831],[77.66386,12.88294],[77.66336,12.8826],[77.6626,12.8825],[77.66255,12.88255],[77.66263,12.88304],[77.66296,12.88374],[77.66326,12.88414]]]},"properties":{"osm_id":133729401,"name":"Hosakere"}},{"type":"Feature","geometry":{"type":"Polygon","coordinates":[[[77.64465,12.88217],[77.64502,12.88156],[77.64559,12.88129],[77.64616,12.88186],[77.64605,12.88199],[77.64593,12.88233],[77.64581,12.88341],[77.64567,12.88353],[77.64557,12.8835],[77.64552,12.88294],[77.64477,12.88234],[77.64465,12.88217]]]},"properties":{"osm_id":133729402,"name":"Singasandra Lake"}},{"type":"Feature","geometry":{"type":"Polygon","coordinates":[[[77.71639,12.99904],[77.71672,12.99902],[77.71745,12.99917],[77.71792,12.99916],[77.71795,12.99932],[77.71718,12.99993],[77.71675,13.00053],[77.71673,13.00077],[77.71705,13.00133],[77.71695,13.00156],[77.71682,13.00168],[77.71662,13.00158],[77.71639,13.00157],[77.71635,13.00126],[77.71595,13.0007],[77.71622,13.00034],[77.71614,13.00021],[77.71585,13.00001],[77.71581,12.99971],[77.71574,12.99962],[77.71555,12.99953],[77.71563,12.99942],[77.71611,12.99914],[77.71639,12.99904]]]},"properties":{"osm_id":135051892,"name":"Hoodi Lake"}},{"type":"Feature","geometry":{"type":"Polygon","coordinates":[[[77.5222,13.06702],[77.52244,13.06706],[77.52281,13.06775],[77.52292,13.06782],[77.52417,13.06757],[77.5247,13.06757],[77.52508,13.0674],[77.52549,13.06735],[77.5257,13.06786],[77.52559,13.0681],[77.52565,13.06881],[77.52562,13.06936],[77.52554,13.06944],[77.52502,13.06957],[77.52379,13.06981],[77.52336,13.06971],[77.52293,13.06881],[77.52244,13.06822],[77.52211,13.0675],[77.52198,13.06713],[77.5222,13.06702]]]},"properties":{"osm_id":135267829,"name":"Kammagondanahalli Lake"}},{"type":"Feature","geometry":{"type":"Polygon","coordinates":[[[77.68257,12.99734],[77.6824,12.99688],[77.68239,12.99598],[77.68267,12.99587],[77.68281,12.99572],[77.68293,12.99526],[77.68303,12.99545],[77.68307,12.99589],[77.68332,12.99625],[77.68266,12.99731],[77.68257,12.99734]]]},"properties":{"osm_id":135398428,"name":"B Narayanapura Lake"}},{"type":"Feature","geometry":{"type":"Polygon","coordinates":[[[77.71411,13.01063],[77.71431,13.00991],[77.71419,13.00972],[77.712,13.00934],[77.71182,13.00944],[77.71234,13.01081],[77.7136,13.01102],[77.71394,13.01119],[77.71411,13.01063]]]},"properties":{"osm_id":137539703,"name":"Basavanapura Kere"}},{"type":"Feature","geometry":{"type":"Polygon","coordinates":[[[77.70952,13.02508],[77.71013,13.02498],[77.71018,13.02482],[77.70982,13.02422],[77.70971,13.0234],[77.70962,13.02336],[77.70905,13.02348],[77.70875,13.02389],[77.70862,13.0242],[77.70809,13.02445],[77.70776,13.02477],[77.70776,13.02491],[77.70794,13.02532],[77.70807,13.02539],[77.70842,13.02536],[77.70915,13.0251],[77.70952,13.02508]]]},"properties":{"osm_id":137539770,"name":"Bhattarahalli Lake"}},{"type":"Feature","geometry":{"type":"Polygon","coordinates":[[[77.6278,12.97728],[77.62781,12.97754],[77.62812,12.97753],[77.62812,12.97727],[77.6278,12.97728]]]},"properties":{"osm_id":138980171,"name":"Subramanya Swamy Temple Kalyani"}},{"type":"Feature","geometry":{"type":"Polygon","coordinates":[[[77.51421,13.00974],[77.51451,13.00958],[77.51512,13.00951],[77.51549,13.01075],[77.5153,13.01079],[77.51505,13.01068],[77.51475,13.01086],[77.51486,13.01105],[77.51475,13.0111],[77.51478,13.01118],[77.51469,13.01122],[77.51449,13.01113],[77.51426,13.01117],[77.5143,13.0111],[77.51454,13.01101],[77.51461,13.01069],[77.51458,13.01042],[77.51426,13.01048],[77.51423,13.01038],[77.51412,13.01034],[77.51435,13.0101],[77.51385,13.01008],[77.51411,13.00975],[77.51421,13.00974]]]},"properties":{"osm_id":142298792,"name":null}},{"type":"Feature","geometry":{"type":"Polygon","coordinates":[[[77.68544,12.99279],[77.68532,12.99193],[77.68543,12.9918],[77.68624,12.99224],[77.68563,12.99311],[77.68544,12.99306],[77.68544,12.99279]]]},"properties":{"osm_id":143369798,"name":null}},{"type":"Feature","geometry":{"type":"Polygon","coordinates":[[[77.48259,13.00424],[77.48239,13.00414],[77.4821,13.00384],[77.48192,13.00347],[77.48193,13.00334],[77.48205,13.00315],[77.48249,13.00288],[77.48275,13.00283],[77.48283,13.00289],[77.48288,13.00273],[77.48295,13.00278],[77.48311,13.00275],[77.48316,13.003],[77.48306,13.00304],[77.48305,13.00315],[77.48314,13.0034],[77.48309,13.00346],[77.48304,13.00343],[77.48295,13.0031],[77.48287,13.00329],[77.48269,13.00339],[77.48266,13.00362],[77.48283,13.00408],[77.4828,13.0042],[77.48259,13.00424]]]},"properties":{"osm_id":145513538,"name":null}},{"type":"Feature","geometry":{"type":"Polygon","coordinates":[[[77.48538,13.01177],[77.48537,13.01119],[77.48522,13.01009],[77.48531,13.00999],[77.48622,13.00994],[77.48666,13.01039],[77.48705,13.01053],[77.48725,13.01102],[77.48725,13.01124],[77.48711,13.01158],[77.48558,13.01192],[77.48538,13.01177]]]},"properties":{"osm_id":145513549,"name":"Andrahalli Lake"}},{"type":"Feature","geometry":{"type":"Polygon","coordinates":[[[77.46436,13.00207],[77.46439,13.00153],[77.46411,13.00021],[77.46372,12.99912],[77.46387,12.99883],[77.46426,12.99858],[77.4646,12.99854],[77.46499,12.99839],[77.46522,12.99812],[77.4652,12.99793],[77.46655,12.99753],[77.4669,12.99751],[77.46792,12.99807],[77.46878,12.99751],[77.46948,12.9974],[77.46915,12.99787],[77.46889,12.99843],[77.46881,12.99898],[77.46797,13.00004],[77.46765,13.00119],[77.4679,13.00201],[77.46681,13.00238],[77.46604,13.00159],[77.46554,13.00142],[77.46522,13.00151],[77.46436,13.00207]]]},"properties":{"osm_id":146003047,"name":"Kachohalli Kere"}},{"type":"Feature","geometry":{"type":"Polygon","coordinates":[[[77.49169,12.98181],[77.49162,12.9821],[77.49169,12.98236],[77.49157,12.98303],[77.49173,12.98316],[77.49177,12.9833],[77.49258,12.98343],[77.49308,12.98358],[77.49214,12.98274],[77.49185,12.98229],[77.49169,12.98181]]]},"properties":{"osm_id":146211757,"name":null}},{"type":"Feature","geometry":{"type":"Polygon","coordinates":[[[77.45937,12.96809],[77.45985,12.96763],[77.46005,12.96724],[77.45994,12.96633],[77.45916,12.96523],[77.45802,12.96463],[77.45805,12.96445],[77.45846,12.96431],[77.45978,12.96481],[77.46034,12.96603],[77.46064,12.96611],[77.46096,12.96602],[77.46137,12.96602],[77.46271,12.96622],[77.46318,12.96617],[77.46343,12.96585],[77.46346,12.96485],[77.46369,12.96482],[77.46383,12.96559],[77.4637,12.96592],[77.46336,12.96639],[77.46325,12.96669],[77.46352,12.96693],[77.46357,12.96735],[77.46346,12.96793],[77.46391,12.9689],[77.46377,12.96945],[77.46347,12.97002],[77.46162,12.97102],[77.46102,12.97091],[77.46042,12.97095],[77.4605,12.97043],[77.4604,12.96994],[77.45937,12.96809]]]},"properties":{"osm_id":146447556,"name":null}},{"type":"Feature","geometry":{"type":"Polygon","coordinates":[[[77.47956,12.95933],[77.47958,12.96191],[77.47978,12.96262],[77.48001,12.96273],[77.48025,12.96352],[77.48124,12.9632],[77.48147,12.96201],[77.48168,12.9614],[77.48269,12.96023],[77.48324,12.95975],[77.4838,12.9595],[77.48327,12.95939],[77.48222,12.95981],[77.48151,12.95996],[77.48072,12.95977],[77.47956,12.95933]]]},"properties":{"osm_id":146447604,"name":"Ullal Lake"}},{"type":"Feature","geometry":{"type":"Polygon","coordinates":[[[77.47198,12.95836],[77.47198,12.95786],[77.47229,12.95765],[77.47258,12.95722],[77.47279,12.95716],[77.47288,12.95804],[77.47308,12.95811],[77.47323,12.95843],[77.47292,12.95864],[77.47274,12.95839],[77.47198,12.95836]]]},"properties":{"osm_id":146752354,"name":"Manganahalli Lake"}},{"type":"Feature","geometry":{"type":"Polygon","coordinates":[[[77.46943,12.9576],[77.47093,12.95756],[77.47092,12.95749],[77.47074,12.95741],[77.47042,12.95712],[77.46954,12.95661],[77.46949,12.95665],[77.46945,12.95707],[77.46922,12.95742],[77.46924,12.95754],[77.46943,12.9576]]]},"properties":{"osm_id":146767872,"name":null}},{"type":"Feature","geometry":{"type":"Polygon","coordinates":[[[77.73764,12.91842],[77.73846,12.91836],[77.73953,12.91839],[77.73991,12.91852],[77.74117,12.9192],[77.74161,12.91962],[77.74174,12.91966],[77.74186,12.91958],[77.74197,12.91916],[77.74219,12.91874],[77.74253,12.91836],[77.743,12.91799],[77.7431,12.91766],[77.74318,12.91762],[77.74372,12.91774],[77.74397,12.91765],[77.74399,12.91759],[77.74374,12.91726],[77.74227,12.91661],[77.74162,12.91606],[77.74139,12.91562],[77.74097,12.9157],[77.7407,12.91563],[77.74063,12.91557],[77.7405,12.91507],[77.74055,12.91471],[77.74072,12.91457],[77.74063,12.91429],[77.73953,12.914],[77.73945,12.91403],[77.73744,12.91765],[77.73739,12.91777],[77.73757,12.91796],[77.73749,12.91827],[77.73764,12.91842]]]},"properties":{"osm_id":148216683,"name":"Gunjuru Lake"}},{"type":"Feature","geometry":{"type":"Polygon","coordinates":[[[77.55623,13.01176],[77.55598,13.01188],[77.5558,13.01187],[77.55579,13.01117],[77.55584,13.01109],[77.55592,13.01106],[77.55663,13.01133],[77.55653,13.0115],[77.55638,13.01146],[77.55625,13.01153],[77.55623,13.01176]]]},"properties":{"osm_id":149418899,"name":"Brigade Gateway Lake"}},{"type":"Feature","geometry":{"type":"Polygon","coordinates":[[[77.62459,12.97592],[77.62481,12.97588],[77.62478,12.97568],[77.62456,12.97572],[77.62459,12.97592]]]},"properties":{"osm_id":169709332,"name":null}},{"type":"Feature","geometry":{"type":"Polygon","coordinates":[[[77.67475,12.84655],[77.67498,12.84635],[77.67499,12.84559],[77.67485,12.84542],[77.67467,12.84532],[77.67441,12.84532],[77.67433,12.84544],[77.67386,12.84543],[77.67352,12.84554],[77.67341,12.84567],[77.67337,12.84609],[77.67347,12.8463],[77.67419,12.84668],[77.67475,12.84655]]]},"properties":{"osm_id":169987367,"name":null}},{"type":"Feature","geometry":{"type":"Polygon","coordinates":[[[77.63187,12.85364],[77.6323,12.85426],[77.6326,12.85429],[77.63348,12.85454],[77.63397,12.85503],[77.63397,12.85462],[77.63407,12.85445],[77.63389,12.85399],[77.63376,12.853],[77.63348,12.85255],[77.6332,12.8513],[77.63315,12.8518],[77.63292,12.85194],[77.63306,12.85204],[77.63289,12.85221],[77.63223,12.85357],[77.63187,12.85364]]]},"properties":{"osm_id":170447464,"name":"Vittasandra Lake"}},{"type":"Feature","geometry":{"type":"Polygon","coordinates":[[[77.653,12.83383],[77.6522,12.83369],[77.65187,12.83346],[77.65157,12.83276],[77.65135,12.83262],[77.6513,12.8322],[77.65166,12.83222],[77.65252,12.83258],[77.65311,12.83258],[77.65367,12.8325],[77.65377,12.83254],[77.65392,12.83277],[77.65395,12.83297],[77.65388,12.83324],[77.65367,12.83348],[77.653,12.83383]]]},"properties":{"osm_id":171771792,"name":"Shikaripalya Lake"}},{"type":"Feature","geometry":{"type":"Polygon","coordinates":[[[77.54015,12.90815],[77.54016,12.90825],[77.54113,12.90878],[77.54157,12.90887],[77.54216,12.90912],[77.54263,12.90909],[77.54286,12.90891],[77.54295,12.90872],[77.54294,12.90862],[77.54202,12.90751],[77.5419,12.90702],[77.54182,12.90694],[77.54161,12.90699],[77.5411,12.90749],[77.54066,12.90782],[77.54024,12.90803],[77.54015,12.90815]]]},"properties":{"osm_id":172651048,"name":"Uttarahalli Lake"}},{"type":"Feature","geometry":{"type":"Polygon","coordinates":[[[77.49517,12.9078],[77.49577,12.90765],[77.49599,12.90709],[77.49614,12.90703],[77.49628,12.90708],[77.49643,12.90743],[77.49734,12.90698],[77.49738,12.90652],[77.49734,12.90587],[77.49755,12.90547],[77.49737,12.90532],[77.49487,12.9057],[77.49503,12.90614],[77.49517,12.9078]]]},"properties":{"osm_id":172651056,"name":"Sunkalpalya Lake"}},{"type":"Feature","geometry":{"type":"Polygon","coordinates":[[[77.49384,12.90698],[77.49323,12.90716],[77.49267,12.90775],[77.49181,12.90765],[77.49221,12.90856],[77.4924,12.90926],[77.49289,12.90939],[77.49299,12.90928],[77.49393,12.90762],[77.49395,12.90736],[77.49384,12.90698]]]},"properties":{"osm_id":172651060,"name":"Mylasandra Tank"}},{"type":"Feature","geometry":{"type":"Polygon","coordinates":[[[77.51423,12.90575],[77.51437,12.90597],[77.5147,12.90612],[77.51496,12.90615],[77.51524,12.90603],[77.51531,12.90574],[77.51522,12.9052],[77.51504,12.9052],[77.51464,12.90535],[77.51423,12.90575]]]},"properties":{"osm_id":172671188,"name":null}},{"type":"Feature","geometry":{"type":"Polygon","coordinates":[[[77.49794,12.91149],[77.49817,12.91173],[77.4976,12.91184],[77.49733,12.91244],[77.49674,12.91263],[77.49658,12.91254],[77.49658,12.91178],[77.4967,12.91159],[77.49779,12.91119],[77.49794,12.91149]]]},"properties":{"osm_id":172671189,"name":null}},{"type":"Feature","geometry":{"type":"Polygon","coordinates":[[[77.48163,12.89376],[77.48332,12.89323],[77.48458,12.89304],[77.4852,12.89328],[77.48591,12.89326],[77.48617,12.89296],[77.48615,12.89225],[77.4859,12.89107],[77.4849,12.89124],[77.4831,12.89127],[77.4823,12.89177],[77.48197,12.89199],[77.48172,12.89253],[77.48143,12.89286],[77.48123,12.89321],[77.48128,12.89357],[77.48163,12.89376]]]},"properties":{"osm_id":172671192,"name":"Konasandra Lake"}},{"type":"Feature","geometry":{"type":"Polygon","coordinates":[[[77.58176,12.94628],[77.58243,12.9461],[77.58263,12.94584],[77.58271,12.94586],[77.58276,12.94574],[77.58298,12.94566],[77.58328,12.94579],[77.58346,12.94614],[77.58359,12.94617],[77.58365,12.94633],[77.58356,12.94647],[77.58338,12.94644],[77.58309,12.94599],[77.58289,12.94593],[77.58276,12.946],[77.58275,12.94613],[77.58287,12.94635],[77.58299,12.94642],[77.58296,12.94653],[77.58285,12.94655],[77.5827,12.94648],[77.58243,12.94621],[77.58186,12.94637],[77.58176,12.94646],[77.58185,12.94698],[77.58181,12.94735],[77.58176,12.94749],[77.58145,12.94782],[77.58138,12.94808],[77.58141,12.94825],[77.58148,12.94828],[77.58175,12.94824],[77.58209,12.94794],[77.58305,12.94737],[77.58384,12.94714],[77.58501,12.94722],[77.58544,12.94733],[77.58597,12.94764],[77.58622,12.94761],[77.58651,12.94733],[77.58647,12.94717],[77.58636,12.94713],[77.58631,12.9467],[77.58645,12.94659],[77.58646,12.94649],[77.58657,12.94655],[77.58663,12.94649],[77.58641,12.94619],[77.58606,12.94605],[77.5858,12.94632],[77.5857,12.94633],[77.58546,12.94651],[77.58536,12.94711],[77.58524,12.9471],[77.58522,12.94656],[77.58529,12.94603],[77.58501,12.94587],[77.5848,12.94585],[77.58476,12.94591],[77.58475,12.94653],[77.58484,12.94667],[77.585,12.94675],[77.58485,12.94673],[77.58468,12.9465],[77.58467,12.94619],[77.58448,12.94575],[77.58426,12.94548],[77.58391,12.94529],[77.58369,12.94501],[77.58351,12.94462],[77.58285,12.94405],[77.58224,12.94398],[77.58192,12.94425],[77.58188,12.94421],[77.58211,12.94398],[77.58132,12.94394],[77.58126,12.9441],[77.5814,12.94471],[77.5817,12.94444],[77.58176,12.94447],[77.58151,12.94473],[77.58149,12.94486],[77.58176,12.94628]]]},"properties":{"osm_id":172845847,"name":"Lalbagh Tank"}},{"type":"Feature","geometry":{"type":"Polygon","coordinates":[[[77.6563,12.98048],[77.65427,12.97966],[77.6541,12.97964],[77.65432,12.97892],[77.65447,12.97867],[77.65587,12.97832],[77.65705,12.97775],[77.65706,12.97799],[77.65613,12.97878],[77.65602,12.97903],[77.65623,12.97986],[77.6563,12.98048]]]},"properties":{"osm_id":172938152,"name":"Byrasandra Melina Kere"}},{"type":"Feature","geometry":{"type":"Polygon","coordinates":[[[77.6262,13.01624],[77.62744,13.01573],[77.62759,13.0166],[77.62703,13.01704],[77.6268,13.01749],[77.62674,13.01798],[77.6264,13.01807],[77.62664,13.01956],[77.62627,13.01969],[77.62602,13.01997],[77.62567,13.01969],[77.62498,13.01781],[77.62553,13.01744],[77.6256,13.01692],[77.62619,13.01653],[77.6262,13.01624]]]},"properties":{"osm_id":172954317,"name":"Kacharakanahalli Lake"}},{"type":"Feature","geometry":{"type":"Polygon","coordinates":[[[77.52492,12.91262],[77.52487,12.91154],[77.52561,12.91156],[77.52561,12.91209],[77.52492,12.91262]]]},"properties":{"osm_id":173051067,"name":null}},{"type":"Feature","geometry":{"type":"Polygon","coordinates":[[[77.5867,13.00099],[77.58625,13.00101],[77.58522,13.00163],[77.58515,13.00177],[77.58515,13.002],[77.5852,13.00219],[77.5855,13.00254],[77.58586,13.00273],[77.58633,13.0028],[77.58667,13.00297],[77.58679,13.0031],[77.58689,13.00338],[77.58706,13.00344],[77.58719,13.00327],[77.58721,13.00305],[77.58711,13.00283],[77.58712,13.00245],[77.58694,13.00237],[77.58701,13.00193],[77.5869,13.00168],[77.58667,13.00143],[77.5867,13.00099]]]},"properties":{"osm_id":175293916,"name":"Palace Grounds Lake"}},{"type":"Feature","geometry":{"type":"Polygon","coordinates":[[[77.66996,12.84195],[77.67115,12.84225],[77.67135,12.84195],[77.67144,12.84141],[77.67161,12.84093],[77.67225,12.83981],[77.67204,12.83961],[77.67158,12.8403],[77.67082,12.84069],[77.66944,12.84114],[77.66965,12.84193],[77.66996,12.84195]]]},"properties":{"osm_id":175396211,"name":"Virasandra"}},{"type":"Feature","geometry":{"type":"Polygon","coordinates":[[[77.72672,12.97335],[77.72685,12.97334],[77.72672,12.97309],[77.72682,12.973],[77.72682,12.97282],[77.72671,12.97292],[77.72654,12.97279],[77.72648,12.97294],[77.72657,12.9731],[77.72651,12.97315],[77.72672,12.97335]]]},"properties":{"osm_id":181283414,"name":null}},{"type":"Feature","geometry":{"type":"Polygon","coordinates":[[[77.65711,12.83729],[77.65706,12.83745],[77.65713,12.83753],[77.65701,12.83759],[77.65694,12.83743],[77.65711,12.83729]]]},"properties":{"osm_id":181986066,"name":null}},{"type":"Feature","geometry":{"type":"Polygon","coordinates":[[[77.63485,12.98298],[77.6349,12.98284],[77.63504,12.98276],[77.63557,12.98287],[77.63641,12.9829],[77.63716,12.9831],[77.63735,12.98375],[77.63737,12.98421],[77.63674,12.9844],[77.63624,12.98441],[77.6361,12.98485],[77.63591,12.98514],[77.63578,12.98508],[77.63561,12.98481],[77.63492,12.98427],[77.63476,12.98407],[77.63474,12.98388],[77.6349,12.98358],[77.63482,12.9833],[77.63491,12.98314],[77.63485,12.98298]]]},"properties":{"osm_id":182177278,"name":"Kadiranpalaya Kere"}},{"type":"Feature","geometry":{"type":"Polygon","coordinates":[[[77.56182,12.84793],[77.56138,12.84773],[77.5611,12.84784],[77.56001,12.84754],[77.55971,12.84764],[77.55954,12.84738],[77.55913,12.84736],[77.55897,12.84753],[77.5588,12.84844],[77.55846,12.84872],[77.55844,12.8488],[77.55862,12.84891],[77.55899,12.84874],[77.55941,12.84879],[77.56026,12.84838],[77.56077,12.84835],[77.56182,12.84793]]]},"properties":{"osm_id":183869113,"name":null}},{"type":"Feature","geometry":{"type":"Polygon","coordinates":[[[77.68054,13.03935],[77.68042,13.03932],[77.68041,13.03922],[77.68044,13.03896],[77.6805,13.03894],[77.68064,13.039],[77.68063,13.03928],[77.68054,13.03935]]]},"properties":{"osm_id":185473801,"name":null}},{"type":"Feature","geometry":{"type":"Polygon","coordinates":[[[77.75283,13.05593],[77.75268,13.05613],[77.75273,13.05665],[77.75282,13.05674],[77.75367,13.05649],[77.75454,13.05655],[77.75441,13.05632],[77.75403,13.05591],[77.75366,13.05516],[77.75376,13.05464],[77.75475,13.05261],[77.75473,13.05254],[77.75272,13.05271],[77.75278,13.05322],[77.75287,13.05337],[77.75339,13.05384],[77.75369,13.0543],[77.75344,13.05527],[77.75283,13.05593]]]},"properties":{"osm_id":185479477,"name":"Nimbekaipura Lake"}},{"type":"Feature","geometry":{"type":"Polygon","coordinates":[[[77.51803,13.0596],[77.51843,13.05925],[77.5191,13.05843],[77.51958,13.05803],[77.51967,13.05754],[77.51947,13.05723],[77.5191,13.05707],[77.51762,13.05765],[77.51645,13.05781],[77.51634,13.05787],[77.51636,13.05806],[77.51688,13.05807],[77.51742,13.05844],[77.51772,13.05881],[77.51803,13.0596]]]},"properties":{"osm_id":190584885,"name":"Mallasandra Lake"}},{"type":"Feature","geometry":{"type":"Polygon","coordinates":[[[77.76093,13.04858],[77.76077,13.04766],[77.76083,13.04755],[77.76267,13.0471],[77.76276,13.04734],[77.7628,13.04777],[77.76278,13.04914],[77.76271,13.04932],[77.76228,13.04908],[77.76171,13.04892],[77.76158,13.04866],[77.76093,13.04858]]]},"properties":{"osm_id":193671225,"name":"Katamanallur Lake"}},{"type":"Feature","geometry":{"type":"Polygon","coordinates":[[[77.57415,13.05483],[77.57446,13.05471],[77.5744,13.0546],[77.57414,13.05443],[77.57404,13.05456],[77.57415,13.05483]]]},"properties":{"osm_id":201253298,"name":null}},{"type":"Feature","geometry":{"type":"Polygon","coordinates":[[[77.62391,13.07901],[77.62391,13.07955],[77.62403,13.07983],[77.62434,13.08005],[77.6245,13.08],[77.62455,13.07985],[77.62447,13.07961],[77.62413,13.07913],[77.62391,13.07901]]]},"properties":{"osm_id":208958023,"name":null}},{"type":"Feature","geometry":{"type":"Polygon","coordinates":[[[77.63386,12.97074],[77.63402,12.97079],[77.6352,12.96642],[77.63578,12.9657],[77.63809,12.96324],[77.63803,12.96313],[77.63569,12.96564],[77.63504,12.96642],[77.63458,12.96826],[77.63386,12.97074]]]},"properties":{"osm_id":217565211,"name":null}},{"type":"Feature","geometry":{"type":"Polygon","coordinates":[[[77.64301,12.95848],[77.64282,12.9592],[77.64233,12.96041],[77.64232,12.96079],[77.64218,12.96125],[77.64205,12.96139],[77.64181,12.96147],[77.64175,12.96161],[77.64042,12.96158],[77.6401,12.96162],[77.63925,12.96188],[77.63872,12.96232],[77.63803,12.96313],[77.63809,12.96324],[77.63904,12.96216],[77.63928,12.96197],[77.64019,12.96171],[77.64066,12.96165],[77.64098,12.96168],[77.64152,12.96185],[77.64211,12.96178],[77.6423,12.96155],[77.64269,12.96066],[77.64266,12.96038],[77.64313,12.95851],[77.64381,12.95807],[77.64373,12.95793],[77.64314,12.95832],[77.64301,12.95848]]]},"properties":{"osm_id":217565213,"name":null}},{"type":"Feature","geometry":{"type":"Polygon","coordinates":[[[77.60463,12.85424],[77.60386,12.85413],[77.60352,12.85418],[77.60332,12.85539],[77.60327,12.85549],[77.60295,12.85556],[77.60267,12.85591],[77.60234,12.85613],[77.60222,12.85634],[77.602,12.85654],[77.602,12.8572],[77.60185,12.85741],[77.60186,12.8576],[77.60205,12.85761],[77.60218,12.8575],[77.60253,12.85634],[77.60259,12.85625],[77.60283,12.85616],[77.60341,12.85616],[77.60426,12.85637],[77.60457,12.85657],[77.60482,12.85697],[77.6049,12.85695],[77.60478,12.85615],[77.60483,12.85511],[77.60463,12.85424]]]},"properties":{"osm_id":227097881,"name":"Doddkammanahalli Lake"}},{"type":"Feature","geometry":{"type":"Polygon","coordinates":[[[77.49822,12.87337],[77.50007,12.87434],[77.50133,12.87529],[77.50119,12.87585],[77.501,12.87604],[77.50091,12.87672],[77.50076,12.8767],[77.49976,12.876],[77.49984,12.87558],[77.49908,12.8754],[77.49851,12.8751],[77.49786,12.87512],[77.49762,12.8752],[77.49737,12.87549],[77.49719,12.87539],[77.49742,12.87434],[77.49791,12.87354],[77.49806,12.87339],[77.49814,12.87346],[77.49822,12.87337]]]},"properties":{"osm_id":231286369,"name":null}},{"type":"Feature","geometry":{"type":"Polygon","coordinates":[[[77.65759,12.83736],[77.65762,12.8373],[77.65756,12.83724],[77.65759,12.83736]]]},"properties":{"osm_id":231337051,"name":null}},{"type":"Feature","geometry":{"type":"Polygon","coordinates":[[[77.66619,12.8493],[77.66617,12.84925],[77.66622,12.84926],[77.66619,12.8493]]]},"properties":{"osm_id":231567149,"name":null}},{"type":"Feature","geometry":{"type":"Polygon","coordinates":[[[77.66628,12.84974],[77.66629,12.84948],[77.66619,12.8493],[77.66618,12.84951],[77.66628,12.84974]]]},"properties":{"osm_id":231567152,"name":null}},{"type":"Feature","geometry":{"type":"Polygon","coordinates":[[[77.58996,12.94848],[77.5899,12.94843],[77.58995,12.94831],[77.59005,12.94836],[77.59002,12.94862],[77.58991,12.94857],[77.58996,12.94848]]]},"properties":{"osm_id":232207308,"name":null}},{"type":"Feature","geometry":{"type":"Polygon","coordinates":[[[77.5889,12.94818],[77.58894,12.94746],[77.589,12.9473],[77.58908,12.94728],[77.58918,12.94735],[77.58918,12.94795],[77.58905,12.94816],[77.5889,12.94818]]]},"properties":{"osm_id":232207309,"name":null}},{"type":"Feature","geometry":{"type":"Polygon","coordinates":[[[77.58542,12.94768],[77.58555,12.9477],[77.58569,12.94783],[77.5857,12.94803],[77.58553,12.94817],[77.5854,12.94815],[77.58536,12.9479],[77.58542,12.94768]]]},"properties":{"osm_id":232214450,"name":null}},{"type":"Feature","geometry":{"type":"Polygon","coordinates":[[[77.66641,12.99908],[77.66586,12.99915],[77.66538,12.99933],[77.66464,12.99991],[77.66442,13.00019],[77.66425,13.00057],[77.66416,13.00055],[77.66427,12.99907],[77.66422,12.99854],[77.66399,12.99795],[77.66411,12.9978],[77.66572,12.99869],[77.66677,12.99908],[77.66641,12.99908]]]},"properties":{"osm_id":232880644,"name":null}},{"type":"Feature","geometry":{"type":"Polygon","coordinates":[[[77.6645,12.91787],[77.66452,12.91804],[77.66458,12.91805],[77.66473,12.918],[77.66487,12.91782],[77.6655,12.9177],[77.66563,12.91773],[77.66569,12.91764],[77.66528,12.9165],[77.66503,12.91601],[77.66423,12.91612],[77.66444,12.91688],[77.6645,12.91787]]]},"properties":{"osm_id":232981265,"name":"Ambalipura Lower Lake"}},{"type":"Feature","geometry":{"type":"Polygon","coordinates":[[[77.75957,13.03907],[77.75956,13.03899],[77.75935,13.03902],[77.75913,13.03892],[77.75913,13.03898],[77.75927,13.03906],[77.75921,13.03931],[77.75938,13.03911],[77.75957,13.03907]]]},"properties":{"osm_id":235192544,"name":null}},{"type":"Feature","geometry":{"type":"Polygon","coordinates":[[[77.63618,12.89583],[77.63656,12.89664],[77.6367,12.89718],[77.63671,12.89766],[77.63692,12.89802],[77.63701,12.89772],[77.63721,12.89772],[77.63744,12.89723],[77.63873,12.89721],[77.63876,12.89676],[77.63857,12.89654],[77.63843,12.89549],[77.63807,12.89529],[77.63789,12.89471],[77.63694,12.89459],[77.63618,12.89583]]]},"properties":{"osm_id":239873610,"name":null}},{"type":"Feature","geometry":{"type":"Polygon","coordinates":[[[77.75683,13.01256],[77.75724,13.01223],[77.75767,13.01238],[77.75773,13.01255],[77.75765,13.01282],[77.75758,13.01287],[77.75754,13.01281],[77.75747,13.01286],[77.75743,13.01279],[77.75716,13.01294],[77.75694,13.01293],[77.75681,13.01283],[77.75683,13.01256]]]},"properties":{"osm_id":251483868,"name":null}},{"type":"Feature","geometry":{"type":"Polygon","coordinates":[[[77.75444,12.88724],[77.75407,12.88737],[77.75394,12.8876],[77.75394,12.88785],[77.75373,12.88814],[77.75355,12.88822],[77.75338,12.88842],[77.75326,12.88898],[77.75332,12.8908],[77.75346,12.89125],[77.75366,12.89134],[77.75419,12.89137],[77.75553,12.89112],[77.75568,12.89106],[77.75574,12.89095],[77.75569,12.8908],[77.75529,12.89046],[77.75509,12.89013],[77.75454,12.88886],[77.75436,12.88796],[77.75444,12.88724]]]},"properties":{"osm_id":251505668,"name":null}},{"type":"Feature","geometry":{"type":"Polygon","coordinates":[[[77.62855,12.84075],[77.6287,12.84072],[77.62865,12.84056],[77.62854,12.84058],[77.62855,12.84075]]]},"properties":{"osm_id":257454069,"name":"Kalyani"}},{"type":"Feature","geometry":{"type":"Polygon","coordinates":[[[77.66487,12.84853],[77.66502,12.84863],[77.66509,12.84883],[77.66517,12.84882],[77.66516,12.84865],[77.66523,12.84861],[77.66492,12.84828],[77.66484,12.84838],[77.66487,12.84853]]]},"properties":{"osm_id":257478111,"name":null}},{"type":"Feature","geometry":{"type":"Polygon","coordinates":[[[77.66529,12.85008],[77.66535,12.84976],[77.66549,12.84949],[77.66555,12.84971],[77.66552,12.84984],[77.66529,12.85008]]]},"properties":{"osm_id":257478112,"name":null}},{"type":"Feature","geometry":{"type":"Polygon","coordinates":[[[77.61431,12.86697],[77.61395,12.86701],[77.61307,12.8673],[77.61302,12.86723],[77.61305,12.86714],[77.61405,12.86634],[77.61419,12.866],[77.61449,12.86589],[77.6146,12.86594],[77.61471,12.86681],[77.61459,12.86699],[77.61431,12.86697]]]},"properties":{"osm_id":259175023,"name":"Yelenahalli Lake"}},{"type":"Feature","geometry":{"type":"Polygon","coordinates":[[[77.59094,12.88082],[77.59086,12.88037],[77.59171,12.88026],[77.59184,12.88101],[77.59094,12.88082]]]},"properties":{"osm_id":259175024,"name":null}},{"type":"Feature","geometry":{"type":"Polygon","coordinates":[[[77.6572,12.84889],[77.65717,12.84902],[77.6573,12.84903],[77.65731,12.8489],[77.6572,12.84889]]]},"properties":{"osm_id":264103051,"name":null}},{"type":"Feature","geometry":{"type":"Polygon","coordinates":[[[77.64731,12.89925],[77.64859,12.89934],[77.64886,12.89926],[77.64889,12.89906],[77.64882,12.8986],[77.64862,12.89793],[77.64742,12.89789],[77.64725,12.89907],[77.64731,12.89925]]]},"properties":{"osm_id":287327440,"name":"Somasundarapalya Lake"}},{"type":"Feature","geometry":{"type":"Polygon","coordinates":[[[77.52893,12.91562],[77.52911,12.91545],[77.52917,12.91532],[77.52913,12.91522],[77.52878,12.91473],[77.52836,12.91443],[77.52841,12.91521],[77.52853,12.91548],[77.52866,12.9157],[77.52893,12.91562]]]},"properties":{"osm_id":295768621,"name":"Bheemanakatte Lake"}},{"type":"Feature","geometry":{"type":"Polygon","coordinates":[[[77.5082,12.92698],[77.50843,12.92694],[77.50872,12.92676],[77.50893,12.92592],[77.50916,12.92534],[77.50906,12.9251],[77.5089,12.92494],[77.50836,12.92497],[77.50819,12.92531],[77.50819,12.92561],[77.50845,12.92621],[77.50841,12.92653],[77.50817,12.92665],[77.50805,12.92679],[77.50802,12.92692],[77.5082,12.92698]]]},"properties":{"osm_id":295768760,"name":"Kenchanahalli Lake"}},{"type":"Feature","geometry":{"type":"Polygon","coordinates":[[[77.48702,12.83506],[77.48725,12.83396],[77.48724,12.83315],[77.48743,12.83279],[77.48807,12.83282],[77.48849,12.83318],[77.48868,12.83392],[77.48912,12.8347],[77.48848,12.83475],[77.48702,12.83506]]]},"properties":{"osm_id":303580998,"name":null}},{"type":"Feature","geometry":{"type":"Polygon","coordinates":[[[77.62385,12.97856],[77.62385,12.97843],[77.62662,12.97863],[77.62793,12.97836],[77.63014,12.97707],[77.63185,12.97624],[77.63259,12.97509],[77.6329,12.97382],[77.63359,12.97174],[77.6338,12.97091],[77.63396,12.97096],[77.63302,12.97395],[77.63279,12.97503],[77.63259,12.97543],[77.63189,12.97635],[77.63165,12.97653],[77.63022,12.97718],[77.62862,12.97814],[77.628,12.97843],[77.6264,12.97874],[77.62385,12.97856]]]},"properties":{"osm_id":324206934,"name":null}},{"type":"Feature","geometry":{"type":"Polygon","coordinates":[[[77.62345,12.97852],[77.62236,12.97826],[77.62154,12.97788],[77.62125,12.97763],[77.62102,12.97726],[77.62089,12.97673],[77.62102,12.97671],[77.62115,12.97727],[77.62141,12.97765],[77.62234,12.97812],[77.62344,12.97839],[77.62345,12.97852]]]},"properties":{"osm_id":324206935,"name":null}},{"type":"Feature","geometry":{"type":"Polygon","coordinates":[[[77.61285,12.98271],[77.61499,12.98211],[77.61542,12.98172],[77.61573,12.98154],[77.61616,12.98094],[77.61784,12.98013],[77.61856,12.97905],[77.61953,12.97728],[77.62008,12.97611],[77.62022,12.97612],[77.62015,12.97721],[77.61995,12.97717],[77.62001,12.97657],[77.61916,12.97825],[77.61798,12.98029],[77.61624,12.98106],[77.61578,12.98163],[77.61547,12.98179],[77.61499,12.98225],[77.61292,12.98278],[77.61285,12.98271]]]},"properties":{"osm_id":324206936,"name":null}},{"type":"Feature","geometry":{"type":"Polygon","coordinates":[[[77.61981,12.98649],[77.61998,12.98679],[77.62027,12.98663],[77.62011,12.98633],[77.61981,12.98649]]]},"properties":{"osm_id":324216294,"name":"Immersion Tank"}},{"type":"Feature","geometry":{"type":"Polygon","coordinates":[[[77.71775,12.86018],[77.71759,12.86],[77.71733,12.85988],[77.71652,12.86016],[77.71578,12.86022],[77.71506,12.86011],[77.71342,12.85958],[77.71317,12.85926],[77.71289,12.85863],[77.71271,12.85852],[77.71265,12.85856],[77.71278,12.85876],[77.71283,12.85898],[77.7128,12.85997],[77.7126,12.86041],[77.7123,12.86079],[77.71219,12.86113],[77.71131,12.86237],[77.71113,12.86305],[77.71071,12.86408],[77.71034,12.86437],[77.71002,12.86676],[77.71013,12.86705],[77.71038,12.86725],[77.71067,12.86722],[77.71206,12.86643],[77.71219,12.8659],[77.7134,12.86557],[77.71404,12.86546],[77.71547,12.86554],[77.71601,12.86462],[77.71599,12.86411],[77.71585,12.86404],[77.71554,12.86414],[77.71536,12.86364],[77.7156,12.86372],[77.71587,12.86345],[77.71582,12.8634],[77.71524,12.86336],[77.71517,12.86333],[77.71517,12.86326],[77.71545,12.86332],[77.71595,12.86324],[77.71608,12.86304],[77.71635,12.86194],[77.71644,12.86187],[77.71678,12.86193],[77.71682,12.86144],[77.71731,12.86021],[77.7176,12.86015],[77.71775,12.86018]]]},"properties":{"osm_id":326284756,"name":"Huskur Lake"}},{"type":"Feature","geometry":{"type":"Polygon","coordinates":[[[77.73717,12.83652],[77.73701,12.83669],[77.737,12.83796],[77.73673,12.83965],[77.73677,12.84056],[77.73767,12.84132],[77.73776,12.84195],[77.73823,12.84348],[77.73851,12.84409],[77.73874,12.84426],[77.73912,12.84353],[77.73916,12.84302],[77.73902,12.84211],[77.73896,12.84108],[77.73948,12.83994],[77.74044,12.83836],[77.74077,12.83831],[77.74119,12.83794],[77.74191,12.83664],[77.74204,12.83626],[77.742,12.83552],[77.7421,12.83475],[77.74204,12.83467],[77.74187,12.8348],[77.74095,12.83577],[77.73969,12.83634],[77.73861,12.8365],[77.73717,12.83652]]]},"properties":{"osm_id":326284770,"name":null}},{"type":"Feature","geometry":{"type":"Polygon","coordinates":[[[77.63774,12.95],[77.638,12.95012],[77.63828,12.95015],[77.63843,12.94999],[77.63849,12.94952],[77.63814,12.9494],[77.63798,12.94945],[77.63767,12.94983],[77.63774,12.95]]]},"properties":{"osm_id":328435495,"name":null}},{"type":"Feature","geometry":{"type":"Polygon","coordinates":[[[77.64438,12.97616],[77.6444,12.97612],[77.64446,12.97616],[77.64438,12.97616]]]},"properties":{"osm_id":330031259,"name":null}},{"type":"Feature","geometry":{"type":"Polygon","coordinates":[[[77.65428,12.95055],[77.65421,12.95054],[77.65424,12.95048],[77.65517,12.95031],[77.6554,12.9502],[77.65563,12.94992],[77.65574,12.94997],[77.65548,12.95022],[77.65521,12.95037],[77.65428,12.95055]]]},"properties":{"osm_id":331515385,"name":null}},{"type":"Feature","geometry":{"type":"Polygon","coordinates":[[[77.64771,12.95419],[77.64755,12.95412],[77.64797,12.95327],[77.65035,12.95175],[77.65099,12.95173],[77.65199,12.952],[77.65248,12.95186],[77.65304,12.95146],[77.65354,12.95076],[77.6536,12.95057],[77.65368,12.95047],[77.6538,12.95047],[77.65368,12.95056],[77.65362,12.95078],[77.65306,12.95161],[77.65248,12.95201],[77.65199,12.95215],[77.65091,12.95184],[77.65042,12.95185],[77.64831,12.95317],[77.64808,12.9534],[77.64771,12.95419]]]},"properties":{"osm_id":331515387,"name":null}},{"type":"Feature","geometry":{"type":"Polygon","coordinates":[[[77.65142,12.9473],[77.65234,12.94659],[77.6534,12.94614],[77.65424,12.9461],[77.6555,12.94614],[77.65675,12.94571],[77.65727,12.94563],[77.65891,12.94573],[77.65912,12.94565],[77.65971,12.94489],[77.66009,12.94459],[77.66032,12.94445],[77.66052,12.94455],[77.6599,12.94498],[77.65981,12.94511],[77.65981,12.94528],[77.65902,12.94594],[77.65727,12.94582],[77.65699,12.94588],[77.65602,12.94725],[77.65587,12.94722],[77.65674,12.94595],[77.65603,12.94631],[77.65558,12.94637],[77.65409,12.9463],[77.65353,12.9464],[77.65284,12.94664],[77.65166,12.94741],[77.65077,12.94732],[77.65071,12.94768],[77.65065,12.94772],[77.65059,12.94766],[77.6498,12.94761],[77.64968,12.94766],[77.64939,12.94795],[77.64934,12.94808],[77.64963,12.94915],[77.65078,12.9505],[77.65089,12.95057],[77.65137,12.95064],[77.65269,12.95172],[77.65256,12.95181],[77.65242,12.95161],[77.6513,12.95071],[77.65087,12.95068],[77.65072,12.9506],[77.64954,12.94915],[77.64929,12.94846],[77.6493,12.94791],[77.64967,12.94757],[77.64987,12.94753],[77.6506,12.94759],[77.65071,12.94725],[77.65142,12.9473]]]},"properties":{"osm_id":331515388,"name":null}},{"type":"Feature","geometry":{"type":"Polygon","coordinates":[[[77.5892,12.94302],[77.58951,12.94294],[77.5896,12.94325],[77.58928,12.94333],[77.5892,12.94302]]]},"properties":{"osm_id":334577396,"name":null}},{"type":"Feature","geometry":{"type":"Polygon","coordinates":[[[77.65831,12.94206],[77.65814,12.9421],[77.65805,12.94225],[77.6581,12.94242],[77.65825,12.9425],[77.65842,12.94245],[77.6585,12.94231],[77.65846,12.94214],[77.65831,12.94206]]]},"properties":{"osm_id":347142928,"name":null}},{"type":"Feature","geometry":{"type":"Polygon","coordinates":[[[77.65797,12.94118],[77.65781,12.94117],[77.6577,12.94128],[77.6577,12.94144],[77.65781,12.94156],[77.65797,12.94156],[77.65809,12.94145],[77.65809,12.94129],[77.65797,12.94118]]]},"properties":{"osm_id":347142929,"name":null}},{"type":"Feature","geometry":{"type":"Polygon","coordinates":[[[77.658,12.93946],[77.65788,12.93946],[77.65779,12.93954],[77.65782,12.9397],[77.65792,12.93975],[77.65807,12.93966],[77.658,12.93946]]]},"properties":{"osm_id":347142940,"name":null}},{"type":"Feature","geometry":{"type":"Polygon","coordinates":[[[77.65663,12.94264],[77.65653,12.94266],[77.65647,12.94275],[77.65658,12.9429],[77.65668,12.94288],[77.65674,12.94279],[77.65663,12.94264]]]},"properties":{"osm_id":347167930,"name":null}},{"type":"Feature","geometry":{"type":"Polygon","coordinates":[[[77.65702,12.94264],[77.65692,12.94265],[77.65686,12.94273],[77.65695,12.94289],[77.65705,12.94288],[77.65711,12.9428],[77.6571,12.9427],[77.65702,12.94264]]]},"properties":{"osm_id":347167931,"name":null}},{"type":"Feature","geometry":{"type":"Polygon","coordinates":[[[77.65652,12.94219],[77.65638,12.9423],[77.65645,12.94243],[77.65655,12.94244],[77.65664,12.94233],[77.65652,12.94219]]]},"properties":{"osm_id":347167932,"name":null}},{"type":"Feature","geometry":{"type":"Polygon","coordinates":[[[77.6569,12.94218],[77.65677,12.94224],[77.65676,12.94234],[77.65693,12.94243],[77.65702,12.94227],[77.6569,12.94218]]]},"properties":{"osm_id":347167933,"name":null}},{"type":"Feature","geometry":{"type":"Polygon","coordinates":[[[77.65681,12.94202],[77.65673,12.94208],[77.65679,12.94216],[77.65688,12.9421],[77.65681,12.94202]]]},"properties":{"osm_id":347169525,"name":null}},{"type":"Feature","geometry":{"type":"Polygon","coordinates":[[[77.52223,12.93592],[77.52214,12.93601],[77.5222,12.9361],[77.52233,12.93604],[77.5223,12.93594],[77.52223,12.93592]]]},"properties":{"osm_id":347428334,"name":null}},{"type":"Feature","geometry":{"type":"Polygon","coordinates":[[[77.52039,12.93254],[77.5202,12.93262],[77.52011,12.93281],[77.5202,12.93301],[77.5204,12.93309],[77.5206,12.93301],[77.52068,12.93281],[77.52059,12.93262],[77.52039,12.93254]]]},"properties":{"osm_id":347428336,"name":null}},{"type":"Feature","geometry":{"type":"Polygon","coordinates":[[[77.52217,12.93561],[77.5221,12.93572],[77.52221,12.93579],[77.52228,12.93568],[77.52217,12.93561]]]},"properties":{"osm_id":347428337,"name":null}},{"type":"Feature","geometry":{"type":"Polygon","coordinates":[[[77.5214,12.93473],[77.52129,12.93479],[77.52125,12.9349],[77.5213,12.93501],[77.52141,12.93505],[77.52153,12.935],[77.52157,12.93489],[77.52152,12.93478],[77.5214,12.93473]]]},"properties":{"osm_id":347428338,"name":null}},{"type":"Feature","geometry":{"type":"Polygon","coordinates":[[[77.52054,12.93382],[77.52035,12.93391],[77.52029,12.9341],[77.52038,12.93428],[77.52058,12.93435],[77.52076,12.93426],[77.52083,12.93406],[77.52074,12.93388],[77.52054,12.93382]]]},"properties":{"osm_id":347428339,"name":null}},{"type":"Feature","geometry":{"type":"Polygon","coordinates":[[[77.51972,12.93227],[77.51952,12.93236],[77.51944,12.93255],[77.51953,12.93275],[77.51973,12.93282],[77.51993,12.93274],[77.52001,12.93254],[77.51992,12.93235],[77.51972,12.93227]]]},"properties":{"osm_id":347428340,"name":null}},{"type":"Feature","geometry":{"type":"Polygon","coordinates":[[[77.51911,12.93257],[77.51892,12.93268],[77.51887,12.93288],[77.51898,12.93307],[77.51919,12.93312],[77.51938,12.93301],[77.51943,12.9328],[77.51932,12.93262],[77.51911,12.93257]]]},"properties":{"osm_id":347428341,"name":null}},{"type":"Feature","geometry":{"type":"Polygon","coordinates":[[[77.52088,12.93305],[77.52073,12.93313],[77.52068,12.93328],[77.52075,12.93342],[77.52091,12.93348],[77.52106,12.9334],[77.52111,12.93325],[77.52104,12.93311],[77.52088,12.93305]]]},"properties":{"osm_id":347428343,"name":null}},{"type":"Feature","geometry":{"type":"Polygon","coordinates":[[[77.51961,12.93153],[77.51947,12.93168],[77.51949,12.93188],[77.51964,12.93201],[77.51985,12.932],[77.51998,12.93185],[77.51997,12.93165],[77.51981,12.93152],[77.51961,12.93153]]]},"properties":{"osm_id":347428344,"name":null}},{"type":"Feature","geometry":{"type":"Polygon","coordinates":[[[77.51963,12.9335],[77.51944,12.93359],[77.51937,12.93378],[77.51946,12.93397],[77.51966,12.93404],[77.51985,12.93395],[77.51993,12.93375],[77.51983,12.93357],[77.51963,12.9335]]]},"properties":{"osm_id":347428345,"name":null}},{"type":"Feature","geometry":{"type":"Polygon","coordinates":[[[77.52148,12.93537],[77.52139,12.93544],[77.52138,12.93556],[77.52146,12.93565],[77.52158,12.93566],[77.52167,12.93558],[77.52168,12.93546],[77.5216,12.93537],[77.52148,12.93537]]]},"properties":{"osm_id":347428346,"name":null}},{"type":"Feature","geometry":{"type":"Polygon","coordinates":[[[77.52123,12.93509],[77.52114,12.93517],[77.52112,12.93529],[77.52121,12.93539],[77.52133,12.9354],[77.52143,12.93532],[77.52144,12.93519],[77.52136,12.9351],[77.52123,12.93509]]]},"properties":{"osm_id":347428347,"name":null}},{"type":"Feature","geometry":{"type":"Polygon","coordinates":[[[77.51905,12.93183],[77.51888,12.93194],[77.51883,12.93213],[77.51895,12.9323],[77.51915,12.93234],[77.51932,12.93223],[77.51936,12.93204],[77.51925,12.93187],[77.51905,12.93183]]]},"properties":{"osm_id":347428348,"name":null}},{"type":"Feature","geometry":{"type":"Polygon","coordinates":[[[77.52102,12.93239],[77.52088,12.93253],[77.52088,12.93271],[77.52101,12.93285],[77.52121,12.93285],[77.52135,12.93272],[77.52135,12.93253],[77.52122,12.9324],[77.52102,12.93239]]]},"properties":{"osm_id":347428349,"name":null}},{"type":"Feature","geometry":{"type":"Polygon","coordinates":[[[77.51987,12.93407],[77.51967,12.93412],[77.51957,12.9343],[77.51963,12.93449],[77.5198,12.93458],[77.52,12.93453],[77.5201,12.93436],[77.52004,12.93417],[77.51987,12.93407]]]},"properties":{"osm_id":347428350,"name":null}},{"type":"Feature","geometry":{"type":"Polygon","coordinates":[[[77.52054,12.93335],[77.52037,12.93334],[77.52025,12.93345],[77.52024,12.93361],[77.52035,12.93373],[77.52052,12.93374],[77.52064,12.93363],[77.52065,12.93347],[77.52054,12.93335]]]},"properties":{"osm_id":347428351,"name":null}},{"type":"Feature","geometry":{"type":"Polygon","coordinates":[[[77.49429,12.91826],[77.49413,12.9183],[77.49408,12.9184],[77.4942,12.91858],[77.49432,12.91857],[77.49442,12.91845],[77.49441,12.91835],[77.49429,12.91826]]]},"properties":{"osm_id":348099344,"name":null}},{"type":"Feature","geometry":{"type":"Polygon","coordinates":[[[77.49399,12.91863],[77.49391,12.91871],[77.494,12.91879],[77.49407,12.9187],[77.49399,12.91863]]]},"properties":{"osm_id":348099370,"name":null}},{"type":"Feature","geometry":{"type":"Polygon","coordinates":[[[77.49381,12.91819],[77.49371,12.91827],[77.49371,12.9184],[77.4938,12.91849],[77.49392,12.9185],[77.49402,12.91841],[77.49402,12.91829],[77.49394,12.91819],[77.49381,12.91819]]]},"properties":{"osm_id":348099373,"name":null}},{"type":"Feature","geometry":{"type":"Polygon","coordinates":[[[77.49366,12.91847],[77.49346,12.91854],[77.49344,12.91866],[77.49355,12.91879],[77.49372,12.91877],[77.49378,12.91868],[77.49378,12.91857],[77.49366,12.91847]]]},"properties":{"osm_id":348102530,"name":null}},{"type":"Feature","geometry":{"type":"Polygon","coordinates":[[[77.65952,12.93903],[77.65938,12.939],[77.65926,12.93908],[77.65923,12.93923],[77.65932,12.93934],[77.65946,12.93937],[77.65958,12.93928],[77.65961,12.93914],[77.65952,12.93903]]]},"properties":{"osm_id":348139480,"name":null}},{"type":"Feature","geometry":{"type":"Polygon","coordinates":[[[77.65944,12.94022],[77.65931,12.94019],[77.65919,12.94026],[77.65916,12.94039],[77.65923,12.9405],[77.65937,12.94053],[77.65948,12.94046],[77.65951,12.94033],[77.65944,12.94022]]]},"properties":{"osm_id":348139483,"name":null}},{"type":"Feature","geometry":{"type":"Polygon","coordinates":[[[77.65948,12.93941],[77.65932,12.93941],[77.65921,12.93952],[77.65922,12.93967],[77.65933,12.93978],[77.65948,12.93978],[77.65959,12.93967],[77.65959,12.93952],[77.65948,12.93941]]]},"properties":{"osm_id":348139486,"name":null}},{"type":"Feature","geometry":{"type":"Polygon","coordinates":[[[77.6594,12.94067],[77.65927,12.94064],[77.65916,12.94071],[77.65916,12.9409],[77.65927,12.94097],[77.6594,12.94094],[77.65947,12.94084],[77.6594,12.94067]]]},"properties":{"osm_id":348139501,"name":null}},{"type":"Feature","geometry":{"type":"Polygon","coordinates":[[[77.62481,12.85752],[77.62474,12.8571],[77.62452,12.85696],[77.62368,12.85712],[77.6228,12.85674],[77.62195,12.8568],[77.6217,12.85689],[77.62146,12.8573],[77.62149,12.8578],[77.6217,12.85858],[77.62196,12.85855],[77.62213,12.8584],[77.62241,12.85838],[77.62255,12.85845],[77.62282,12.85925],[77.62303,12.85961],[77.6231,12.8596],[77.62327,12.85925],[77.6238,12.85899],[77.62435,12.85857],[77.62459,12.85829],[77.6251,12.85794],[77.62549,12.85788],[77.62588,12.85802],[77.62603,12.85817],[77.62611,12.85815],[77.62602,12.85782],[77.62556,12.85763],[77.62481,12.85752]]]},"properties":{"osm_id":350094187,"name":null}},{"type":"Feature","geometry":{"type":"Polygon","coordinates":[[[77.64279,12.92893],[77.6424,12.9291],[77.64209,12.92911],[77.64192,12.92932],[77.64073,12.92909],[77.63865,12.93018],[77.63823,12.93015],[77.6373,12.92922],[77.63695,12.9286],[77.63687,12.92855],[77.63654,12.92848],[77.63558,12.92896],[77.63543,12.92907],[77.63524,12.92941],[77.63387,12.93063],[77.63334,12.93116],[77.63325,12.93142],[77.63001,12.93459],[77.62986,12.93487],[77.6297,12.93552],[77.62941,12.93628],[77.62867,12.93772],[77.62851,12.93844],[77.62864,12.93848],[77.62885,12.9376],[77.62963,12.93593],[77.63016,12.93457],[77.63338,12.9314],[77.63339,12.93123],[77.63529,12.9295],[77.63566,12.92902],[77.63656,12.9286],[77.6368,12.9286],[77.6372,12.9293],[77.63787,12.93011],[77.63824,12.93031],[77.63859,12.93035],[77.63882,12.93029],[77.6406,12.92932],[77.64072,12.92929],[77.64198,12.92953],[77.64283,12.92914],[77.64279,12.92893]]]},"properties":{"osm_id":350096397,"name":"K100"}},{"type":"Feature","geometry":{"type":"Polygon","coordinates":[[[77.67745,12.9207],[77.6783,12.92041],[77.67898,12.92035],[77.68058,12.91991],[77.68091,12.91987],[77.68217,12.91995],[77.68227,12.91989],[77.6826,12.91952],[77.68216,12.91799],[77.68178,12.91741],[77.68172,12.91662],[77.68084,12.91604],[77.6795,12.91596],[77.67938,12.91633],[77.67942,12.91659],[77.67958,12.91686],[77.67963,12.91725],[77.67851,12.91837],[77.67857,12.91894],[77.6779,12.91896],[77.67782,12.91958],[77.67736,12.92032],[77.67729,12.92053],[77.67745,12.9207]]]},"properties":{"osm_id":350098022,"name":"Saul Kere"}},{"type":"Feature","geometry":{"type":"Polygon","coordinates":[[[77.66161,12.87777],[77.65994,12.87799],[77.66033,12.87964],[77.66035,12.88063],[77.66052,12.88048],[77.66059,12.87997],[77.66143,12.87942],[77.66224,12.87919],[77.66238,12.87928],[77.66257,12.8797],[77.66265,12.87973],[77.66276,12.87965],[77.66254,12.87917],[77.66212,12.87869],[77.66191,12.87836],[77.66166,12.87776],[77.66161,12.87777]]]},"properties":{"osm_id":350153647,"name":"Parappana Agrahara Lake"}},{"type":"Feature","geometry":{"type":"Polygon","coordinates":[[[77.64187,13.04215],[77.64136,13.04225],[77.6409,13.04243],[77.64027,13.04272],[77.63938,13.04324],[77.63881,13.04333],[77.63787,13.04331],[77.63735,13.04316],[77.63709,13.04302],[77.63679,13.04274],[77.63645,13.0421],[77.6361,13.04174],[77.63462,13.04098],[77.63294,13.04049],[77.63061,13.04018],[77.62921,13.04015],[77.62929,13.04],[77.62998,13.03989],[77.63099,13.04009],[77.63255,13.04026],[77.63372,13.04047],[77.63537,13.04098],[77.63626,13.04154],[77.63707,13.04244],[77.63722,13.04275],[77.63809,13.04296],[77.63907,13.04307],[77.6417,13.04172],[77.64187,13.04215]]]},"properties":{"osm_id":350176527,"name":null}},{"type":"Feature","geometry":{"type":"Polygon","coordinates":[[[77.60208,12.84917],[77.60226,12.84929],[77.60238,12.84928],[77.60279,12.84906],[77.60321,12.84899],[77.60421,12.84911],[77.60403,12.84851],[77.60371,12.84826],[77.60265,12.84842],[77.60243,12.84897],[77.60228,12.84914],[77.60211,12.84912],[77.60208,12.84917]]]},"properties":{"osm_id":350349745,"name":null}},{"type":"Feature","geometry":{"type":"Polygon","coordinates":[[[77.65781,13.07724],[77.65812,13.07754],[77.65832,13.07751],[77.65846,13.07719],[77.65794,13.07615],[77.65779,13.07607],[77.65753,13.07613],[77.65781,13.07724]]]},"properties":{"osm_id":360994260,"name":null}},{"type":"Feature","geometry":{"type":"Polygon","coordinates":[[[77.62584,13.03336],[77.62572,13.0334],[77.62612,13.03686],[77.62605,13.0377],[77.62615,13.03764],[77.62623,13.03679],[77.62584,13.03336]]]},"properties":{"osm_id":363453287,"name":null}},{"type":"Feature","geometry":{"type":"Polygon","coordinates":[[[77.59293,12.97157],[77.59342,12.97202],[77.59322,12.97201],[77.59287,12.97173],[77.59284,12.97166],[77.59293,12.97157]]]},"properties":{"osm_id":366192439,"name":null}},{"type":"Feature","geometry":{"type":"Polygon","coordinates":[[[77.6805,12.93325],[77.68107,12.93303],[77.6812,12.93288],[77.68131,12.93207],[77.68126,12.93165],[77.68115,12.93139],[77.68074,12.93092],[77.68073,12.93083],[77.68105,12.93028],[77.68096,12.93026],[77.68061,12.93087],[77.67865,12.93055],[77.67861,12.93069],[77.67876,12.93074],[77.67958,12.931],[77.68063,12.93119],[77.68105,12.93159],[77.68116,12.93191],[77.68102,12.93282],[77.68035,12.93315],[77.67987,12.93382],[77.67988,12.93426],[77.68,12.93424],[77.68012,12.93376],[77.68026,12.9335],[77.6805,12.93325]]]},"properties":{"osm_id":367594183,"name":null}},{"type":"Feature","geometry":{"type":"Polygon","coordinates":[[[77.63068,13.01089],[77.63077,13.01086],[77.63069,13.01077],[77.63063,13.01083],[77.63068,13.01089]]]},"properties":{"osm_id":370527607,"name":null}},{"type":"Feature","geometry":{"type":"Polygon","coordinates":[[[77.56876,12.98626],[77.56892,12.9862],[77.5689,12.98612],[77.5687,12.98606],[77.56859,12.98525],[77.5683,12.98513],[77.56796,12.9851],[77.56723,12.98523],[77.56665,12.98521],[77.56538,12.98485],[77.56351,12.98417],[77.56335,12.98386],[77.56319,12.98311],[77.563,12.98268],[77.56276,12.98239],[77.56262,12.9824],[77.56304,12.98304],[77.56332,12.98413],[77.56352,12.98434],[77.56663,12.98529],[77.56798,12.98525],[77.56837,12.98529],[77.56851,12.9855],[77.56868,12.98638],[77.5688,12.98657],[77.56971,12.9871],[77.56977,12.9865],[77.56973,12.98598],[77.56988,12.98584],[77.56989,12.9859],[77.57028,12.9858],[77.57026,12.98566],[77.56993,12.98568],[77.56955,12.98585],[77.56961,12.98596],[77.56966,12.98595],[77.56968,12.98615],[77.56971,12.98697],[77.56963,12.98701],[77.56891,12.98657],[77.56876,12.98626]]]},"properties":{"osm_id":373570583,"name":null}},{"type":"Feature","geometry":{"type":"Polygon","coordinates":[[[77.54674,12.96721],[77.54635,12.96709],[77.54638,12.96702],[77.54659,12.96694],[77.5491,12.96795],[77.54978,12.96841],[77.55064,12.9695],[77.5509,12.96965],[77.55142,12.96981],[77.55161,12.96996],[77.55308,12.97157],[77.55383,12.97342],[77.55395,12.97398],[77.55437,12.97487],[77.55466,12.97571],[77.55531,12.97715],[77.5555,12.97745],[77.55694,12.9783],[77.55741,12.97832],[77.5581,12.97881],[77.55875,12.97881],[77.55905,12.97893],[77.55924,12.97947],[77.55926,12.97985],[77.55965,12.98006],[77.56058,12.98028],[77.56082,12.98047],[77.56098,12.98076],[77.56121,12.98174],[77.56137,12.98189],[77.56182,12.98181],[77.56206,12.98165],[77.56204,12.98193],[77.56169,12.98199],[77.56166,12.98251],[77.56155,12.98252],[77.5616,12.98204],[77.56128,12.98196],[77.56115,12.98177],[77.56093,12.981],[77.56073,12.98063],[77.56054,12.98041],[77.5593,12.98012],[77.55915,12.9799],[77.55907,12.97918],[77.55895,12.97906],[77.55883,12.97897],[77.55816,12.97897],[77.55731,12.97863],[77.55656,12.97827],[77.55538,12.97754],[77.55433,12.97546],[77.55396,12.97452],[77.55354,12.97296],[77.553,12.97167],[77.55152,12.97004],[77.55137,12.96994],[77.55045,12.96965],[77.55023,12.96945],[77.54959,12.96849],[77.54936,12.96828],[77.54674,12.96721]]]},"properties":{"osm_id":373571856,"name":null}},{"type":"Feature","geometry":{"type":"Polygon","coordinates":[[[77.57152,12.98906],[77.57143,12.9891],[77.57132,12.98893],[77.57068,12.9885],[77.57054,12.9883],[77.57046,12.98636],[77.57026,12.98566],[77.57044,12.98569],[77.57038,12.98571],[77.5706,12.98648],[77.57068,12.98832],[77.57073,12.98844],[77.57152,12.98906]]]},"properties":{"osm_id":373571857,"name":null}},{"type":"Feature","geometry":{"type":"Polygon","coordinates":[[[77.5689,12.98612],[77.56955,12.98585],[77.56961,12.98596],[77.56892,12.9862],[77.5689,12.98612]]]},"properties":{"osm_id":373571858,"name":null}},{"type":"Feature","geometry":{"type":"Polygon","coordinates":[[[77.51872,12.93404],[77.51855,12.93414],[77.51851,12.93434],[77.51862,12.93451],[77.51882,12.93455],[77.51899,12.93444],[77.51903,12.93425],[77.51892,12.93408],[77.51872,12.93404]]]},"properties":{"osm_id":378470114,"name":null}},{"type":"Feature","geometry":{"type":"Polygon","coordinates":[[[77.5185,12.93214],[77.51833,12.93225],[77.51828,12.93245],[77.5184,12.93262],[77.5186,12.93266],[77.51877,12.93255],[77.51881,12.93235],[77.5187,12.93219],[77.5185,12.93214]]]},"properties":{"osm_id":378470115,"name":null}},{"type":"Feature","geometry":{"type":"Polygon","coordinates":[[[77.51872,12.93469],[77.51855,12.9348],[77.51851,12.935],[77.51862,12.93517],[77.51882,12.93521],[77.51899,12.9351],[77.51903,12.9349],[77.51892,12.93474],[77.51872,12.93469]]]},"properties":{"osm_id":378470116,"name":null}},{"type":"Feature","geometry":{"type":"Polygon","coordinates":[[[77.51875,12.93535],[77.51858,12.93546],[77.51854,12.93566],[77.51865,12.93582],[77.51885,12.93587],[77.51902,12.93576],[77.51906,12.93556],[77.51895,12.93539],[77.51875,12.93535]]]},"properties":{"osm_id":378470117,"name":null}},{"type":"Feature","geometry":{"type":"Polygon","coordinates":[[[77.51868,12.93337],[77.51851,12.93348],[77.51847,12.93368],[77.51858,12.93385],[77.51878,12.93389],[77.51895,12.93378],[77.51899,12.93358],[77.51888,12.93342],[77.51868,12.93337]]]},"properties":{"osm_id":378470118,"name":null}},{"type":"Feature","geometry":{"type":"Polygon","coordinates":[[[77.52272,12.9358],[77.52284,12.93526],[77.52325,12.93535],[77.52314,12.93588],[77.52272,12.9358]]]},"properties":{"osm_id":378470119,"name":null}},{"type":"Feature","geometry":{"type":"Polygon","coordinates":[[[77.62057,12.99144],[77.62042,12.99143],[77.62021,12.99159],[77.62011,12.99206],[77.62012,12.99242],[77.62061,12.99225],[77.62066,12.99194],[77.62063,12.99153],[77.62057,12.99144]]]},"properties":{"osm_id":385518305,"name":null}},{"type":"Feature","geometry":{"type":"Polygon","coordinates":[[[77.62199,12.99044],[77.62182,12.99045],[77.62162,12.99067],[77.62156,12.99089],[77.62162,12.99114],[77.62195,12.99119],[77.62243,12.99101],[77.62244,12.99066],[77.6223,12.99053],[77.62199,12.99044]]]},"properties":{"osm_id":385518306,"name":null}},{"type":"Feature","geometry":{"type":"Polygon","coordinates":[[[77.62016,12.99139],[77.61979,12.99134],[77.61974,12.99141],[77.61937,12.99236],[77.61936,12.9926],[77.61976,12.99256],[77.61979,12.9925],[77.61961,12.99232],[77.61967,12.99222],[77.61988,12.99226],[77.61987,12.99251],[77.61998,12.99253],[77.62016,12.99139]]]},"properties":{"osm_id":385518307,"name":null}},{"type":"Feature","geometry":{"type":"Polygon","coordinates":[[[77.49064,12.91832],[77.49039,12.91858],[77.49028,12.91859],[77.4899,12.91843],[77.48931,12.91845],[77.48893,12.9181],[77.48872,12.91772],[77.48861,12.91766],[77.48804,12.91764],[77.48751,12.91743],[77.48725,12.91714],[77.48679,12.91712],[77.48665,12.91694],[77.4858,12.91416],[77.48554,12.91371],[77.48555,12.9136],[77.48565,12.91354],[77.48577,12.91356],[77.48596,12.9137],[77.48763,12.9156],[77.4879,12.91581],[77.48962,12.91677],[77.49034,12.91748],[77.49068,12.91793],[77.49074,12.91812],[77.49064,12.91832]]]},"properties":{"osm_id":395505152,"name":"Kengeri Lake"}},{"type":"Feature","geometry":{"type":"Polygon","coordinates":[[[77.47346,12.9931],[77.47338,12.99309],[77.47332,12.99289],[77.47332,12.99268],[77.47343,12.9924],[77.47352,12.99242],[77.47369,12.993],[77.47367,12.99307],[77.47346,12.9931]]]},"properties":{"osm_id":400541828,"name":null}},{"type":"Feature","geometry":{"type":"Polygon","coordinates":[[[77.46171,13.01761],[77.46112,13.01748],[77.46097,13.0173],[77.45989,13.01705],[77.45977,13.01695],[77.45969,13.01698],[77.45964,13.01689],[77.4599,13.01673],[77.46071,13.01657],[77.46104,13.01643],[77.46148,13.01611],[77.46189,13.01571],[77.46214,13.0153],[77.46259,13.01535],[77.46259,13.01554],[77.46237,13.01621],[77.46255,13.01626],[77.4626,13.01637],[77.46256,13.01709],[77.46261,13.01753],[77.46248,13.01759],[77.46171,13.01761]]]},"properties":{"osm_id":401706558,"name":null}},{"type":"Feature","geometry":{"type":"Polygon","coordinates":[[[77.4662,12.98266],[77.46638,12.98287],[77.46636,12.98305],[77.46622,12.98334],[77.4661,12.98335],[77.46576,12.98318],[77.46561,12.98303],[77.46559,12.98291],[77.46594,12.98266],[77.46608,12.98222],[77.4662,12.98266]]]},"properties":{"osm_id":402023995,"name":"Acchegowdana Katte"}},{"type":"Feature","geometry":{"type":"Polygon","coordinates":[[[77.5679,12.89135],[77.56814,12.89226],[77.56859,12.89241],[77.56868,12.89239],[77.56874,12.89184],[77.56905,12.89059],[77.56902,12.89048],[77.56876,12.89036],[77.56838,12.89038],[77.56834,12.89055],[77.56826,12.89062],[77.5679,12.89068],[77.5679,12.89135]]]},"properties":{"osm_id":403081764,"name":"Konanakunte Lake"}},{"type":"Feature","geometry":{"type":"Polygon","coordinates":[[[77.58799,12.98953],[77.58799,12.98967],[77.5882,12.98967],[77.58821,12.98954],[77.58799,12.98953]]]},"properties":{"osm_id":403476601,"name":null}},{"type":"Feature","geometry":{"type":"Polygon","coordinates":[[[77.69671,12.94775],[77.69664,12.94786],[77.69668,12.94799],[77.69679,12.94805],[77.69692,12.94802],[77.69699,12.94791],[77.69695,12.94778],[77.69684,12.94772],[77.69671,12.94775]]]},"properties":{"osm_id":405432908,"name":null}},{"type":"Feature","geometry":{"type":"Polygon","coordinates":[[[77.69727,12.94772],[77.6972,12.94783],[77.69723,12.94796],[77.69735,12.94802],[77.69748,12.94799],[77.69754,12.94788],[77.69751,12.94775],[77.69739,12.94769],[77.69727,12.94772]]]},"properties":{"osm_id":405432910,"name":null}},{"type":"Feature","geometry":{"type":"Polygon","coordinates":[[[77.69728,12.94811],[77.69722,12.94822],[77.69725,12.94834],[77.69737,12.94841],[77.6975,12.94838],[77.69756,12.94826],[77.69753,12.94814],[77.69741,12.94807],[77.69728,12.94811]]]},"properties":{"osm_id":405432911,"name":null}},{"type":"Feature","geometry":{"type":"Polygon","coordinates":[[[77.69673,12.94813],[77.69666,12.94824],[77.6967,12.94837],[77.69681,12.94843],[77.69694,12.9484],[77.69701,12.94829],[77.69697,12.94816],[77.69686,12.9481],[77.69673,12.94813]]]},"properties":{"osm_id":405432912,"name":null}},{"type":"Feature","geometry":{"type":"Polygon","coordinates":[[[77.69713,12.94763],[77.69755,12.94761],[77.69751,12.94659],[77.69708,12.94661],[77.69713,12.94763]]]},"properties":{"osm_id":405432913,"name":null}},{"type":"Feature","geometry":{"type":"Polygon","coordinates":[[[77.69665,12.94765],[77.69708,12.94763],[77.69703,12.94661],[77.6966,12.94663],[77.69665,12.94765]]]},"properties":{"osm_id":405432914,"name":null}},{"type":"Feature","geometry":{"type":"Polygon","coordinates":[[[77.5831,12.96072],[77.58313,12.96076],[77.58141,12.96201],[77.58067,12.96249],[77.58062,12.96245],[77.5831,12.96072]]]},"properties":{"osm_id":408869068,"name":"K100"}},{"type":"Feature","geometry":{"type":"Polygon","coordinates":[[[77.58668,12.95915],[77.58674,12.95922],[77.58541,12.95952],[77.58426,12.96],[77.58391,12.96023],[77.58387,12.96017],[77.58413,12.95999],[77.58527,12.95947],[77.58668,12.95915]]]},"properties":{"osm_id":408869069,"name":"K100"}},{"type":"Feature","geometry":{"type":"Polygon","coordinates":[[[77.592,12.95668],[77.59156,12.95758],[77.59128,12.95781],[77.58744,12.95898],[77.58742,12.95891],[77.59137,12.95766],[77.59149,12.95754],[77.59189,12.95676],[77.59205,12.95614],[77.59235,12.95588],[77.59239,12.95595],[77.59213,12.95618],[77.592,12.95668]]]},"properties":{"osm_id":408869070,"name":"K100"}},{"type":"Feature","geometry":{"type":"Polygon","coordinates":[[[77.60325,12.95026],[77.60332,12.9505],[77.60048,12.94974],[77.6003,12.94979],[77.5945,12.95429],[77.59444,12.95423],[77.60026,12.94969],[77.60062,12.94968],[77.6023,12.95012],[77.60325,12.95026]]]},"properties":{"osm_id":408869071,"name":"K100"}},{"type":"Feature","geometry":{"type":"Polygon","coordinates":[[[77.58387,12.96017],[77.58391,12.96023],[77.58365,12.96044],[77.58313,12.96076],[77.5831,12.96072],[77.58387,12.96017]]]},"properties":{"osm_id":408869072,"name":"K100"}},{"type":"Feature","geometry":{"type":"Polygon","coordinates":[[[77.62128,12.95151],[77.62134,12.95165],[77.61997,12.95218],[77.61972,12.95224],[77.6187,12.95222],[77.61849,12.95214],[77.61824,12.95194],[77.61758,12.95088],[77.61741,12.95075],[77.61523,12.951],[77.61491,12.95082],[77.61264,12.95007],[77.61128,12.94982],[77.61121,12.94974],[77.61115,12.94938],[77.61011,12.94944],[77.60897,12.94967],[77.60637,12.95007],[77.6055,12.95011],[77.60361,12.95044],[77.60357,12.9502],[77.60386,12.9502],[77.60571,12.94989],[77.60598,12.94992],[77.60896,12.94953],[77.6107,12.94926],[77.61106,12.94928],[77.61128,12.94934],[77.61135,12.94973],[77.61206,12.94983],[77.61534,12.95077],[77.6175,12.95058],[77.61767,12.95069],[77.61836,12.95187],[77.61868,12.95209],[77.61976,12.9521],[77.62128,12.95151]]]},"properties":{"osm_id":408869074,"name":"K100"}},{"type":"Feature","geometry":{"type":"Polygon","coordinates":[[[77.62851,12.93844],[77.62864,12.93848],[77.62854,12.93883],[77.62843,12.93898],[77.62819,12.93907],[77.62792,12.9393],[77.62748,12.94026],[77.62703,12.9408],[77.62697,12.9414],[77.62687,12.94151],[77.62626,12.94175],[77.62621,12.94184],[77.62607,12.94443],[77.62566,12.945],[77.62542,12.94523],[77.62405,12.94597],[77.62397,12.94609],[77.62404,12.94671],[77.6238,12.94733],[77.62305,12.94798],[77.62254,12.94868],[77.62194,12.94931],[77.62147,12.94955],[77.62155,12.95],[77.62177,12.95028],[77.62207,12.95046],[77.62207,12.95077],[77.62196,12.95107],[77.6219,12.95104],[77.622,12.95054],[77.62171,12.95035],[77.62148,12.95006],[77.62138,12.9495],[77.62187,12.94927],[77.62282,12.94806],[77.62368,12.94733],[77.62394,12.94657],[77.62388,12.94629],[77.62398,12.94588],[77.62538,12.94512],[77.626,12.94435],[77.62596,12.94315],[77.62608,12.94183],[77.62603,12.94172],[77.62625,12.94168],[77.62688,12.94134],[77.62695,12.94078],[77.62757,12.93988],[77.62779,12.93925],[77.62834,12.93887],[77.62851,12.93844]]]},"properties":{"osm_id":408869075,"name":"K100"}},{"type":"Feature","geometry":{"type":"Polygon","coordinates":[[[77.61166,12.98442],[77.61166,12.98448],[77.61067,12.9846],[77.61048,12.98478],[77.61043,12.98475],[77.61064,12.98453],[77.61166,12.98442]]]},"properties":{"osm_id":411050617,"name":null}},{"type":"Feature","geometry":{"type":"Polygon","coordinates":[[[77.6128,12.98291],[77.61238,12.98422],[77.61219,12.98442],[77.61184,12.98446],[77.61183,12.98439],[77.61214,12.98435],[77.61232,12.98416],[77.61273,12.98284],[77.6128,12.98291]]]},"properties":{"osm_id":411050619,"name":null}},{"type":"Feature","geometry":{"type":"Polygon","coordinates":[[[77.60836,12.98635],[77.60839,12.98639],[77.6083,12.98648],[77.60813,12.98656],[77.60718,12.98681],[77.60716,12.98674],[77.60795,12.98656],[77.60836,12.98635]]]},"properties":{"osm_id":411050622,"name":null}},{"type":"Feature","geometry":{"type":"Polygon","coordinates":[[[77.61038,12.98485],[77.61044,12.98489],[77.61023,12.98533],[77.61002,12.98554],[77.60957,12.98571],[77.60918,12.98577],[77.60916,12.9857],[77.60972,12.9856],[77.61016,12.98535],[77.61038,12.98485]]]},"properties":{"osm_id":411050623,"name":null}},{"type":"Feature","geometry":{"type":"Polygon","coordinates":[[[77.60881,12.98601],[77.60873,12.98608],[77.60871,12.98602],[77.6088,12.98594],[77.60881,12.98601]]]},"properties":{"osm_id":411050624,"name":null}},{"type":"Feature","geometry":{"type":"Polygon","coordinates":[[[77.61273,12.98284],[77.61285,12.98271],[77.61292,12.98278],[77.6128,12.98291],[77.61273,12.98284]]]},"properties":{"osm_id":411050625,"name":null}},{"type":"Feature","geometry":{"type":"Polygon","coordinates":[[[77.60871,12.98602],[77.60836,12.98635],[77.60839,12.98639],[77.60873,12.98608],[77.60871,12.98602]]]},"properties":{"osm_id":411050626,"name":null}},{"type":"Feature","geometry":{"type":"Polygon","coordinates":[[[77.61166,12.98442],[77.61183,12.98439],[77.61184,12.98446],[77.61166,12.98448],[77.61166,12.98442]]]},"properties":{"osm_id":411050627,"name":null}},{"type":"Feature","geometry":{"type":"Polygon","coordinates":[[[77.60916,12.9857],[77.60905,12.98574],[77.60907,12.98581],[77.60918,12.98577],[77.60916,12.9857]]]},"properties":{"osm_id":411050628,"name":null}},{"type":"Feature","geometry":{"type":"Polygon","coordinates":[[[77.61043,12.98475],[77.61038,12.98485],[77.61044,12.98489],[77.61048,12.98478],[77.61043,12.98475]]]},"properties":{"osm_id":411050629,"name":null}},{"type":"Feature","geometry":{"type":"Polygon","coordinates":[[[77.60905,12.98574],[77.60907,12.98581],[77.60881,12.98601],[77.6088,12.98594],[77.60905,12.98574]]]},"properties":{"osm_id":411050630,"name":null}},{"type":"Feature","geometry":{"type":"Polygon","coordinates":[[[77.61501,12.998],[77.61552,12.99787],[77.61617,12.99819],[77.61654,12.99822],[77.61656,12.99829],[77.6163,12.99828],[77.61562,12.99796],[77.61523,12.99797],[77.61507,12.99807],[77.61501,12.998]]]},"properties":{"osm_id":411052119,"name":null}},{"type":"Feature","geometry":{"type":"Polygon","coordinates":[[[77.61666,12.99828],[77.6169,12.99821],[77.61696,12.99811],[77.61706,12.99685],[77.61687,12.99628],[77.61686,12.99594],[77.61678,12.99589],[77.61678,12.99626],[77.61696,12.99686],[77.61695,12.99714],[77.61686,12.99803],[77.61664,12.99819],[77.61666,12.99828]]]},"properties":{"osm_id":411052120,"name":null}},{"type":"Feature","geometry":{"type":"Polygon","coordinates":[[[77.61159,13.00076],[77.61151,13.00067],[77.61202,13.00053],[77.61224,13.0004],[77.61265,12.99997],[77.61272,12.99962],[77.61303,12.99934],[77.6131,12.9994],[77.61285,12.9996],[77.61268,13.00007],[77.61236,13.00046],[77.61159,13.00076]]]},"properties":{"osm_id":411052121,"name":null}},{"type":"Feature","geometry":{"type":"Polygon","coordinates":[[[77.61654,12.99822],[77.61656,12.99829],[77.61666,12.99828],[77.61664,12.99819],[77.61654,12.99822]]]},"properties":{"osm_id":411052122,"name":null}},{"type":"Feature","geometry":{"type":"Polygon","coordinates":[[[77.61498,12.99813],[77.61507,12.99807],[77.61501,12.998],[77.61491,12.99804],[77.61498,12.99813]]]},"properties":{"osm_id":411052124,"name":null}},{"type":"Feature","geometry":{"type":"Polygon","coordinates":[[[77.61303,12.99934],[77.61315,12.99926],[77.61321,12.99931],[77.6131,12.9994],[77.61303,12.99934]]]},"properties":{"osm_id":411052125,"name":null}},{"type":"Feature","geometry":{"type":"Polygon","coordinates":[[[77.61315,12.99926],[77.61321,12.99931],[77.6133,12.99926],[77.61498,12.99813],[77.61491,12.99804],[77.61459,12.99823],[77.61315,12.99926]]]},"properties":{"osm_id":411052126,"name":null}},{"type":"Feature","geometry":{"type":"Polygon","coordinates":[[[77.61856,12.95218],[77.6187,12.95222],[77.6179,12.95279],[77.6178,12.95299],[77.61776,12.95355],[77.61764,12.95359],[77.61766,12.9531],[77.61779,12.95273],[77.61856,12.95218]]]},"properties":{"osm_id":411057596,"name":null}},{"type":"Feature","geometry":{"type":"Polygon","coordinates":[[[77.72581,13.08245],[77.7258,13.08268],[77.72655,13.08272],[77.72656,13.08249],[77.72581,13.08245]]]},"properties":{"osm_id":412922538,"name":"Leachate Pond"}},{"type":"Feature","geometry":{"type":"Polygon","coordinates":[[[77.71539,13.09063],[77.7179,13.09078],[77.71808,13.08885],[77.71794,13.08865],[77.71769,13.08864],[77.7174,13.08789],[77.71608,13.0879],[77.71607,13.0885],[77.7153,13.08863],[77.71524,13.08945],[77.71537,13.08998],[77.71539,13.09063]]]},"properties":{"osm_id":412922546,"name":null}},{"type":"Feature","geometry":{"type":"Polygon","coordinates":[[[77.72208,13.07105],[77.72202,13.07109],[77.72195,13.07184],[77.72175,13.07278],[77.72228,13.07327],[77.72323,13.07383],[77.72404,13.07406],[77.72471,13.07402],[77.72481,13.07313],[77.72476,13.07249],[77.72458,13.07157],[77.72459,13.07087],[77.72466,13.07051],[77.72447,13.07048],[77.72441,13.071],[77.7243,13.07119],[77.72408,13.07127],[77.72275,13.07119],[77.72208,13.07105]]]},"properties":{"osm_id":412922548,"name":null}},{"type":"Feature","geometry":{"type":"Polygon","coordinates":[[[77.63242,12.83286],[77.63245,12.83302],[77.6324,12.83311],[77.63169,12.83324],[77.63146,12.83339],[77.63089,12.83437],[77.63008,12.83447],[77.62971,12.83329],[77.62956,12.83228],[77.62959,12.83188],[77.63043,12.83162],[77.63081,12.83122],[77.63105,12.83086],[77.6314,12.83088],[77.63147,12.83154],[77.63166,12.83203],[77.63242,12.83286]]]},"properties":{"osm_id":412929449,"name":"Bingipura Lake"}},{"type":"Feature","geometry":{"type":"Polygon","coordinates":[[[77.59074,12.83046],[77.5913,12.83035],[77.59189,12.83014],[77.59204,12.83002],[77.59211,12.83007],[77.5917,12.83128],[77.5916,12.83132],[77.59157,12.83149],[77.59118,12.83151],[77.59101,12.83089],[77.59074,12.83046]]]},"properties":{"osm_id":413020104,"name":null}},{"type":"Feature","geometry":{"type":"Polygon","coordinates":[[[77.53955,13.0859],[77.5394,13.08655],[77.53902,13.08668],[77.53896,13.08664],[77.53871,13.0864],[77.53781,13.08506],[77.53771,13.08475],[77.53774,13.08464],[77.53854,13.08437],[77.53867,13.08438],[77.53915,13.08478],[77.5395,13.08545],[77.53955,13.0859]]]},"properties":{"osm_id":413529791,"name":"Singapura Kere"}},{"type":"Feature","geometry":{"type":"Polygon","coordinates":[[[77.62619,12.93294],[77.62607,12.93368],[77.62599,12.93373],[77.62584,12.9335],[77.62523,12.93152],[77.62557,12.93145],[77.62646,12.93157],[77.62731,12.93137],[77.62688,12.93181],[77.62662,12.93198],[77.62619,12.93294]]]},"properties":{"osm_id":427568008,"name":null}},{"type":"Feature","geometry":{"type":"Polygon","coordinates":[[[77.64556,12.9507],[77.64557,12.95076],[77.64581,12.9507],[77.64591,12.95079],[77.64594,12.95097],[77.64585,12.95119],[77.64565,12.95122],[77.64563,12.95127],[77.64579,12.95139],[77.64588,12.95157],[77.64602,12.9516],[77.64614,12.9514],[77.64631,12.9513],[77.64687,12.95067],[77.64705,12.95066],[77.64712,12.95059],[77.64677,12.9502],[77.64669,12.95044],[77.64628,12.95089],[77.64631,12.95105],[77.64622,12.95106],[77.64607,12.95087],[77.64623,12.95068],[77.64617,12.95058],[77.64579,12.95058],[77.64556,12.9507]]]},"properties":{"osm_id":431601653,"name":null}},{"type":"Feature","geometry":{"type":"Polygon","coordinates":[[[77.64747,12.95323],[77.64731,12.95335],[77.64731,12.95351],[77.64739,12.95363],[77.64746,12.95359],[77.64752,12.95338],[77.64753,12.95326],[77.64747,12.95323]]]},"properties":{"osm_id":431601654,"name":null}},{"type":"Feature","geometry":{"type":"Polygon","coordinates":[[[77.64565,12.9559],[77.64586,12.95542],[77.64583,12.9557],[77.64565,12.9559]]]},"properties":{"osm_id":431601656,"name":null}},{"type":"Feature","geometry":{"type":"Polygon","coordinates":[[[77.64823,12.94901],[77.64803,12.94906],[77.64811,12.94925],[77.64835,12.94919],[77.64834,12.94904],[77.64823,12.94901]]]},"properties":{"osm_id":431601657,"name":null}},{"type":"Feature","geometry":{"type":"Polygon","coordinates":[[[77.64671,12.95436],[77.64651,12.95466],[77.64649,12.95475],[77.64656,12.9548],[77.64665,12.95475],[77.64677,12.95451],[77.64678,12.95436],[77.64671,12.95436]]]},"properties":{"osm_id":431601658,"name":null}},{"type":"Feature","geometry":{"type":"Polygon","coordinates":[[[77.64863,12.94993],[77.64858,12.95007],[77.64873,12.9502],[77.64896,12.95022],[77.64896,12.95008],[77.64863,12.94993]]]},"properties":{"osm_id":431601659,"name":null}},{"type":"Feature","geometry":{"type":"Polygon","coordinates":[[[77.64758,12.95274],[77.6475,12.9529],[77.64733,12.95299],[77.64726,12.95295],[77.64726,12.95287],[77.64753,12.95257],[77.6476,12.95257],[77.64758,12.95274]]]},"properties":{"osm_id":431601660,"name":null}},{"type":"Feature","geometry":{"type":"Polygon","coordinates":[[[77.64929,12.95023],[77.6492,12.95025],[77.64919,12.95036],[77.64947,12.9506],[77.6495,12.9505],[77.64929,12.95023]]]},"properties":{"osm_id":431601661,"name":null}},{"type":"Feature","geometry":{"type":"Polygon","coordinates":[[[77.64457,12.95475],[77.64476,12.9548],[77.64481,12.95495],[77.64478,12.95526],[77.6449,12.95551],[77.64485,12.95575],[77.64492,12.9559],[77.6448,12.95596],[77.64472,12.95592],[77.6446,12.95565],[77.64463,12.95529],[77.64449,12.95491],[77.64457,12.95475]]]},"properties":{"osm_id":431601662,"name":null}},{"type":"Feature","geometry":{"type":"Polygon","coordinates":[[[77.64583,12.95189],[77.64566,12.95199],[77.64579,12.95232],[77.64569,12.95274],[77.64572,12.95282],[77.64594,12.95285],[77.646,12.95275],[77.64595,12.95263],[77.64598,12.95235],[77.64583,12.95189]]]},"properties":{"osm_id":431601663,"name":null}},{"type":"Feature","geometry":{"type":"Polygon","coordinates":[[[77.64825,12.94971],[77.64804,12.95021],[77.64778,12.95041],[77.64778,12.95057],[77.64786,12.95068],[77.64794,12.9507],[77.64818,12.95056],[77.64838,12.9499],[77.64855,12.9499],[77.64852,12.94957],[77.64862,12.94926],[77.64851,12.94914],[77.64842,12.94921],[77.64842,12.94949],[77.64825,12.94971]]]},"properties":{"osm_id":431601664,"name":null}},{"type":"Feature","geometry":{"type":"Polygon","coordinates":[[[77.64691,12.94935],[77.64673,12.94941],[77.64682,12.94962],[77.6468,12.9498],[77.64686,12.94984],[77.64695,12.94978],[77.64706,12.94952],[77.64728,12.94935],[77.64749,12.94896],[77.64795,12.94895],[77.64792,12.94883],[77.64803,12.94859],[77.648,12.94846],[77.64791,12.94865],[77.6476,12.94864],[77.64719,12.94902],[77.64707,12.94932],[77.64691,12.94935]]]},"properties":{"osm_id":431601665,"name":null}},{"type":"Feature","geometry":{"type":"Polygon","coordinates":[[[77.64889,12.95068],[77.64862,12.9508],[77.64856,12.95093],[77.64866,12.95105],[77.64849,12.95102],[77.64837,12.95138],[77.64838,12.95146],[77.64852,12.95158],[77.64867,12.95161],[77.64872,12.95175],[77.64883,12.95179],[77.64893,12.95173],[77.64893,12.95156],[77.64923,12.95136],[77.64934,12.9508],[77.64916,12.95046],[77.64907,12.95047],[77.64899,12.95065],[77.64889,12.95068]]]},"properties":{"osm_id":431601666,"name":null}},{"type":"Feature","geometry":{"type":"Polygon","coordinates":[[[77.58412,12.9885],[77.58429,12.98836],[77.58441,12.98866],[77.58425,12.98866],[77.58412,12.9885]]]},"properties":{"osm_id":437657911,"name":null}},{"type":"Feature","geometry":{"type":"Polygon","coordinates":[[[77.67607,12.9141],[77.6761,12.91418],[77.67602,12.91421],[77.67598,12.91413],[77.67607,12.9141]]]},"properties":{"osm_id":450307520,"name":"Kalyani"}},{"type":"Feature","geometry":{"type":"Polygon","coordinates":[[[77.69268,12.94463],[77.69212,12.94415],[77.69189,12.9435],[77.69059,12.94258],[77.69045,12.94217],[77.69029,12.94205],[77.69013,12.94206],[77.68901,12.94129],[77.68813,12.9411],[77.68815,12.9409],[77.68884,12.94098],[77.69014,12.94197],[77.69034,12.94199],[77.69055,12.94217],[77.69067,12.94256],[77.69133,12.94297],[77.69197,12.94347],[77.69223,12.94416],[77.69273,12.94456],[77.69268,12.94463]]]},"properties":{"osm_id":450584253,"name":null}},{"type":"Feature","geometry":{"type":"Polygon","coordinates":[[[77.70479,12.94279],[77.70478,12.94318],[77.70463,12.94339],[77.70387,12.94363],[77.70382,12.94458],[77.70374,12.9448],[77.70333,12.94525],[77.70287,12.94545],[77.70167,12.94546],[77.70048,12.94579],[77.70047,12.94573],[77.69923,12.94581],[77.69812,12.94619],[77.69669,12.94571],[77.69639,12.94567],[77.69549,12.94607],[77.69515,12.94602],[77.69485,12.94584],[77.69465,12.94553],[77.69346,12.94512],[77.69268,12.94463],[77.69273,12.94456],[77.69341,12.94497],[77.69492,12.94546],[77.69505,12.94559],[77.69512,12.94578],[77.69532,12.94587],[77.69561,12.94588],[77.69618,12.94558],[77.69658,12.94546],[77.69726,12.94566],[77.6976,12.94588],[77.69798,12.94596],[77.69861,12.94578],[77.70066,12.94563],[77.7011,12.94529],[77.70205,12.94529],[77.70265,12.94536],[77.70293,12.94531],[77.70323,12.94511],[77.70333,12.94493],[77.70357,12.94473],[77.70371,12.94448],[77.70375,12.94359],[77.70456,12.94326],[77.70465,12.94305],[77.70467,12.94277],[77.70461,12.9426],[77.70499,12.94234],[77.70515,12.94195],[77.7054,12.94183],[77.70636,12.94199],[77.70654,12.94188],[77.7064,12.94223],[77.70608,12.9422],[77.70542,12.94199],[77.70528,12.94207],[77.70499,12.94256],[77.70479,12.9426],[77.70479,12.94279]]]},"properties":{"osm_id":450584259,"name":null}},{"type":"Feature","geometry":{"type":"Polygon","coordinates":[[[77.51012,13.08959],[77.51017,13.08951],[77.51035,13.08952],[77.51058,13.08981],[77.51114,13.0902],[77.51136,13.09018],[77.51177,13.09051],[77.51271,13.09152],[77.51277,13.09204],[77.51307,13.09288],[77.51323,13.09386],[77.51192,13.09423],[77.51139,13.09326],[77.51106,13.09294],[77.51037,13.09269],[77.50956,13.09277],[77.50973,13.09219],[77.51009,13.09017],[77.51012,13.08959]]]},"properties":{"osm_id":457633317,"name":"Ganigarahalli Lake"}},{"type":"Feature","geometry":{"type":"Polygon","coordinates":[[[77.65359,12.95904],[77.65357,12.95897],[77.65369,12.95894],[77.65371,12.95901],[77.65359,12.95904]]]},"properties":{"osm_id":468620532,"name":"Small Pool"}},{"type":"Feature","geometry":{"type":"Polygon","coordinates":[[[77.52428,12.84486],[77.52434,12.84497],[77.52409,12.84554],[77.52414,12.84584],[77.52433,12.846],[77.52446,12.84625],[77.52447,12.84641],[77.5244,12.84662],[77.52427,12.84667],[77.52413,12.84663],[77.52376,12.84621],[77.52339,12.84602],[77.5232,12.84574],[77.5228,12.8446],[77.52311,12.8437],[77.5233,12.84345],[77.52339,12.84358],[77.52361,12.84366],[77.52409,12.84466],[77.52428,12.84486]]]},"properties":{"osm_id":469279276,"name":"Kuppareddi Kere"}},{"type":"Feature","geometry":{"type":"Polygon","coordinates":[[[77.70336,12.94965],[77.70326,12.94942],[77.70334,12.94938],[77.70344,12.9495],[77.70339,12.94952],[77.70344,12.94962],[77.70336,12.94965]]]},"properties":{"osm_id":469419561,"name":null}},{"type":"Feature","geometry":{"type":"Polygon","coordinates":[[[77.55416,13.07683],[77.55411,13.07662],[77.55415,13.0765],[77.55431,13.07641],[77.55463,13.07638],[77.55467,13.07612],[77.55455,13.07599],[77.55442,13.07595],[77.55427,13.07605],[77.55422,13.07634],[77.55407,13.0764],[77.55375,13.0762],[77.55478,13.07534],[77.55539,13.07619],[77.55567,13.07629],[77.55564,13.0764],[77.55416,13.07683]]]},"properties":{"osm_id":469890675,"name":"Vidyaranyapura Kere"}},{"type":"Feature","geometry":{"type":"Polygon","coordinates":[[[77.57097,13.02151],[77.5708,13.0215],[77.57059,13.02135],[77.57059,13.02098],[77.57077,13.02093],[77.57091,13.0211],[77.57097,13.02122],[77.57097,13.02151]]]},"properties":{"osm_id":471198008,"name":"Centenary Pond"}},{"type":"Feature","geometry":{"type":"Polygon","coordinates":[[[77.49834,13.05984],[77.49848,13.05991],[77.50004,13.05933],[77.50036,13.05914],[77.50038,13.05882],[77.50029,13.0584],[77.50017,13.05831],[77.49978,13.05825],[77.49941,13.05795],[77.49931,13.05777],[77.49906,13.0576],[77.49884,13.05766],[77.4989,13.05826],[77.49885,13.05876],[77.49842,13.05951],[77.49834,13.05984]]]},"properties":{"osm_id":472975375,"name":"Bagalagunte Lake"}},{"type":"Feature","geometry":{"type":"Polygon","coordinates":[[[77.70085,12.89046],[77.7018,12.89102],[77.70224,12.89141],[77.70273,12.89248],[77.70297,12.89289],[77.70306,12.89283],[77.70273,12.89203],[77.70277,12.89187],[77.70294,12.89188],[77.70309,12.89147],[77.70311,12.89115],[77.70361,12.89029],[77.70376,12.89022],[77.70368,12.89],[77.70388,12.88969],[77.70379,12.88956],[77.703,12.88929],[77.70278,12.88938],[77.70138,12.88951],[77.70057,12.89022],[77.70058,12.89035],[77.70085,12.89046]]]},"properties":{"osm_id":477154739,"name":"Hadosiddapura Lake"}},{"type":"Feature","geometry":{"type":"Polygon","coordinates":[[[77.68453,12.99667],[77.68405,12.99709],[77.68358,12.99686],[77.68391,12.99638],[77.68407,12.99647],[77.68455,12.99643],[77.6846,12.99655],[77.68453,12.99667]]]},"properties":{"osm_id":477222112,"name":"Narayanapura Kere"}},{"type":"Feature","geometry":{"type":"Polygon","coordinates":[[[77.61753,12.95486],[77.6174,12.95568],[77.61699,12.95654],[77.61674,12.95727],[77.61642,12.9609],[77.61623,12.96188],[77.61547,12.96354],[77.61449,12.96476],[77.61446,12.96495],[77.61555,12.9635],[77.61631,12.96187],[77.61652,12.96094],[77.61684,12.95726],[77.61718,12.95638],[77.61746,12.95588],[77.61763,12.95487],[77.61753,12.95486]]]},"properties":{"osm_id":487959501,"name":null}},{"type":"Feature","geometry":{"type":"Polygon","coordinates":[[[77.60391,12.93342],[77.60433,12.9333],[77.60442,12.93351],[77.60462,12.93352],[77.60459,12.93321],[77.6041,12.93318],[77.60385,12.93331],[77.60391,12.93342]]]},"properties":{"osm_id":514073930,"name":null}},{"type":"Feature","geometry":{"type":"Polygon","coordinates":[[[77.57021,13.09702],[77.57019,13.0969],[77.57025,13.0969],[77.57028,13.09676],[77.57022,13.09662],[77.57015,13.09662],[77.57015,13.09648],[77.57045,13.09651],[77.57047,13.09666],[77.57021,13.09702]]]},"properties":{"osm_id":515235445,"name":null}},{"type":"Feature","geometry":{"type":"Polygon","coordinates":[[[77.5597,12.91553],[77.56044,12.91553],[77.56018,12.9151],[77.56001,12.91513],[77.55973,12.91501],[77.5597,12.91553]]]},"properties":{"osm_id":525507452,"name":"Ground"}},{"type":"Feature","geometry":{"type":"Polygon","coordinates":[[[77.63129,12.93567],[77.63124,12.93557],[77.63135,12.93551],[77.6314,12.93562],[77.63129,12.93567]]]},"properties":{"osm_id":545354286,"name":"Halcyon Swimming Pool"}},{"type":"Feature","geometry":{"type":"Polygon","coordinates":[[[77.5497,12.89331],[77.54974,12.89325],[77.54988,12.89331],[77.55003,12.89325],[77.54982,12.89278],[77.5495,12.89289],[77.5497,12.89331]]]},"properties":{"osm_id":554224272,"name":"ISKCON Temple Pond"}},{"type":"Feature","geometry":{"type":"Polygon","coordinates":[[[77.66746,12.84999],[77.66736,12.84975],[77.66754,12.84987],[77.66746,12.84999]]]},"properties":{"osm_id":556663323,"name":null}},{"type":"Feature","geometry":{"type":"Polygon","coordinates":[[[77.66738,12.84971],[77.66757,12.84983],[77.66765,12.84972],[77.66756,12.84967],[77.66738,12.84971]]]},"properties":{"osm_id":556663324,"name":null}},{"type":"Feature","geometry":{"type":"Polygon","coordinates":[[[77.66136,12.86644],[77.6611,12.8663],[77.66049,12.86516],[77.66071,12.86428],[77.66067,12.86417],[77.66054,12.86416],[77.66041,12.86429],[77.65988,12.86552],[77.65991,12.86691],[77.66001,12.86698],[77.66138,12.86664],[77.66146,12.86654],[77.66136,12.86644]]]},"properties":{"osm_id":560719107,"name":null}},{"type":"Feature","geometry":{"type":"Polygon","coordinates":[[[77.67127,12.85899],[77.67227,12.85822],[77.67222,12.85785],[77.67234,12.85773],[77.67251,12.85769],[77.67269,12.85744],[77.67331,12.8571],[77.67323,12.85685],[77.67329,12.85673],[77.67347,12.85662],[77.67346,12.85646],[77.6733,12.85624],[77.67277,12.85621],[77.67252,12.85605],[77.67233,12.85614],[77.67226,12.85632],[77.67162,12.85651],[77.67153,12.85663],[77.67072,12.85669],[77.67041,12.85685],[77.671,12.85814],[77.67127,12.85899]]]},"properties":{"osm_id":560721005,"name":"Komapana Agrahara Lake"}},{"type":"Feature","geometry":{"type":"Polygon","coordinates":[[[77.7445,13.06672],[77.74581,13.06793],[77.74685,13.06574],[77.7445,13.06672]]]},"properties":{"osm_id":579281807,"name":"Prestige Tranquility Lake"}},{"type":"Feature","geometry":{"type":"Polygon","coordinates":[[[77.56865,13.07388],[77.56864,13.07381],[77.56876,13.0738],[77.56879,13.07387],[77.56865,13.07388]]]},"properties":{"osm_id":594573482,"name":"Water Tank"}},{"type":"Feature","geometry":{"type":"Polygon","coordinates":[[[77.4978,13.04365],[77.49788,13.04338],[77.49793,13.04232],[77.49562,13.04189],[77.4947,13.04155],[77.49432,13.04083],[77.49425,13.04199],[77.49393,13.04235],[77.49353,13.043],[77.49333,13.04383],[77.49283,13.0446],[77.4932,13.04485],[77.49374,13.0438],[77.4948,13.04411],[77.49596,13.04431],[77.49768,13.04386],[77.4978,13.04365]]]},"properties":{"osm_id":597564903,"name":"Doddabidirakallu Kere"}},{"type":"Feature","geometry":{"type":"Polygon","coordinates":[[[77.64408,12.94889],[77.64413,12.94902],[77.64427,12.94896],[77.64421,12.94884],[77.64408,12.94889]]]},"properties":{"osm_id":611102294,"name":null}},{"type":"Feature","geometry":{"type":"Polygon","coordinates":[[[77.67279,12.84765],[77.67303,12.84787],[77.67423,12.84833],[77.67453,12.84762],[77.67301,12.84701],[77.67279,12.84765]]]},"properties":{"osm_id":627418163,"name":null}},{"type":"Feature","geometry":{"type":"Polygon","coordinates":[[[77.76917,12.92938],[77.76985,12.93001],[77.77011,12.92982],[77.77159,12.93173],[77.77157,12.93219],[77.77132,12.93234],[77.77129,12.93259],[77.77146,12.9328],[77.77168,12.93285],[77.77184,12.93271],[77.77232,12.93125],[77.77284,12.93082],[77.77377,12.93042],[77.7742,12.93016],[77.77427,12.92992],[77.77412,12.92962],[77.77284,12.92856],[77.77241,12.92854],[77.77147,12.92873],[77.76917,12.92938]]]},"properties":{"osm_id":666261980,"name":null}},{"type":"Feature","geometry":{"type":"Polygon","coordinates":[[[77.75942,12.91081],[77.75885,12.90912],[77.75904,12.90861],[77.75962,12.9085],[77.76058,12.90815],[77.76117,12.91001],[77.7616,12.91032],[77.76158,12.91051],[77.75984,12.91067],[77.75942,12.91081]]]},"properties":{"osm_id":666480244,"name":null}},{"type":"Feature","geometry":{"type":"Polygon","coordinates":[[[77.57044,13.09574],[77.57052,13.09573],[77.57053,13.09631],[77.57048,13.09644],[77.5704,13.09644],[77.57044,13.09574]]]},"properties":{"osm_id":669515509,"name":null}},{"type":"Feature","geometry":{"type":"Polygon","coordinates":[[[77.63984,12.92328],[77.63989,12.92325],[77.63894,12.92128],[77.63859,12.91988],[77.63841,12.91623],[77.63876,12.91629],[77.63879,12.91647],[77.63859,12.91674],[77.63855,12.91694],[77.63874,12.91991],[77.63916,12.92139],[77.64016,12.92344],[77.64003,12.92355],[77.63995,12.92352],[77.63984,12.92328]]]},"properties":{"osm_id":673542929,"name":null}},{"type":"Feature","geometry":{"type":"Polygon","coordinates":[[[77.57459,13.0052],[77.57472,13.00525],[77.5748,13.00507],[77.57467,13.00502],[77.57459,13.0052]]]},"properties":{"osm_id":673580191,"name":null}},{"type":"Feature","geometry":{"type":"Polygon","coordinates":[[[77.61489,12.94808],[77.61532,12.94798],[77.61521,12.94758],[77.61477,12.94768],[77.61489,12.94808]]]},"properties":{"osm_id":673627533,"name":null}},{"type":"Feature","geometry":{"type":"Polygon","coordinates":[[[77.59203,12.9707],[77.5925,12.97118],[77.5924,12.97136],[77.59181,12.971],[77.59181,12.97067],[77.59191,12.97061],[77.59203,12.9707]]]},"properties":{"osm_id":673640256,"name":"Karagada Kunte"}},{"type":"Feature","geometry":{"type":"Polygon","coordinates":[[[77.62333,12.96962],[77.6236,12.96923],[77.62335,12.96892],[77.62343,12.96864],[77.62311,12.96846],[77.62251,12.96853],[77.62197,12.96924],[77.62254,12.96956],[77.62288,12.96941],[77.62333,12.96962]]]},"properties":{"osm_id":673791606,"name":null}},{"type":"Feature","geometry":{"type":"Polygon","coordinates":[[[77.63854,12.99705],[77.63909,12.99694],[77.64013,12.99688],[77.6402,12.99697],[77.64028,12.99824],[77.64015,12.99849],[77.63981,12.9987],[77.63963,12.99874],[77.63875,12.99826],[77.63836,12.99729],[77.63854,12.99705]]]},"properties":{"osm_id":673852352,"name":null}},{"type":"Feature","geometry":{"type":"Polygon","coordinates":[[[77.64081,12.94159],[77.64077,12.94129],[77.64089,12.94095],[77.64173,12.94085],[77.64149,12.94114],[77.64124,12.94118],[77.64108,12.94133],[77.641,12.94175],[77.64091,12.94175],[77.64081,12.94159]]]},"properties":{"osm_id":673948811,"name":null}},{"type":"Feature","geometry":{"type":"Polygon","coordinates":[[[77.5773,13.05845],[77.57736,13.05888],[77.57761,13.05896],[77.57782,13.0589],[77.57769,13.05837],[77.57757,13.05829],[77.5773,13.05845]]]},"properties":{"osm_id":674699442,"name":null}},{"type":"Feature","geometry":{"type":"Polygon","coordinates":[[[77.67656,13.00803],[77.67666,13.00811],[77.67711,13.009],[77.67681,13.01018],[77.67665,13.01018],[77.6766,13.01011],[77.6761,13.00879],[77.67608,13.00828],[77.67656,13.00803]]]},"properties":{"osm_id":675250068,"name":"Vijinapura Lake"}},{"type":"Feature","geometry":{"type":"Polygon","coordinates":[[[77.6585,13.04858],[77.65679,13.04772],[77.65559,13.04668],[77.65581,13.04649],[77.65716,13.04608],[77.65782,13.04633],[77.65814,13.04632],[77.65857,13.04709],[77.6585,13.04858]]]},"properties":{"osm_id":675387107,"name":null}},{"type":"Feature","geometry":{"type":"Polygon","coordinates":[[[77.55314,12.83904],[77.55301,12.83958],[77.55311,12.83983],[77.55323,12.8398],[77.55327,12.83967],[77.55338,12.83966],[77.55386,12.83937],[77.55377,12.83911],[77.55355,12.83896],[77.55326,12.83897],[77.55314,12.83904]]]},"properties":{"osm_id":675519796,"name":null}},{"type":"Feature","geometry":{"type":"Polygon","coordinates":[[[77.45634,12.91526],[77.45629,12.91533],[77.45632,12.91545],[77.45647,12.91558],[77.45642,12.91572],[77.45657,12.91571],[77.45675,12.91558],[77.45697,12.91552],[77.45693,12.91532],[77.45647,12.91505],[77.45636,12.91509],[77.45634,12.91526]]]},"properties":{"osm_id":675662673,"name":null}},{"type":"Feature","geometry":{"type":"Polygon","coordinates":[[[77.50466,13.02435],[77.50672,13.02392],[77.50682,13.02375],[77.50834,13.02358],[77.50883,13.02358],[77.50905,13.02333],[77.50901,13.02313],[77.5073,13.02278],[77.50544,13.02291],[77.50521,13.0224],[77.50447,13.02269],[77.50409,13.02277],[77.50409,13.02293],[77.50458,13.02344],[77.5047,13.02373],[77.50466,13.02435]]]},"properties":{"osm_id":675669761,"name":null}},{"type":"Feature","geometry":{"type":"Polygon","coordinates":[[[77.47049,12.9462],[77.47136,12.94599],[77.47145,12.94604],[77.47168,12.94765],[77.47081,12.94782],[77.47072,12.94778],[77.47043,12.94626],[77.47049,12.9462]]]},"properties":{"osm_id":675685126,"name":"Ramasandra Lake"}},{"type":"Feature","geometry":{"type":"Polygon","coordinates":[[[77.45728,12.94663],[77.45742,12.94583],[77.45751,12.94569],[77.45756,12.9457],[77.45762,12.94644],[77.45782,12.94684],[77.45817,12.94702],[77.46043,12.94783],[77.46074,12.94782],[77.46121,12.94743],[77.46126,12.9475],[77.4612,12.94798],[77.46104,12.94834],[77.46098,12.94878],[77.4611,12.94958],[77.46109,12.95035],[77.4616,12.95147],[77.46162,12.95179],[77.46154,12.95258],[77.46123,12.95394],[77.46114,12.95537],[77.46054,12.9559],[77.46002,12.95625],[77.45969,12.95637],[77.45899,12.95645],[77.4588,12.95515],[77.4588,12.95423],[77.45903,12.95412],[77.45908,12.95403],[77.45901,12.95337],[77.45843,12.95216],[77.45797,12.95214],[77.45781,12.95181],[77.45648,12.95241],[77.45633,12.95259],[77.45551,12.95292],[77.4547,12.95272],[77.45456,12.95209],[77.456,12.9517],[77.45604,12.95144],[77.45595,12.95102],[77.45596,12.94907],[77.45638,12.94858],[77.45682,12.94853],[77.45699,12.94842],[77.45727,12.94804],[77.45746,12.94754],[77.45746,12.9467],[77.45728,12.94663]]]},"properties":{"osm_id":675685139,"name":"Sulikere/ Herekere Lake"}},{"type":"Feature","geometry":{"type":"Polygon","coordinates":[[[77.77649,12.96829],[77.77671,12.96861],[77.77689,12.96868],[77.77695,12.96768],[77.77646,12.96748],[77.77639,12.96753],[77.77673,12.96793],[77.77665,12.96809],[77.77649,12.96817],[77.77649,12.96829]]]},"properties":{"osm_id":676052991,"name":null}},{"type":"Feature","geometry":{"type":"Polygon","coordinates":[[[77.69605,12.94146],[77.69621,12.9417],[77.69631,12.94164],[77.69615,12.9414],[77.69605,12.94146]]]},"properties":{"osm_id":688590268,"name":"Oracle Tech Hub Entrance Fountain"}},{"type":"Feature","geometry":{"type":"Polygon","coordinates":[[[77.65866,12.94169],[77.65849,12.9417],[77.65839,12.94183],[77.6584,12.94199],[77.65853,12.94209],[77.6587,12.94208],[77.6588,12.94196],[77.65879,12.94179],[77.65866,12.94169]]]},"properties":{"osm_id":697854686,"name":null}},{"type":"Feature","geometry":{"type":"Polygon","coordinates":[[[77.61186,13.06854],[77.61208,13.06855],[77.61223,13.06837],[77.61216,13.06809],[77.61233,13.06801],[77.6123,13.06795],[77.61181,13.06804],[77.61177,13.06813],[77.61186,13.06854]]]},"properties":{"osm_id":707652255,"name":null}},{"type":"Feature","geometry":{"type":"Polygon","coordinates":[[[77.4822,13.0869],[77.48246,13.08681],[77.4828,13.08692],[77.48313,13.0869],[77.4833,13.08661],[77.48324,13.08648],[77.48296,13.0865],[77.48235,13.0863],[77.48212,13.08634],[77.48201,13.08673],[77.4822,13.0869]]]},"properties":{"osm_id":726086470,"name":"Acharya Lake"}},{"type":"Feature","geometry":{"type":"Polygon","coordinates":[[[77.49264,12.91902],[77.49285,12.9192],[77.49303,12.91901],[77.49281,12.91882],[77.49264,12.91902]]]},"properties":{"osm_id":726595863,"name":null}},{"type":"Feature","geometry":{"type":"Polygon","coordinates":[[[77.49397,12.91913],[77.49409,12.91923],[77.4942,12.91921],[77.49429,12.91908],[77.49426,12.91898],[77.49418,12.91892],[77.49402,12.91894],[77.49397,12.91913]]]},"properties":{"osm_id":726595874,"name":null}},{"type":"Feature","geometry":{"type":"Polygon","coordinates":[[[77.63978,12.91108],[77.63998,12.91108],[77.63997,12.91088],[77.63978,12.91088],[77.63978,12.91108]]]},"properties":{"osm_id":741215953,"name":null}},{"type":"Feature","geometry":{"type":"Polygon","coordinates":[[[77.70808,13.03488],[77.70837,13.03513],[77.70872,13.03524],[77.70858,13.03369],[77.7075,13.03393],[77.70749,13.03399],[77.70796,13.03408],[77.70803,13.03423],[77.70808,13.03488]]]},"properties":{"osm_id":741691452,"name":null}},{"type":"Feature","geometry":{"type":"Polygon","coordinates":[[[77.50394,13.02693],[77.50437,13.02705],[77.50473,13.02724],[77.50481,13.02753],[77.5051,13.02763],[77.50539,13.02713],[77.50564,13.02684],[77.50511,13.02664],[77.50462,13.02629],[77.50446,13.026],[77.50432,13.02596],[77.50389,13.02684],[77.50394,13.02693]]]},"properties":{"osm_id":750685724,"name":"Shivapura Old Lake"}},{"type":"Feature","geometry":{"type":"Polygon","coordinates":[[[77.56357,12.97279],[77.56349,12.97278],[77.56357,12.97272],[77.5635,12.9726],[77.56365,12.97268],[77.56357,12.97279]]]},"properties":{"osm_id":766601990,"name":null}},{"type":"Feature","geometry":{"type":"Polygon","coordinates":[[[77.62707,13.03665],[77.62681,13.03676],[77.62674,13.03665],[77.62673,13.03629],[77.62685,13.03592],[77.62698,13.03586],[77.62722,13.03603],[77.62725,13.03613],[77.62707,13.03665]]]},"properties":{"osm_id":772906284,"name":null}},{"type":"Feature","geometry":{"type":"Polygon","coordinates":[[[77.66416,13.06055],[77.66395,13.06062],[77.66388,13.06042],[77.66408,13.06037],[77.6642,13.06047],[77.66416,13.06055]]]},"properties":{"osm_id":774644017,"name":null}},{"type":"Feature","geometry":{"type":"Polygon","coordinates":[[[77.60926,13.04167],[77.60957,13.04162],[77.60963,13.04155],[77.60926,13.04167]]]},"properties":{"osm_id":775442596,"name":null}},{"type":"Feature","geometry":{"type":"Polygon","coordinates":[[[77.50889,12.96475],[77.50852,12.9645],[77.50844,12.96511],[77.50896,12.96571],[77.50907,12.96573],[77.50967,12.96499],[77.50935,12.96497],[77.50889,12.96475]]]},"properties":{"osm_id":775470790,"name":"Nagarbhavi Lake"}},{"type":"Feature","geometry":{"type":"Polygon","coordinates":[[[77.57159,13.04485],[77.57154,13.04487],[77.57152,13.04481],[77.57157,13.04479],[77.57159,13.04485]]]},"properties":{"osm_id":777638959,"name":null}},{"type":"Feature","geometry":{"type":"Polygon","coordinates":[[[77.57141,13.04492],[77.57127,13.04496],[77.57122,13.04475],[77.57136,13.04472],[77.57141,13.04492]]]},"properties":{"osm_id":777638967,"name":null}},{"type":"Feature","geometry":{"type":"Polygon","coordinates":[[[77.57159,13.04429],[77.57147,13.04432],[77.57145,13.04427],[77.57157,13.04423],[77.57159,13.04429]]]},"properties":{"osm_id":777638983,"name":null}},{"type":"Feature","geometry":{"type":"Polygon","coordinates":[[[77.64246,13.07524],[77.64258,13.07492],[77.64274,13.0748],[77.64393,13.07526],[77.64251,13.07669],[77.64214,13.07652],[77.64246,13.07524]]]},"properties":{"osm_id":779078393,"name":"Nagaraesh Nagenahalli Lake"}},{"type":"Feature","geometry":{"type":"Polygon","coordinates":[[[77.66943,12.87918],[77.66904,12.8791],[77.66846,12.87909],[77.66817,12.87798],[77.66861,12.87785],[77.66893,12.87794],[77.66919,12.87793],[77.66923,12.87814],[77.66908,12.87845],[77.66914,12.87865],[77.66944,12.87873],[77.66948,12.87881],[77.66949,12.87911],[77.66943,12.87918]]]},"properties":{"osm_id":781696169,"name":null}},{"type":"Feature","geometry":{"type":"Polygon","coordinates":[[[77.67064,12.89795],[77.67074,12.89805],[77.67095,12.8981],[77.67129,12.89791],[77.67139,12.89772],[77.67186,12.89759],[77.67203,12.89747],[77.67195,12.89708],[77.67141,12.8963],[77.67059,12.89606],[77.6705,12.89632],[77.67069,12.89675],[77.67057,12.89731],[77.67064,12.89795]]]},"properties":{"osm_id":781696180,"name":null}},{"type":"Feature","geometry":{"type":"Polygon","coordinates":[[[77.69805,12.92279],[77.698,12.92288],[77.69815,12.92313],[77.6995,12.92484],[77.69954,12.92482],[77.69939,12.92401],[77.69943,12.9237],[77.69972,12.92307],[77.69983,12.92291],[77.70011,12.92274],[77.70009,12.92266],[77.69966,12.92239],[77.69897,12.92179],[77.69831,12.92178],[77.69826,12.92183],[77.69823,12.92259],[77.69805,12.92279]]]},"properties":{"osm_id":790389588,"name":"Bhoganahalli Lake"}},{"type":"Feature","geometry":{"type":"Polygon","coordinates":[[[77.75522,13.07401],[77.75536,13.07409],[77.75535,13.07427],[77.75554,13.07431],[77.75644,13.07405],[77.75649,13.0737],[77.757,13.07283],[77.75706,13.07261],[77.75713,13.07223],[77.75704,13.07184],[77.75686,13.07178],[77.75657,13.07181],[77.75605,13.07201],[77.75576,13.07228],[77.75467,13.07244],[77.75492,13.07319],[77.75497,13.07356],[77.75522,13.07401]]]},"properties":{"osm_id":845255686,"name":null}},{"type":"Feature","geometry":{"type":"Polygon","coordinates":[[[77.74676,12.97521],[77.74671,12.97582],[77.74592,12.97604],[77.74594,12.97666],[77.74613,12.97695],[77.74673,12.97691],[77.74708,12.97682],[77.74735,12.97687],[77.74744,12.97706],[77.74734,12.97733],[77.74672,12.97755],[77.746,12.97764],[77.74526,12.97758],[77.74512,12.9775],[77.74497,12.97731],[77.74451,12.97624],[77.74443,12.97586],[77.74499,12.97581],[77.74609,12.97549],[77.74638,12.97521],[77.74659,12.97488],[77.74673,12.97501],[77.74676,12.97521]]]},"properties":{"osm_id":866148184,"name":"Pattandur Agrahara Lake"}},{"type":"Feature","geometry":{"type":"Polygon","coordinates":[[[77.75561,13.04651],[77.75522,13.0472],[77.75509,13.04714],[77.75499,13.04736],[77.75524,13.04789],[77.75537,13.04794],[77.75526,13.04808],[77.75546,13.0484],[77.75561,13.04833],[77.7556,13.04822],[77.75572,13.04824],[77.75579,13.04817],[77.75602,13.04829],[77.75617,13.04815],[77.75646,13.04818],[77.75652,13.04837],[77.75662,13.04838],[77.75584,13.04732],[77.75569,13.0465],[77.75561,13.04651]]]},"properties":{"osm_id":870802287,"name":"Konadasapura lake"}},{"type":"Feature","geometry":{"type":"Polygon","coordinates":[[[77.69079,12.97235],[77.69112,12.97236],[77.69114,12.97183],[77.69107,12.97157],[77.69095,12.9716],[77.69083,12.97187],[77.69085,12.97217],[77.69076,12.97229],[77.69079,12.97235]]]},"properties":{"osm_id":871572933,"name":null}},{"type":"Feature","geometry":{"type":"Polygon","coordinates":[[[77.68673,12.97174],[77.68704,12.97161],[77.68679,12.97125],[77.68644,12.97031],[77.68637,12.97022],[77.68626,12.97021],[77.68621,12.97026],[77.68649,12.9708],[77.68673,12.97174]]]},"properties":{"osm_id":871572934,"name":null}},{"type":"Feature","geometry":{"type":"Polygon","coordinates":[[[77.76245,12.92064],[77.76245,12.92035],[77.763,12.91977],[77.76317,12.91945],[77.76343,12.91917],[77.76357,12.91961],[77.76387,12.92001],[77.76448,12.9203],[77.76483,12.92036],[77.76516,12.92026],[77.76554,12.92033],[77.76582,12.92047],[77.76585,12.92055],[77.7657,12.92068],[77.76491,12.92051],[77.76423,12.92052],[77.76385,12.92043],[77.76351,12.92044],[77.76245,12.92064]]]},"properties":{"osm_id":926197122,"name":null}},{"type":"Feature","geometry":{"type":"Polygon","coordinates":[[[77.76457,12.92023],[77.76419,12.9201],[77.76385,12.91989],[77.76366,12.91956],[77.76354,12.91907],[77.76375,12.91903],[77.76393,12.91924],[77.76422,12.91932],[77.76472,12.92002],[77.76474,12.92015],[77.76457,12.92023]]]},"properties":{"osm_id":926197123,"name":null}},{"type":"Feature","geometry":{"type":"Polygon","coordinates":[[[77.50624,13.10975],[77.50705,13.10978],[77.5078,13.10995],[77.508,13.10978],[77.5082,13.10933],[77.50818,13.10904],[77.50763,13.10875],[77.50725,13.10828],[77.50681,13.10807],[77.50659,13.10788],[77.50606,13.10782],[77.50602,13.10802],[77.50622,13.10864],[77.50624,13.10975]]]},"properties":{"osm_id":989166321,"name":null}},{"type":"Feature","geometry":{"type":"Polygon","coordinates":[[[77.61579,12.86075],[77.61585,12.86061],[77.61648,12.86062],[77.61718,12.86018],[77.61772,12.86017],[77.61789,12.86011],[77.61814,12.86023],[77.61826,12.86019],[77.61785,12.85992],[77.6176,12.85965],[77.61743,12.85934],[77.61739,12.85882],[77.61726,12.85872],[77.61714,12.85888],[77.61607,12.85949],[77.61536,12.8598],[77.61525,12.85999],[77.6153,12.86057],[77.61548,12.8608],[77.61566,12.86086],[77.61579,12.86075]]]},"properties":{"osm_id":994901676,"name":"Subedharana Lake"}},{"type":"Feature","geometry":{"type":"Polygon","coordinates":[[[77.65629,13.05088],[77.65629,13.05078],[77.65639,13.05077],[77.6564,13.05087],[77.65629,13.05088]]]},"properties":{"osm_id":1027042157,"name":null}},{"type":"Feature","geometry":{"type":"Polygon","coordinates":[[[77.5197,13.1027],[77.51923,13.10273],[77.51889,13.10283],[77.5186,13.10302],[77.51838,13.10332],[77.51942,13.10304],[77.51962,13.10333],[77.52004,13.10374],[77.52092,13.10351],[77.52109,13.10406],[77.52184,13.10392],[77.52189,13.1033],[77.52233,13.10301],[77.52229,13.10263],[77.5228,13.10246],[77.5226,13.10183],[77.52165,13.10205],[77.52097,13.10203],[77.52085,13.10214],[77.52036,13.10221],[77.5197,13.1027]]]},"properties":{"osm_id":1039322029,"name":"Medi Agrahara Lake"}},{"type":"Feature","geometry":{"type":"Polygon","coordinates":[[[77.5117,12.95686],[77.51166,12.95543],[77.51204,12.95469],[77.51201,12.95454],[77.51174,12.95423],[77.51128,12.95388],[77.51112,12.95357],[77.51106,12.95292],[77.51131,12.95191],[77.51131,12.95146],[77.51098,12.95086],[77.51093,12.95052],[77.51103,12.94989],[77.51145,12.9496],[77.5115,12.94943],[77.51257,12.94867],[77.51281,12.94841],[77.51282,12.94787],[77.5129,12.94778],[77.51482,12.94681],[77.5158,12.94577],[77.51616,12.94521],[77.51703,12.9445],[77.51703,12.94429],[77.51695,12.94416],[77.51641,12.94425],[77.51605,12.9441],[77.51596,12.94395],[77.51582,12.94338],[77.51573,12.94257],[77.51556,12.94231],[77.5153,12.94217],[77.51474,12.94209],[77.51461,12.94192],[77.51456,12.94115],[77.51443,12.9408],[77.51458,12.93992],[77.51348,12.93849],[77.51301,12.93819],[77.51288,12.93791],[77.51284,12.93772],[77.51289,12.93734],[77.51345,12.93641],[77.5139,12.93533],[77.51407,12.93549],[77.51317,12.93707],[77.51301,12.93722],[77.51289,12.93749],[77.51291,12.93785],[77.51309,12.93814],[77.51348,12.93834],[77.51401,12.93905],[77.51473,12.93978],[77.51478,12.93991],[77.51455,12.94052],[77.51457,12.94079],[77.51474,12.94114],[77.51476,12.94187],[77.51493,12.94198],[77.51539,12.94206],[77.51566,12.94221],[77.51592,12.94255],[77.51598,12.9434],[77.51611,12.94395],[77.51652,12.94403],[77.51674,12.944],[77.51699,12.9441],[77.51714,12.94432],[77.51712,12.94452],[77.51625,12.94532],[77.51585,12.94598],[77.51503,12.94689],[77.51395,12.94742],[77.51301,12.94779],[77.51284,12.94858],[77.51161,12.94946],[77.51152,12.94964],[77.51108,12.95],[77.51103,12.9505],[77.51112,12.95084],[77.51144,12.95152],[77.51143,12.9519],[77.51123,12.95287],[77.51128,12.95357],[77.51223,12.95453],[77.51223,12.95486],[77.51191,12.95547],[77.51185,12.95583],[77.51202,12.95679],[77.5117,12.95686]]]},"properties":{"osm_id":1054489002,"name":"Nagarbhavi Thorai"}},{"type":"Feature","geometry":{"type":"Polygon","coordinates":[[[77.52824,12.94511],[77.5282,12.9448],[77.52834,12.94434],[77.52836,12.94367],[77.52851,12.94299],[77.52876,12.9424],[77.52875,12.94185],[77.52867,12.94167],[77.52829,12.94126],[77.52785,12.9406],[77.5274,12.93925],[77.52716,12.93898],[77.52718,12.93856],[77.52708,12.93806],[77.52656,12.93702],[77.5264,12.93642],[77.52607,12.93599],[77.525,12.93601],[77.52474,12.93583],[77.52472,12.93529],[77.52466,12.93496],[77.52456,12.93482],[77.52261,12.93398],[77.5223,12.93387],[77.52193,12.93383],[77.52175,12.9334],[77.52177,12.93226],[77.52174,12.93199],[77.52162,12.9319],[77.52081,12.93175],[77.52022,12.931],[77.51982,12.93091],[77.51868,12.93185],[77.51792,12.93239],[77.51775,12.93263],[77.51773,12.93273],[77.51802,12.9334],[77.51819,12.9341],[77.51817,12.93434],[77.51796,12.9347],[77.5177,12.93497],[77.51702,12.93493],[77.51654,12.93437],[77.51625,12.93426],[77.51607,12.93431],[77.51591,12.93457],[77.51577,12.93543],[77.51558,12.93564],[77.51524,12.93569],[77.51472,12.93564],[77.51407,12.93549],[77.51375,12.93523],[77.51393,12.93441],[77.51403,12.93378],[77.514,12.93366],[77.51313,12.93355],[77.51246,12.93334],[77.51198,12.93293],[77.51106,12.93249],[77.51076,12.93254],[77.50957,12.93297],[77.50933,12.93298],[77.5091,12.93291],[77.50901,12.93286],[77.50872,12.93241],[77.50779,12.93177],[77.50694,12.931],[77.50693,12.9297],[77.50679,12.92895],[77.5061,12.92812],[77.50423,12.92679],[77.50422,12.92659],[77.50498,12.92561],[77.50502,12.92544],[77.50491,12.92514],[77.5038,12.92391],[77.50341,12.922],[77.50312,12.92124],[77.50291,12.92091],[77.50269,12.92074],[77.50256,12.92068],[77.50246,12.92073],[77.50223,12.92128],[77.50058,12.92207],[77.5004,12.92201],[77.49948,12.92132],[77.49929,12.92125],[77.49748,12.92103],[77.49398,12.92098],[77.49354,12.92082],[77.49333,12.92067],[77.49265,12.91987],[77.49207,12.9195],[77.49152,12.91893],[77.49133,12.91863],[77.49121,12.91767],[77.49097,12.91714],[77.49082,12.91625],[77.49057,12.91559],[77.49036,12.91466],[77.49042,12.91384],[77.48986,12.91267],[77.48938,12.9124],[77.48761,12.91216],[77.48734,12.91191],[77.48727,12.91176],[77.48727,12.91161],[77.48813,12.90978],[77.4882,12.90946],[77.48813,12.90928],[77.4878,12.90915],[77.48668,12.90905],[77.48491,12.90867],[77.48452,12.90839],[77.4844,12.90797],[77.4844,12.90707],[77.48473,12.90684],[77.48552,12.90667],[77.48622,12.9066],[77.48688,12.90621],[77.48699,12.90585],[77.48679,12.90517],[77.48656,12.90489],[77.48468,12.90439],[77.48427,12.90416],[77.48349,12.90339],[77.4832,12.90338],[77.48294,12.90344],[77.48273,12.90367],[77.48299,12.90482],[77.48298,12.90509],[77.48287,12.90525],[77.48211,12.9057],[77.4816,12.90597],[77.48129,12.90606],[77.48079,12.90609],[77.47951,12.90606],[77.47902,12.90599],[77.47875,12.90583],[77.47858,12.90564],[77.47847,12.90537],[77.47848,12.9052],[77.47918,12.90261],[77.47979,12.90074],[77.47931,12.90026],[77.4788,12.89991],[77.47864,12.89959],[77.47874,12.89801],[77.47888,12.89742],[77.47888,12.89714],[77.47835,12.8968],[77.47747,12.89665],[77.47672,12.89639],[77.47646,12.89625],[77.4763,12.89608],[77.47625,12.89586],[77.47645,12.8957],[77.47667,12.89613],[77.47676,12.89618],[77.4773,12.89641],[77.47826,12.89657],[77.47888,12.89689],[77.47908,12.89723],[77.47896,12.89951],[77.47908,12.8997],[77.47964,12.9001],[77.48006,12.90056],[77.48011,12.90079],[77.47935,12.90267],[77.47912,12.90351],[77.47872,12.90527],[77.47881,12.90557],[77.47909,12.90579],[77.4795,12.90585],[77.48129,12.90581],[77.48177,12.90563],[77.48264,12.90509],[77.48271,12.90492],[77.4825,12.9036],[77.48259,12.90337],[77.48318,12.90314],[77.48358,12.90313],[77.48382,12.9033],[77.48428,12.90382],[77.48466,12.90411],[77.4855,12.90439],[77.48656,12.90463],[77.48695,12.90503],[77.4872,12.90569],[77.48723,12.90616],[77.48682,12.90657],[77.48633,12.90684],[77.48494,12.90697],[77.48463,12.90714],[77.48467,12.90806],[77.48491,12.90835],[77.48603,12.90863],[77.48781,12.9089],[77.48841,12.90911],[77.48857,12.90946],[77.48842,12.90991],[77.48762,12.91147],[77.48756,12.91174],[77.48765,12.91188],[77.48781,12.91196],[77.4885,12.91193],[77.48871,12.91204],[77.48942,12.91206],[77.48978,12.91223],[77.4904,12.9129],[77.49074,12.91439],[77.49076,12.91499],[77.49087,12.91551],[77.49136,12.9173],[77.49152,12.91754],[77.49173,12.91847],[77.49196,12.91883],[77.49322,12.91987],[77.49367,12.92056],[77.49382,12.92068],[77.49431,12.92078],[77.49716,12.92066],[77.49849,12.92086],[77.4997,12.92122],[77.5005,12.92187],[77.50095,12.92175],[77.50167,12.92136],[77.502,12.92106],[77.50221,12.92055],[77.50233,12.92047],[77.50266,12.92043],[77.50286,12.92055],[77.50323,12.92097],[77.50392,12.9224],[77.50397,12.92313],[77.5042,12.92369],[77.50533,12.92529],[77.50539,12.92554],[77.50518,12.92588],[77.50501,12.926],[77.50455,12.92659],[77.50451,12.92684],[77.50574,12.92772],[77.50648,12.92816],[77.50704,12.92889],[77.50714,12.92911],[77.50714,12.93085],[77.50731,12.93102],[77.50825,12.93158],[77.50867,12.93191],[77.50907,12.93263],[77.50922,12.93278],[77.50957,12.93276],[77.51092,12.9323],[77.51127,12.93225],[77.5115,12.93235],[77.51229,12.93291],[77.51313,12.93327],[77.51417,12.93354],[77.51427,12.93372],[77.51439,12.93444],[77.51444,12.93496],[77.51439,12.935],[77.51458,12.93534],[77.51511,12.93558],[77.51537,12.93555],[77.5156,12.93533],[77.5157,12.93512],[77.51566,12.93455],[77.51574,12.93427],[77.51606,12.93413],[77.51639,12.93412],[77.5166,12.93418],[77.51711,12.93475],[77.51727,12.9348],[77.51752,12.9348],[77.51788,12.93459],[77.518,12.93434],[77.51796,12.93395],[77.51784,12.93348],[77.51753,12.93298],[77.51744,12.93271],[77.51744,12.93238],[77.5177,12.93215],[77.5185,12.93177],[77.51969,12.93078],[77.52,12.93068],[77.52035,12.93074],[77.52095,12.93146],[77.52173,12.93164],[77.52187,12.93173],[77.52199,12.93185],[77.52206,12.93219],[77.52194,12.93267],[77.52193,12.93305],[77.522,12.93333],[77.52442,12.93446],[77.52486,12.93481],[77.52513,12.93575],[77.5261,12.9358],[77.52623,12.93589],[77.52658,12.9364],[77.52767,12.93899],[77.52787,12.93994],[77.52814,12.94081],[77.52837,12.94112],[77.52879,12.9415],[77.52895,12.94206],[77.52895,12.94252],[77.52866,12.94318],[77.52854,12.94376],[77.52843,12.94457],[77.52845,12.94506],[77.52824,12.94511]]]},"properties":{"osm_id":1054822214,"name":"Vrishabhavati"}},{"type":"Feature","geometry":{"type":"Polygon","coordinates":[[[77.52776,12.9995],[77.52781,13.00142],[77.5289,13.00207],[77.52914,13.00242],[77.52915,13.0026],[77.52892,13.00313],[77.52895,13.00365],[77.52953,13.00426],[77.52953,13.00436],[77.52964,13.00435],[77.52964,13.00425],[77.52912,13.00363],[77.52905,13.00342],[77.52905,13.00311],[77.52926,13.00271],[77.52926,13.00236],[77.52909,13.0021],[77.52882,13.00187],[77.52793,13.00142],[77.52788,13.00122],[77.52792,12.99975],[77.52786,12.99939],[77.52776,12.9995]]]},"properties":{"osm_id":1054822215,"name":"Nagarbhavi Thorai"}},{"type":"Feature","geometry":{"type":"Polygon","coordinates":[[[77.51732,12.9691],[77.51735,12.96932],[77.51823,12.97075],[77.51826,12.97096],[77.51785,12.97198],[77.51785,12.97218],[77.51803,12.9727],[77.51795,12.97284],[77.51733,12.9731],[77.51729,12.97357],[77.5174,12.97411],[77.51771,12.975],[77.51815,12.97549],[77.5185,12.97568],[77.51855,12.97589],[77.51839,12.97663],[77.5189,12.97865],[77.51935,12.97935],[77.51942,12.97961],[77.51936,12.97988],[77.51885,12.98044],[77.51824,12.98211],[77.51827,12.98243],[77.51951,12.98505],[77.51966,12.98545],[77.51978,12.98624],[77.52019,12.98684],[77.52027,12.9871],[77.52002,12.98752],[77.51997,12.98789],[77.52072,12.99015],[77.52147,12.99139],[77.52171,12.99202],[77.52186,12.99219],[77.52224,12.99229],[77.52277,12.99288],[77.52295,12.99324],[77.52294,12.99394],[77.52336,12.99486],[77.52355,12.99549],[77.52368,12.99571],[77.52429,12.9962],[77.52473,12.99708],[77.52495,12.99786],[77.52511,12.99798],[77.52533,12.99799],[77.52573,12.99785],[77.52594,12.9979],[77.526,12.99808],[77.52592,12.99871],[77.52605,12.9989],[77.52758,12.99936],[77.52776,12.9995],[77.52786,12.99939],[77.52769,12.99924],[77.52715,12.99904],[77.52617,12.9988],[77.52611,12.99866],[77.52618,12.99835],[77.52608,12.99829],[77.52597,12.99779],[77.52557,12.9978],[77.52529,12.99788],[77.52517,12.99787],[77.52506,12.99773],[77.52491,12.99736],[77.52485,12.99687],[77.52466,12.99645],[77.52438,12.99611],[77.5238,12.99565],[77.52363,12.99533],[77.52355,12.99496],[77.52318,12.99419],[77.52313,12.99346],[77.52305,12.99316],[77.5224,12.99226],[77.52187,12.99204],[77.52089,12.99008],[77.52044,12.9885],[77.5202,12.98791],[77.52022,12.98762],[77.52049,12.98706],[77.51991,12.98618],[77.51977,12.98532],[77.5184,12.98229],[77.51842,12.98206],[77.51876,12.9813],[77.51908,12.98037],[77.51939,12.98008],[77.51962,12.97975],[77.51964,12.9795],[77.51924,12.97872],[77.51905,12.97847],[77.51891,12.97802],[77.51869,12.97669],[77.51874,12.97583],[77.51865,12.97552],[77.51807,12.9751],[77.51791,12.97491],[77.51749,12.97347],[77.51752,12.97331],[77.51812,12.97295],[77.51821,12.97267],[77.51805,12.97212],[77.51805,12.97192],[77.51849,12.9713],[77.51862,12.97088],[77.51826,12.9701],[77.51765,12.96937],[77.51758,12.96906],[77.51732,12.9691]]]},"properties":{"osm_id":1054822222,"name":"Nagarbhavi Thorai"}},{"type":"Feature","geometry":{"type":"Polygon","coordinates":[[[77.66911,12.98714],[77.66923,12.98713],[77.66923,12.98734],[77.66932,12.98739],[77.66945,12.98735],[77.66943,12.98742],[77.66913,12.98745],[77.66905,12.98728],[77.66911,12.98714]]]},"properties":{"osm_id":1057089158,"name":null}},{"type":"Feature","geometry":{"type":"Polygon","coordinates":[[[77.71341,12.90385],[77.71355,12.90456],[77.71349,12.90482],[77.71257,12.90583],[77.71187,12.90631],[77.71153,12.9064],[77.71131,12.90653],[77.71125,12.90672],[77.71181,12.90755],[77.71343,12.90783],[77.71386,12.90783],[77.71372,12.90723],[77.71402,12.90575],[77.71382,12.90439],[77.71403,12.90362],[77.71468,12.90251],[77.71466,12.90241],[77.71311,12.90085],[77.71297,12.90083],[77.71254,12.90096],[77.71241,12.9011],[77.71241,12.90133],[77.71301,12.90252],[77.71341,12.90385]]]},"properties":{"osm_id":1062555441,"name":"Chikkabelanduru Kere"}},{"type":"Feature","geometry":{"type":"Polygon","coordinates":[[[77.71781,12.85082],[77.71776,12.85121],[77.71544,12.85108],[77.71533,12.85066],[77.71488,12.84719],[77.71447,12.84694],[77.71443,12.84625],[77.71512,12.84606],[77.71538,12.84567],[77.71561,12.84511],[77.71598,12.84374],[77.71588,12.84231],[77.71598,12.84195],[77.71599,12.84096],[77.71585,12.8406],[77.71644,12.84101],[77.71692,12.84116],[77.71722,12.84139],[77.71752,12.84124],[77.71919,12.84134],[77.71955,12.84129],[77.72008,12.8411],[77.72072,12.84073],[77.72117,12.84098],[77.72089,12.84132],[77.72059,12.84148],[77.72018,12.84204],[77.71964,12.84405],[77.71976,12.84414],[77.71978,12.84476],[77.72009,12.84568],[77.71963,12.84731],[77.71781,12.85082]]]},"properties":{"osm_id":1066603079,"name":"Shingena Agrahara Lake"}},{"type":"Feature","geometry":{"type":"Polygon","coordinates":[[[77.69067,12.8558],[77.6908,12.85578],[77.69095,12.85559],[77.69105,12.85508],[77.69069,12.85376],[77.69063,12.85319],[77.69045,12.85309],[77.68931,12.85294],[77.68805,12.8529],[77.68804,12.85296],[77.68831,12.85322],[77.68855,12.85321],[77.68886,12.85374],[77.68915,12.85391],[77.68948,12.85435],[77.69024,12.85494],[77.69061,12.85537],[77.69067,12.8558]]]},"properties":{"osm_id":1069600838,"name":null}},{"type":"Feature","geometry":{"type":"Polygon","coordinates":[[[77.69335,12.90056],[77.69334,12.90145],[77.69354,12.90258],[77.69316,12.90246],[77.69291,12.9018],[77.69226,12.90139],[77.69148,12.90129],[77.69058,12.90133],[77.68981,12.90123],[77.68851,12.90165],[77.68855,12.9015],[77.68929,12.90087],[77.68978,12.90027],[77.69024,12.89954],[77.69055,12.89825],[77.69044,12.89733],[77.69043,12.8959],[77.69033,12.89561],[77.6904,12.89541],[77.69092,12.8957],[77.69109,12.89588],[77.69125,12.89624],[77.69162,12.89643],[77.69235,12.89641],[77.69389,12.8958],[77.69422,12.89578],[77.69465,12.89727],[77.69453,12.89747],[77.69408,12.89778],[77.69383,12.89821],[77.69364,12.89909],[77.69342,12.89935],[77.69335,12.90056]]]},"properties":{"osm_id":1069600852,"name":"Halanayakanahalli Lake"}},{"type":"Feature","geometry":{"type":"Polygon","coordinates":[[[77.59069,12.9668],[77.59094,12.96683],[77.59097,12.96661],[77.59072,12.96658],[77.59069,12.9668]]]},"properties":{"osm_id":1076398556,"name":null}},{"type":"Feature","geometry":{"type":"Polygon","coordinates":[[[77.76578,12.84571],[77.76589,12.84582],[77.7671,12.84647],[77.76761,12.84647],[77.76786,12.84636],[77.768,12.84613],[77.76803,12.84585],[77.76758,12.84521],[77.76762,12.84488],[77.76693,12.8445],[77.7665,12.8441],[77.7664,12.84426],[77.76666,12.84474],[77.76663,12.84513],[77.76655,12.84524],[77.76607,12.84546],[77.76578,12.84571]]]},"properties":{"osm_id":1077021235,"name":"Hosahalli Lake"}},{"type":"Feature","geometry":{"type":"Polygon","coordinates":[[[77.58505,12.86264],[77.58476,12.8628],[77.5844,12.86384],[77.58518,12.8643],[77.58532,12.86452],[77.58554,12.86462],[77.58546,12.86432],[77.5851,12.8636],[77.58505,12.86264]]]},"properties":{"osm_id":1082360487,"name":"Subrayana Lake"}},{"type":"Feature","geometry":{"type":"Polygon","coordinates":[[[77.63688,12.98696],[77.63705,12.98754],[77.63705,12.98788],[77.63711,12.98792],[77.6373,12.98788],[77.63788,12.98748],[77.63833,12.98729],[77.63841,12.98718],[77.63828,12.98686],[77.63798,12.98685],[77.63708,12.98704],[77.63688,12.98696]]]},"properties":{"osm_id":1082724729,"name":null}},{"type":"Feature","geometry":{"type":"Polygon","coordinates":[[[77.61763,12.95487],[77.61776,12.95355],[77.61764,12.95359],[77.61753,12.95486],[77.61763,12.95487]]]},"properties":{"osm_id":1083590196,"name":null}},{"type":"Feature","geometry":{"type":"Polygon","coordinates":[[[77.64411,13.10551],[77.64382,13.10563],[77.64334,13.10561],[77.64257,13.10544],[77.6423,13.10532],[77.64216,13.1051],[77.6417,13.10362],[77.64171,13.10322],[77.64218,13.10337],[77.64448,13.10373],[77.6442,13.10539],[77.64411,13.10551]]]},"properties":{"osm_id":1084735141,"name":null}},{"type":"Feature","geometry":{"type":"Polygon","coordinates":[[[77.70765,12.99597],[77.70778,12.99617],[77.70795,12.99618],[77.70811,12.99601],[77.70808,12.99594],[77.70781,12.99584],[77.70767,12.99586],[77.70765,12.99597]]]},"properties":{"osm_id":1087017021,"name":null}},{"type":"Feature","geometry":{"type":"Polygon","coordinates":[[[77.72212,12.92083],[77.72287,12.92053],[77.72396,12.92041],[77.72408,12.92007],[77.72402,12.91949],[77.72371,12.9192],[77.72228,12.91836],[77.72134,12.91767],[77.72042,12.91723],[77.72015,12.91726],[77.72014,12.91719],[77.72024,12.91714],[77.72028,12.91691],[77.71965,12.91677],[77.71977,12.91703],[77.71967,12.91722],[77.71997,12.9172],[77.71999,12.91728],[77.71946,12.91741],[77.71914,12.91851],[77.71947,12.91926],[77.72137,12.92057],[77.72212,12.92083]]]},"properties":{"osm_id":1088209009,"name":"Gunjuru Palya Lake"}},{"type":"Feature","geometry":{"type":"Polygon","coordinates":[[[77.60119,13.04578],[77.6012,13.0456],[77.60178,13.04558],[77.60251,13.04574],[77.60251,13.0459],[77.60119,13.04578]]]},"properties":{"osm_id":1091039595,"name":null}},{"type":"Feature","geometry":{"type":"Polygon","coordinates":[[[77.59578,13.04551],[77.59674,13.04563],[77.59902,13.04542],[77.60102,13.04581],[77.60101,13.0456],[77.60078,13.04553],[77.60063,13.04435],[77.6005,13.04394],[77.6003,13.04396],[77.60061,13.04494],[77.60067,13.04555],[77.59912,13.04522],[77.59873,13.04519],[77.59771,13.04536],[77.59578,13.04531],[77.59578,13.04551]]]},"properties":{"osm_id":1091039596,"name":null}},{"type":"Feature","geometry":{"type":"Polygon","coordinates":[[[77.72978,12.87896],[77.72952,12.87951],[77.72925,12.87984],[77.72847,12.88045],[77.72846,12.88065],[77.72909,12.88061],[77.72947,12.8807],[77.73064,12.88133],[77.73112,12.88174],[77.73132,12.88162],[77.73152,12.88097],[77.73159,12.88037],[77.73148,12.87964],[77.73073,12.87817],[77.73037,12.87816],[77.72978,12.87896]]]},"properties":{"osm_id":1092680601,"name":"Sulakunte Lake"}},{"type":"Feature","geometry":{"type":"Polygon","coordinates":[[[77.72106,12.89042],[77.72145,12.8905],[77.722,12.89017],[77.72238,12.88955],[77.72265,12.88874],[77.72259,12.88846],[77.72198,12.88783],[77.72143,12.88769],[77.721,12.88788],[77.72072,12.88824],[77.72063,12.88944],[77.72026,12.89],[77.72034,12.89025],[77.72068,12.89044],[77.72106,12.89042]]]},"properties":{"osm_id":1092680603,"name":"Kodathi Kere"}},{"type":"Feature","geometry":{"type":"Polygon","coordinates":[[[77.73926,12.90828],[77.7396,12.90832],[77.7402,12.90814],[77.74071,12.90825],[77.74138,12.90828],[77.7416,12.9084],[77.74181,12.90863],[77.74185,12.90911],[77.74211,12.9091],[77.74212,12.90869],[77.74223,12.90849],[77.74238,12.90837],[77.7424,12.90799],[77.74256,12.90772],[77.74264,12.90739],[77.74261,12.90725],[77.74196,12.90665],[77.7418,12.90657],[77.74036,12.90696],[77.7403,12.90707],[77.74045,12.90739],[77.74035,12.90761],[77.73958,12.90794],[77.73933,12.90779],[77.73926,12.90828]]]},"properties":{"osm_id":1092680606,"name":"Hegondanahalli Lake"}},{"type":"Feature","geometry":{"type":"Polygon","coordinates":[[[77.74464,12.90049],[77.74575,12.90041],[77.74651,12.90064],[77.74671,12.90027],[77.74643,12.89998],[77.74637,12.89968],[77.7459,12.8995],[77.74572,12.89927],[77.74536,12.89931],[77.74509,12.89951],[77.7446,12.90018],[77.74464,12.90049]]]},"properties":{"osm_id":1092680608,"name":"Hagondahalli Lake"}},{"type":"Feature","geometry":{"type":"Polygon","coordinates":[[[77.75122,12.87612],[77.75001,12.87507],[77.74965,12.8746],[77.74951,12.87418],[77.74946,12.87318],[77.74936,12.87278],[77.7492,12.8725],[77.74914,12.87283],[77.7482,12.87377],[77.74722,12.87405],[77.74701,12.87419],[77.74693,12.87432],[77.74671,12.8755],[77.74754,12.87586],[77.74785,12.87694],[77.74895,12.87677],[77.75049,12.87668],[77.75054,12.87654],[77.75122,12.87612]]]},"properties":{"osm_id":1092941881,"name":"Dommasandra Lake"}},{"type":"Feature","geometry":{"type":"Polygon","coordinates":[[[77.76108,12.88789],[77.76211,12.88869],[77.76239,12.88871],[77.76258,12.88861],[77.76301,12.88798],[77.76316,12.88757],[77.7632,12.88705],[77.76313,12.88632],[77.76245,12.88554],[77.76214,12.88481],[77.76156,12.88385],[77.76158,12.88465],[77.76147,12.88483],[77.76094,12.88527],[77.76088,12.8854],[77.76086,12.88584],[77.76066,12.88634],[77.76068,12.88665],[77.76096,12.88712],[77.76099,12.88772],[77.76108,12.88789]]]},"properties":{"osm_id":1092941882,"name":"Thiagalara Chowdenahalli Lake"}},{"type":"Feature","geometry":{"type":"Polygon","coordinates":[[[77.74389,13.07995],[77.74426,13.07974],[77.74434,13.07956],[77.74424,13.079],[77.74426,13.07877],[77.74447,13.07833],[77.74568,13.07707],[77.74593,13.07692],[77.74611,13.0769],[77.74659,13.07669],[77.74736,13.07603],[77.74719,13.07599],[77.74583,13.07636],[77.74471,13.07578],[77.74439,13.07582],[77.74422,13.07595],[77.74395,13.07602],[77.74384,13.07602],[77.74354,13.07577],[77.74342,13.07575],[77.74267,13.07587],[77.74313,13.07716],[77.74357,13.07815],[77.74369,13.07878],[77.74371,13.07927],[77.74389,13.07995]]]},"properties":{"osm_id":1092941890,"name":"Manduru Lake"}},{"type":"Feature","geometry":{"type":"Polygon","coordinates":[[[77.77418,13.03052],[77.77458,13.03055],[77.77492,13.03045],[77.77527,13.03019],[77.77527,13.03003],[77.7752,13.02976],[77.77474,13.02889],[77.77446,13.02886],[77.77468,13.02879],[77.77468,13.02848],[77.77422,13.02752],[77.774,13.0272],[77.77384,13.02706],[77.77375,13.02706],[77.77362,13.02712],[77.7736,13.0272],[77.77354,13.02804],[77.77368,13.02854],[77.77392,13.02875],[77.77431,13.02887],[77.77396,13.02894],[77.77418,13.02984],[77.77411,13.03033],[77.77418,13.03052]]]},"properties":{"osm_id":1092941892,"name":"Kannamangala Lake"}},{"type":"Feature","geometry":{"type":"Polygon","coordinates":[[[77.62567,13.01969],[77.62582,13.01998],[77.6261,13.02021],[77.62649,13.02104],[77.62843,13.02096],[77.62846,13.02079],[77.62798,13.01785],[77.62781,13.01787],[77.62816,13.01969],[77.62829,13.02078],[77.62817,13.02086],[77.62654,13.02089],[77.62611,13.02011],[77.6258,13.01975],[77.62567,13.01969]]]},"properties":{"osm_id":1093183265,"name":null}},{"type":"Feature","geometry":{"type":"Polygon","coordinates":[[[77.62543,13.02615],[77.6256,13.02611],[77.62597,13.02468],[77.6266,13.02326],[77.62702,13.02257],[77.62661,13.02126],[77.62646,13.02127],[77.62692,13.02253],[77.6264,13.02342],[77.62587,13.02471],[77.62543,13.02615]]]},"properties":{"osm_id":1093183267,"name":null}},{"type":"Feature","geometry":{"type":"Polygon","coordinates":[[[77.62567,13.03323],[77.62581,13.03319],[77.62514,13.03039],[77.62482,13.03004],[77.62476,13.02952],[77.62516,13.02755],[77.62551,13.02632],[77.62539,13.02634],[77.62497,13.02809],[77.62465,13.02983],[77.62471,13.03008],[77.62501,13.03045],[77.62512,13.03078],[77.62567,13.03323]]]},"properties":{"osm_id":1093183268,"name":null}},{"type":"Feature","geometry":{"type":"Polygon","coordinates":[[[77.61428,12.96503],[77.61432,12.96505],[77.61385,12.96646],[77.61428,12.96503]]]},"properties":{"osm_id":1093290434,"name":null}},{"type":"Feature","geometry":{"type":"Polygon","coordinates":[[[77.5945,12.95429],[77.59239,12.95595],[77.59235,12.95588],[77.5927,12.95558],[77.5933,12.95518],[77.59444,12.95423],[77.5945,12.95429]]]},"properties":{"osm_id":1093523669,"name":"K100"}},{"type":"Feature","geometry":{"type":"Polygon","coordinates":[[[77.64025,12.91158],[77.64038,12.91158],[77.64038,12.91149],[77.64025,12.91149],[77.64025,12.91158]]]},"properties":{"osm_id":1099659540,"name":null}},{"type":"Feature","geometry":{"type":"Polygon","coordinates":[[[77.64134,12.91127],[77.6414,12.91127],[77.6414,12.9112],[77.64134,12.9112],[77.64134,12.91127]]]},"properties":{"osm_id":1099659541,"name":null}},{"type":"Feature","geometry":{"type":"Polygon","coordinates":[[[77.7547,13.02315],[77.75612,13.02318],[77.75675,13.02337],[77.75699,13.02359],[77.75713,13.0236],[77.75721,13.02351],[77.75714,13.02308],[77.75715,13.02159],[77.75725,13.02116],[77.75757,13.02053],[77.75755,13.02025],[77.75742,13.01988],[77.75728,13.0199],[77.75703,13.02031],[77.75675,13.02102],[77.75643,13.02138],[77.7558,13.02186],[77.75478,13.02211],[77.75429,13.02211],[77.7537,13.02193],[77.75371,13.02206],[77.75427,13.02274],[77.75458,13.02284],[77.7547,13.02315]]]},"properties":{"osm_id":1104465194,"name":null}},{"type":"Feature","geometry":{"type":"Polygon","coordinates":[[[77.647,13.04471],[77.64686,13.04473],[77.64677,13.04485],[77.6468,13.04498],[77.64691,13.04506],[77.64705,13.04504],[77.64713,13.04493],[77.64711,13.04479],[77.647,13.04471]]]},"properties":{"osm_id":1107044270,"name":null}},{"type":"Feature","geometry":{"type":"Polygon","coordinates":[[[77.64656,13.0449],[77.64644,13.04492],[77.64636,13.04502],[77.64638,13.04515],[77.64649,13.04522],[77.64661,13.0452],[77.64669,13.0451],[77.64667,13.04498],[77.64656,13.0449]]]},"properties":{"osm_id":1107044271,"name":null}},{"type":"Feature","geometry":{"type":"Polygon","coordinates":[[[77.64672,13.04379],[77.64661,13.04381],[77.64654,13.0439],[77.64665,13.04407],[77.64676,13.04405],[77.64682,13.04396],[77.64681,13.04386],[77.64672,13.04379]]]},"properties":{"osm_id":1107044272,"name":null}},{"type":"Feature","geometry":{"type":"Polygon","coordinates":[[[77.64712,13.04367],[77.64701,13.04368],[77.64695,13.04377],[77.64696,13.04388],[77.64705,13.04394],[77.64723,13.04384],[77.64721,13.04373],[77.64712,13.04367]]]},"properties":{"osm_id":1107044273,"name":null}},{"type":"Feature","geometry":{"type":"Polygon","coordinates":[[[77.64695,13.04318],[77.64684,13.04319],[77.64678,13.04328],[77.6468,13.04339],[77.64689,13.04345],[77.647,13.04343],[77.64706,13.04334],[77.64704,13.04324],[77.64695,13.04318]]]},"properties":{"osm_id":1107044274,"name":null}},{"type":"Feature","geometry":{"type":"Polygon","coordinates":[[[77.64654,13.0433],[77.64637,13.0434],[77.64639,13.04351],[77.64648,13.04357],[77.64659,13.04356],[77.64665,13.04347],[77.64663,13.04336],[77.64654,13.0433]]]},"properties":{"osm_id":1107044275,"name":null}},{"type":"Feature","geometry":{"type":"Polygon","coordinates":[[[77.60675,13.09481],[77.60661,13.0949],[77.6067,13.09503],[77.60684,13.09495],[77.60675,13.09481]]]},"properties":{"osm_id":1107044276,"name":null}},{"type":"Feature","geometry":{"type":"Polygon","coordinates":[[[77.60679,13.09455],[77.60665,13.09464],[77.6067,13.09476],[77.60682,13.09476],[77.60688,13.09469],[77.60679,13.09455]]]},"properties":{"osm_id":1107044277,"name":null}},{"type":"Feature","geometry":{"type":"Polygon","coordinates":[[[77.71652,12.93967],[77.71641,12.93969],[77.71635,12.93978],[77.71636,12.93988],[77.71645,12.93994],[77.71656,12.93993],[77.71662,12.93984],[77.71652,12.93967]]]},"properties":{"osm_id":1107044282,"name":null}},{"type":"Feature","geometry":{"type":"Polygon","coordinates":[[[77.71669,12.93939],[77.71659,12.9394],[77.71652,12.93949],[77.71654,12.93959],[77.71668,12.93966],[77.7168,12.93955],[77.71678,12.93945],[77.71669,12.93939]]]},"properties":{"osm_id":1107044283,"name":null}},{"type":"Feature","geometry":{"type":"Polygon","coordinates":[[[77.71702,12.93956],[77.71691,12.93958],[77.71685,12.93967],[77.71686,12.93977],[77.71695,12.93983],[77.71712,12.93973],[77.71711,12.93962],[77.71702,12.93956]]]},"properties":{"osm_id":1107044284,"name":null}},{"type":"Feature","geometry":{"type":"Polygon","coordinates":[[[77.71687,12.93986],[77.71677,12.93987],[77.7167,12.93996],[77.71681,12.94013],[77.71698,12.94002],[77.71696,12.93992],[77.71687,12.93986]]]},"properties":{"osm_id":1107044285,"name":null}},{"type":"Feature","geometry":{"type":"Polygon","coordinates":[[[77.71715,12.94104],[77.71702,12.94106],[77.71694,12.94116],[77.71696,12.94129],[77.71707,12.94137],[77.71721,12.94135],[77.71728,12.94124],[77.71726,12.94111],[77.71715,12.94104]]]},"properties":{"osm_id":1107044286,"name":null}},{"type":"Feature","geometry":{"type":"Polygon","coordinates":[[[77.71762,12.94132],[77.71749,12.94134],[77.71741,12.94144],[77.71743,12.94157],[77.71754,12.94165],[77.71767,12.94163],[77.71775,12.94152],[77.71773,12.94139],[77.71762,12.94132]]]},"properties":{"osm_id":1107044287,"name":null}},{"type":"Feature","geometry":{"type":"Polygon","coordinates":[[[77.71741,12.9417],[77.71728,12.94172],[77.7172,12.94182],[77.71722,12.94195],[77.71733,12.94203],[77.71746,12.94201],[77.71754,12.9419],[77.71752,12.94177],[77.71741,12.9417]]]},"properties":{"osm_id":1107044288,"name":null}},{"type":"Feature","geometry":{"type":"Polygon","coordinates":[[[77.71693,12.94143],[77.71679,12.94145],[77.71671,12.94156],[77.71674,12.94169],[77.71685,12.94176],[77.71698,12.94174],[77.71706,12.94163],[77.71703,12.94151],[77.71693,12.94143]]]},"properties":{"osm_id":1107044289,"name":null}},{"type":"Feature","geometry":{"type":"Polygon","coordinates":[[[77.65591,12.93992],[77.65579,12.93996],[77.65577,12.94004],[77.65591,12.94014],[77.656,12.94005],[77.65591,12.93992]]]},"properties":{"osm_id":1107044290,"name":null}},{"type":"Feature","geometry":{"type":"Polygon","coordinates":[[[77.65583,12.93958],[77.6557,12.93966],[77.65578,12.9398],[77.65592,12.93971],[77.65583,12.93958]]]},"properties":{"osm_id":1107044291,"name":null}},{"type":"Feature","geometry":{"type":"Polygon","coordinates":[[[77.65557,12.93977],[77.65544,12.93985],[77.65552,12.93999],[77.65566,12.9399],[77.65557,12.93977]]]},"properties":{"osm_id":1107044292,"name":null}},{"type":"Feature","geometry":{"type":"Polygon","coordinates":[[[77.6601,12.94032],[77.65993,12.94029],[77.65979,12.94039],[77.65976,12.94056],[77.65986,12.9407],[77.66003,12.94073],[77.66018,12.94063],[77.66021,12.94046],[77.6601,12.94032]]]},"properties":{"osm_id":1107044293,"name":null}},{"type":"Feature","geometry":{"type":"Polygon","coordinates":[[[77.6601,12.93983],[77.65993,12.9398],[77.65979,12.9399],[77.65976,12.94007],[77.65986,12.94021],[77.66003,12.94024],[77.66017,12.94014],[77.6602,12.93997],[77.6601,12.93983]]]},"properties":{"osm_id":1107044294,"name":null}},{"type":"Feature","geometry":{"type":"Polygon","coordinates":[[[77.66057,12.93955],[77.6604,12.93952],[77.66025,12.93962],[77.66022,12.93979],[77.66032,12.93993],[77.6605,12.93996],[77.66064,12.93986],[77.66067,12.93969],[77.66057,12.93955]]]},"properties":{"osm_id":1107044295,"name":null}},{"type":"Feature","geometry":{"type":"Polygon","coordinates":[[[77.66011,12.93932],[77.65994,12.9393],[77.65979,12.9394],[77.65976,12.93956],[77.65995,12.93974],[77.66018,12.93963],[77.66021,12.93946],[77.66011,12.93932]]]},"properties":{"osm_id":1107044296,"name":null}},{"type":"Feature","geometry":{"type":"Polygon","coordinates":[[[77.6595,12.93786],[77.65937,12.93784],[77.65926,12.93791],[77.65924,12.93804],[77.65931,12.93815],[77.65944,12.93817],[77.65955,12.93809],[77.65958,12.93797],[77.6595,12.93786]]]},"properties":{"osm_id":1107044297,"name":null}},{"type":"Feature","geometry":{"type":"Polygon","coordinates":[[[77.65968,12.93853],[77.65954,12.93851],[77.65944,12.93859],[77.65941,12.93871],[77.65949,12.93882],[77.65962,12.93884],[77.65973,12.93877],[77.65975,12.93864],[77.65968,12.93853]]]},"properties":{"osm_id":1107044298,"name":null}},{"type":"Feature","geometry":{"type":"Polygon","coordinates":[[[77.65926,12.93833],[77.65913,12.93831],[77.65903,12.93839],[77.659,12.93851],[77.65908,12.93862],[77.65921,12.93864],[77.65932,12.93857],[77.65934,12.93844],[77.65926,12.93833]]]},"properties":{"osm_id":1107044299,"name":null}},{"type":"Feature","geometry":{"type":"Polygon","coordinates":[[[77.65824,12.93846],[77.65806,12.93846],[77.65799,12.93856],[77.65802,12.93868],[77.65812,12.93874],[77.65824,12.93872],[77.65831,12.93861],[77.65824,12.93846]]]},"properties":{"osm_id":1107044300,"name":null}},{"type":"Feature","geometry":{"type":"Polygon","coordinates":[[[77.65739,12.93923],[77.65727,12.93921],[77.65717,12.93928],[77.65715,12.93939],[77.65722,12.93949],[77.65734,12.93951],[77.65744,12.93944],[77.65746,12.93933],[77.65739,12.93923]]]},"properties":{"osm_id":1107044301,"name":null}},{"type":"Feature","geometry":{"type":"Polygon","coordinates":[[[77.6574,12.93862],[77.65728,12.9386],[77.65719,12.93867],[77.65717,12.93878],[77.65724,12.93888],[77.65735,12.9389],[77.65745,12.93883],[77.65747,12.93871],[77.6574,12.93862]]]},"properties":{"osm_id":1107044302,"name":null}},{"type":"Feature","geometry":{"type":"Polygon","coordinates":[[[77.65708,12.93883],[77.65696,12.93881],[77.65687,12.93888],[77.65685,12.939],[77.65692,12.93909],[77.65704,12.93911],[77.65713,12.93904],[77.65715,12.93893],[77.65708,12.93883]]]},"properties":{"osm_id":1107044303,"name":null}},{"type":"Feature","geometry":{"type":"Polygon","coordinates":[[[77.64569,12.92344],[77.64567,12.92337],[77.64577,12.92327],[77.64569,12.9232],[77.64557,12.92334],[77.64569,12.92344]]]},"properties":{"osm_id":1109877073,"name":null}},{"type":"Feature","geometry":{"type":"Polygon","coordinates":[[[77.63884,12.91669],[77.63897,12.91673],[77.639,12.91664],[77.6389,12.9166],[77.63884,12.91669]]]},"properties":{"osm_id":1109878805,"name":null}},{"type":"Feature","geometry":{"type":"Polygon","coordinates":[[[77.63847,12.91623],[77.63852,12.91576],[77.6386,12.91576],[77.63853,12.91623],[77.63847,12.91623]]]},"properties":{"osm_id":1109883262,"name":null}},{"type":"Feature","geometry":{"type":"Polygon","coordinates":[[[77.63852,12.91576],[77.63834,12.91567],[77.63834,12.91554],[77.6385,12.9155],[77.6385,12.91563],[77.63862,12.91568],[77.6386,12.91576],[77.63852,12.91576]]]},"properties":{"osm_id":1109883263,"name":null}},{"type":"Feature","geometry":{"type":"Polygon","coordinates":[[[77.63834,12.91567],[77.63807,12.91573],[77.63807,12.91556],[77.63834,12.91554],[77.63834,12.91567]]]},"properties":{"osm_id":1109883264,"name":null}},{"type":"Feature","geometry":{"type":"Polygon","coordinates":[[[77.63807,12.91573],[77.63549,12.91604],[77.63548,12.91597],[77.63548,12.91592],[77.63807,12.91556],[77.63807,12.91573]]]},"properties":{"osm_id":1109883265,"name":null}},{"type":"Feature","geometry":{"type":"Polygon","coordinates":[[[77.63549,12.91604],[77.63532,12.91605],[77.63531,12.91592],[77.63548,12.91592],[77.63549,12.91604]]]},"properties":{"osm_id":1109883266,"name":null}},{"type":"Feature","geometry":{"type":"Polygon","coordinates":[[[77.63532,12.91605],[77.63242,12.91629],[77.63241,12.9162],[77.63531,12.91592],[77.63532,12.91605]]]},"properties":{"osm_id":1109883267,"name":null}},{"type":"Feature","geometry":{"type":"Polygon","coordinates":[[[77.63242,12.91629],[77.63221,12.91632],[77.63218,12.91621],[77.63241,12.9162],[77.63242,12.91629]]]},"properties":{"osm_id":1109883470,"name":null}},{"type":"Feature","geometry":{"type":"Polygon","coordinates":[[[77.63221,12.91632],[77.63116,12.91645],[77.62995,12.91649],[77.62994,12.91639],[77.63218,12.91621],[77.63221,12.91632]]]},"properties":{"osm_id":1109883471,"name":null}},{"type":"Feature","geometry":{"type":"Polygon","coordinates":[[[77.62995,12.91649],[77.62928,12.91652],[77.62927,12.91642],[77.62994,12.91639],[77.62995,12.91649]]]},"properties":{"osm_id":1109883472,"name":null}},{"type":"Feature","geometry":{"type":"Polygon","coordinates":[[[77.65167,12.8345],[77.65121,12.83464],[77.65097,12.83463],[77.65118,12.83388],[77.65132,12.83288],[77.65143,12.8329],[77.6515,12.83319],[77.65174,12.83369],[77.65226,12.83398],[77.65241,12.83419],[77.65167,12.8345]]]},"properties":{"osm_id":1110948089,"name":"Shikaripalya Lake"}},{"type":"Feature","geometry":{"type":"Polygon","coordinates":[[[77.6518,12.83461],[77.65206,12.83455],[77.65214,12.8347],[77.65147,12.83529],[77.65104,12.83521],[77.6508,12.83506],[77.65093,12.8348],[77.65146,12.83473],[77.6518,12.83461]]]},"properties":{"osm_id":1110949290,"name":"Shikaripalya Lake"}},{"type":"Feature","geometry":{"type":"Polygon","coordinates":[[[77.6315,12.83072],[77.63138,12.83078],[77.63122,12.83074],[77.63126,12.83059],[77.63157,12.83023],[77.6315,12.83072]]]},"properties":{"osm_id":1110950020,"name":"Bingipura Lake"}},{"type":"Feature","geometry":{"type":"Polygon","coordinates":[[[77.63259,12.83292],[77.63296,12.83285],[77.63307,12.83297],[77.63259,12.83307],[77.63259,12.83292]]]},"properties":{"osm_id":1110950021,"name":"Bingipura Lake"}},{"type":"Feature","geometry":{"type":"Polygon","coordinates":[[[77.57465,13.01232],[77.57462,13.01211],[77.57477,13.01206],[77.57485,13.01226],[77.57465,13.01232]]]},"properties":{"osm_id":1113554302,"name":null}},{"type":"Feature","geometry":{"type":"Polygon","coordinates":[[[77.46785,12.88882],[77.46798,12.88858],[77.46824,12.88836],[77.46833,12.88819],[77.46838,12.88715],[77.4682,12.88703],[77.46782,12.88705],[77.4676,12.88698],[77.46754,12.887],[77.46754,12.88736],[77.46775,12.88798],[77.46775,12.88856],[77.46785,12.88882]]]},"properties":{"osm_id":1114982297,"name":null}},{"type":"Feature","geometry":{"type":"Polygon","coordinates":[[[77.45781,12.8906],[77.45792,12.89077],[77.45804,12.89075],[77.45821,12.89046],[77.45857,12.89027],[77.4586,12.89006],[77.45854,12.88997],[77.45841,12.88989],[77.45821,12.88989],[77.45775,12.89],[77.4577,12.89016],[77.45781,12.8906]]]},"properties":{"osm_id":1114982303,"name":"Anchepalya Lake"}},{"type":"Feature","geometry":{"type":"Polygon","coordinates":[[[77.4684,12.97807],[77.46759,12.97749],[77.46724,12.97637],[77.46809,12.9758],[77.46835,12.9758],[77.46837,12.97636],[77.46855,12.97728],[77.46959,12.9781],[77.46952,12.97831],[77.46901,12.97787],[77.46867,12.97774],[77.4684,12.97807]]]},"properties":{"osm_id":1117566142,"name":null}},{"type":"Feature","geometry":{"type":"Polygon","coordinates":[[[77.53795,12.86331],[77.53843,12.86334],[77.5389,12.86327],[77.53872,12.86267],[77.53854,12.86254],[77.53834,12.86282],[77.538,12.86302],[77.53792,12.86317],[77.53795,12.86331]]]},"properties":{"osm_id":1118946148,"name":"Jogi Kere"}},{"type":"Feature","geometry":{"type":"Polygon","coordinates":[[[77.53985,12.8807],[77.54021,12.88079],[77.54052,12.88127],[77.54071,12.88136],[77.54098,12.88129],[77.54127,12.88112],[77.54178,12.8811],[77.54182,12.88104],[77.54172,12.88053],[77.5416,12.88049],[77.54124,12.88053],[77.54112,12.88009],[77.541,12.88001],[77.53999,12.88022],[77.53978,12.88044],[77.53972,12.88061],[77.53985,12.8807]]]},"properties":{"osm_id":1118946163,"name":"Gubbalala Kere"}},{"type":"Feature","geometry":{"type":"Polygon","coordinates":[[[77.49783,12.91088],[77.49803,12.91133],[77.4982,12.91147],[77.49842,12.91081],[77.49869,12.91059],[77.49851,12.91038],[77.49802,12.91053],[77.49785,12.91069],[77.49783,12.91088]]]},"properties":{"osm_id":1119761885,"name":null}},{"type":"Feature","geometry":{"type":"Polygon","coordinates":[[[77.45295,12.93202],[77.45286,12.93213],[77.45248,12.93219],[77.45227,12.93213],[77.45216,12.93181],[77.45228,12.93156],[77.45265,12.9315],[77.45306,12.93152],[77.45311,12.93164],[77.45304,12.93193],[77.45295,12.93202]]]},"properties":{"osm_id":1120291634,"name":null}},{"type":"Feature","geometry":{"type":"Polygon","coordinates":[[[77.48507,12.97608],[77.48527,12.97636],[77.48534,12.97663],[77.48545,12.9767],[77.48558,12.97667],[77.48561,12.9764],[77.48539,12.97566],[77.48516,12.97541],[77.48502,12.97547],[77.48497,12.9756],[77.48507,12.97608]]]},"properties":{"osm_id":1122444427,"name":null}},{"type":"Feature","geometry":{"type":"Polygon","coordinates":[[[77.48145,12.97555],[77.48127,12.97563],[77.48114,12.97556],[77.48103,12.97535],[77.48102,12.97509],[77.48144,12.97508],[77.48145,12.97555]]]},"properties":{"osm_id":1123272051,"name":null}},{"type":"Feature","geometry":{"type":"Polygon","coordinates":[[[77.47494,12.98358],[77.47479,12.9835],[77.47462,12.98356],[77.47458,12.98364],[77.47465,12.9843],[77.47476,12.98455],[77.47492,12.9846],[77.47516,12.98453],[77.47521,12.98446],[77.47513,12.98404],[77.47494,12.98358]]]},"properties":{"osm_id":1123272056,"name":"Bharatnagar Lake"}},{"type":"Feature","geometry":{"type":"Polygon","coordinates":[[[77.64627,12.97179],[77.64616,12.97179],[77.64616,12.9717],[77.64627,12.97169],[77.64627,12.97179]]]},"properties":{"osm_id":1123288026,"name":null}},{"type":"Feature","geometry":{"type":"Polygon","coordinates":[[[77.73039,12.98982],[77.73063,12.98998],[77.73061,12.99009],[77.73051,12.99],[77.73048,12.99004],[77.73062,12.99017],[77.73059,12.99025],[77.73044,12.9902],[77.73058,12.99031],[77.73053,12.99039],[77.73044,12.99032],[77.7305,12.99043],[77.73041,12.99057],[77.73039,12.98982]]]},"properties":{"osm_id":1125347489,"name":null}},{"type":"Feature","geometry":{"type":"Polygon","coordinates":[[[77.6297,12.95082],[77.63048,12.95117],[77.63077,12.95143],[77.63111,12.95137],[77.63147,12.95122],[77.63136,12.95107],[77.63107,12.95112],[77.63084,12.95103],[77.6307,12.95086],[77.63059,12.9505],[77.63043,12.95039],[77.63016,12.95045],[77.62978,12.95043],[77.6297,12.95082]]]},"properties":{"osm_id":1125864815,"name":null}},{"type":"Feature","geometry":{"type":"Polygon","coordinates":[[[77.62832,12.95048],[77.62834,12.95055],[77.62886,12.95057],[77.6291,12.95069],[77.62911,12.95048],[77.6292,12.95052],[77.62921,12.95067],[77.62935,12.95071],[77.62952,12.9507],[77.62959,12.95046],[77.62944,12.95037],[77.6285,12.95024],[77.62832,12.95048]]]},"properties":{"osm_id":1125864816,"name":null}},{"type":"Feature","geometry":{"type":"Polygon","coordinates":[[[77.62749,12.95005],[77.62806,12.9503],[77.6283,12.9503],[77.62837,12.95018],[77.62836,12.95009],[77.62817,12.94992],[77.62769,12.94975],[77.62759,12.94977],[77.62751,12.94988],[77.62749,12.95005]]]},"properties":{"osm_id":1125864817,"name":null}},{"type":"Feature","geometry":{"type":"Polygon","coordinates":[[[77.53316,13.09938],[77.534,13.1],[77.53443,13.10066],[77.53464,13.10075],[77.53491,13.10069],[77.53521,13.10047],[77.53534,13.10029],[77.53582,13.10013],[77.53589,13.10002],[77.53588,13.09973],[77.53564,13.09946],[77.5354,13.09875],[77.53527,13.0986],[77.53488,13.09859],[77.53351,13.09901],[77.53332,13.0991],[77.53316,13.09927],[77.53316,13.09938]]]},"properties":{"osm_id":1127727172,"name":null}},{"type":"Feature","geometry":{"type":"Polygon","coordinates":[[[77.54013,13.09405],[77.54067,13.09441],[77.54096,13.0947],[77.54109,13.09518],[77.54109,13.09554],[77.54123,13.09569],[77.54147,13.09559],[77.54165,13.09515],[77.54211,13.0946],[77.54212,13.0941],[77.54148,13.09383],[77.54042,13.09376],[77.54023,13.09383],[77.54013,13.09405]]]},"properties":{"osm_id":1127727173,"name":null}},{"type":"Feature","geometry":{"type":"Polygon","coordinates":[[[77.53986,12.85668],[77.54012,12.85659],[77.54002,12.85643],[77.53983,12.85664],[77.53992,12.85662],[77.53987,12.85661],[77.54001,12.85649],[77.54006,12.85658],[77.53986,12.85668]]]},"properties":{"osm_id":1127816676,"name":null}},{"type":"Feature","geometry":{"type":"Polygon","coordinates":[[[77.54438,12.86858],[77.54363,12.86865],[77.54353,12.86847],[77.54354,12.86807],[77.54388,12.86788],[77.54442,12.86854],[77.54438,12.86858]]]},"properties":{"osm_id":1127833851,"name":"Baiyannakunte Lake"}},{"type":"Feature","geometry":{"type":"Polygon","coordinates":[[[77.69267,13.06743],[77.69267,13.06766],[77.69291,13.06772],[77.69302,13.06788],[77.69301,13.06797],[77.69294,13.06806],[77.69281,13.06803],[77.69275,13.06808],[77.69285,13.06818],[77.6927,13.06833],[77.69241,13.06832],[77.69238,13.06853],[77.69252,13.06841],[77.69268,13.06843],[77.69294,13.06832],[77.6931,13.06814],[77.69327,13.06812],[77.69327,13.06783],[77.69336,13.06774],[77.69331,13.0675],[77.69322,13.06748],[77.6932,13.06765],[77.6931,13.06771],[77.69284,13.06755],[77.69281,13.06747],[77.69307,13.06727],[77.69319,13.06739],[77.69341,13.0674],[77.69337,13.06712],[77.69325,13.06694],[77.69327,13.06684],[77.69313,13.06681],[77.6931,13.06699],[77.69298,13.06703],[77.69294,13.06715],[77.69281,13.06721],[77.69267,13.06743]]]},"properties":{"osm_id":1134262509,"name":null}},{"type":"Feature","geometry":{"type":"Polygon","coordinates":[[[77.6915,13.06599],[77.69163,13.06608],[77.69167,13.06602],[77.69157,13.0655],[77.69147,13.06551],[77.6914,13.06564],[77.6915,13.06599]]]},"properties":{"osm_id":1134262510,"name":null}},{"type":"Feature","geometry":{"type":"Polygon","coordinates":[[[77.6918,13.06547],[77.6919,13.0655],[77.69214,13.06541],[77.69222,13.06547],[77.69235,13.06544],[77.69246,13.06527],[77.69246,13.06514],[77.69225,13.06515],[77.69214,13.06501],[77.69186,13.06507],[77.69186,13.06527],[77.69177,13.06537],[77.6918,13.06547]]]},"properties":{"osm_id":1134262511,"name":null}},{"type":"Feature","geometry":{"type":"Polygon","coordinates":[[[77.69177,13.06318],[77.69189,13.06323],[77.69197,13.06318],[77.69206,13.06272],[77.69231,13.06256],[77.6923,13.06246],[77.69213,13.0625],[77.69199,13.06246],[77.69193,13.06258],[77.69176,13.06262],[77.69177,13.06318]]]},"properties":{"osm_id":1134262512,"name":null}},{"type":"Feature","geometry":{"type":"Polygon","coordinates":[[[77.49063,12.88168],[77.49121,12.88111],[77.49173,12.88101],[77.49225,12.88112],[77.49321,12.88008],[77.49327,12.87993],[77.4932,12.87968],[77.49307,12.87959],[77.4924,12.87961],[77.49189,12.87992],[77.49167,12.87997],[77.49145,12.87987],[77.49122,12.87966],[77.49081,12.87952],[77.49075,12.87955],[77.4907,12.87978],[77.4908,12.88053],[77.49063,12.88168]]]},"properties":{"osm_id":1143880775,"name":null}},{"type":"Feature","geometry":{"type":"Polygon","coordinates":[[[77.6459,13.0453],[77.6458,13.04537],[77.64586,13.04547],[77.64597,13.0454],[77.6459,13.0453]]]},"properties":{"osm_id":1148878233,"name":null}},{"type":"Feature","geometry":{"type":"Polygon","coordinates":[[[77.6462,13.04519],[77.6461,13.04525],[77.64616,13.04536],[77.64627,13.04529],[77.6462,13.04519]]]},"properties":{"osm_id":1148878234,"name":null}},{"type":"Feature","geometry":{"type":"Polygon","coordinates":[[[77.60489,13.04251],[77.60506,13.04247],[77.60513,13.04254],[77.60512,13.04264],[77.60494,13.04269],[77.60487,13.04261],[77.60489,13.04251]]]},"properties":{"osm_id":1154796018,"name":null}},{"type":"Feature","geometry":{"type":"Polygon","coordinates":[[[77.60521,13.04248],[77.60539,13.04243],[77.60544,13.0426],[77.60537,13.04267],[77.60526,13.04266],[77.60521,13.04248]]]},"properties":{"osm_id":1154796019,"name":null}},{"type":"Feature","geometry":{"type":"Polygon","coordinates":[[[77.60527,13.04293],[77.60544,13.04289],[77.6055,13.04306],[77.60532,13.04311],[77.60525,13.04303],[77.60527,13.04293]]]},"properties":{"osm_id":1154796020,"name":null}},{"type":"Feature","geometry":{"type":"Polygon","coordinates":[[[77.60495,13.04297],[77.60512,13.04293],[77.60518,13.0431],[77.605,13.04315],[77.60493,13.04307],[77.60495,13.04297]]]},"properties":{"osm_id":1154796021,"name":null}},{"type":"Feature","geometry":{"type":"Polygon","coordinates":[[[77.62333,13.07639],[77.62329,13.07671],[77.62271,13.07752],[77.62264,13.07777],[77.62355,13.07848],[77.62416,13.07871],[77.62464,13.0784],[77.62455,13.07795],[77.62381,13.07709],[77.62358,13.0762],[77.62345,13.07623],[77.62333,13.07639]]]},"properties":{"osm_id":1157366535,"name":"Sampigehalli Lake"}},{"type":"Feature","geometry":{"type":"Polygon","coordinates":[[[77.62148,12.95138],[77.62154,12.95153],[77.62134,12.95165],[77.62128,12.95151],[77.62148,12.95138]]]},"properties":{"osm_id":1158715754,"name":"K100"}},{"type":"Feature","geometry":{"type":"Polygon","coordinates":[[[77.62148,12.95138],[77.62178,12.9512],[77.6219,12.95104],[77.62196,12.95107],[77.62188,12.95131],[77.62172,12.95144],[77.62154,12.95153],[77.62148,12.95138]]]},"properties":{"osm_id":1158715755,"name":"K100"}},{"type":"Feature","geometry":{"type":"Polygon","coordinates":[[[77.76974,13.03958],[77.76986,13.03958],[77.76986,13.03946],[77.76974,13.03946],[77.76974,13.03958]]]},"properties":{"osm_id":1169237660,"name":null}},{"type":"Feature","geometry":{"type":"Polygon","coordinates":[[[77.76776,13.03976],[77.76788,13.03972],[77.76784,13.0396],[77.76772,13.03964],[77.76776,13.03976]]]},"properties":{"osm_id":1169237661,"name":null}},{"type":"Feature","geometry":{"type":"Polygon","coordinates":[[[77.77327,13.03995],[77.77328,13.03988],[77.77336,13.03989],[77.77335,13.03996],[77.77327,13.03995]]]},"properties":{"osm_id":1169237663,"name":null}},{"type":"Feature","geometry":{"type":"Polygon","coordinates":[[[77.77433,13.05243],[77.77432,13.05232],[77.77443,13.05232],[77.77443,13.05243],[77.77433,13.05243]]]},"properties":{"osm_id":1175407609,"name":null}},{"type":"Feature","geometry":{"type":"Polygon","coordinates":[[[77.76401,13.03926],[77.76375,13.03929],[77.76377,13.03905],[77.76389,13.03906],[77.76401,13.03926]]]},"properties":{"osm_id":1175428175,"name":null}},{"type":"Feature","geometry":{"type":"Polygon","coordinates":[[[77.75029,13.07695],[77.75033,13.07692],[77.75035,13.07697],[77.75029,13.07695]]]},"properties":{"osm_id":1175510472,"name":null}},{"type":"Feature","geometry":{"type":"Polygon","coordinates":[[[77.75815,13.0543],[77.75821,13.05434],[77.75815,13.05436],[77.75815,13.0543]]]},"properties":{"osm_id":1176053843,"name":null}},{"type":"Feature","geometry":{"type":"Polygon","coordinates":[[[77.77648,12.99781],[77.77647,12.99769],[77.77658,12.99763],[77.77648,12.99781]]]},"properties":{"osm_id":1176345260,"name":null}},{"type":"Feature","geometry":{"type":"Polygon","coordinates":[[[77.77489,12.99886],[77.77508,12.99893],[77.77506,12.99873],[77.77532,12.99824],[77.77502,12.99788],[77.77523,12.9979],[77.77531,12.99778],[77.77517,12.99732],[77.77471,12.99719],[77.77461,12.99623],[77.77432,12.99616],[77.77454,12.99725],[77.77439,12.99739],[77.77394,12.99695],[77.77356,12.99717],[77.77334,12.99755],[77.77269,12.99839],[77.77121,12.99846],[77.77087,12.99834],[77.77085,12.99851],[77.77121,12.99856],[77.77263,12.99849],[77.77299,12.9982],[77.7735,12.99741],[77.7738,12.99708],[77.77405,12.99714],[77.77496,12.99842],[77.77489,12.99886]]]},"properties":{"osm_id":1176345261,"name":null}},{"type":"Feature","geometry":{"type":"Polygon","coordinates":[[[77.75507,13.04707],[77.75498,13.04688],[77.75518,13.04679],[77.75519,13.04685],[77.75512,13.04688],[77.75518,13.0469],[77.75519,13.04702],[77.75507,13.04707]]]},"properties":{"osm_id":1176346298,"name":null}},{"type":"Feature","geometry":{"type":"Polygon","coordinates":[[[77.74676,13.08091],[77.74663,13.08065],[77.74682,13.08056],[77.74695,13.08082],[77.74676,13.08091]]]},"properties":{"osm_id":1176346644,"name":null}},{"type":"Feature","geometry":{"type":"Polygon","coordinates":[[[77.77429,13.02287],[77.7744,13.02285],[77.77439,13.02274],[77.77427,13.02276],[77.77429,13.02287]]]},"properties":{"osm_id":1176509736,"name":null}},{"type":"Feature","geometry":{"type":"Polygon","coordinates":[[[77.77307,13.02318],[77.77317,13.02318],[77.77317,13.02308],[77.77307,13.02308],[77.77307,13.02318]]]},"properties":{"osm_id":1176509737,"name":null}},{"type":"Feature","geometry":{"type":"Polygon","coordinates":[[[77.77629,13.02279],[77.7762,13.02271],[77.77629,13.02265],[77.77634,13.02273],[77.77629,13.02279]]]},"properties":{"osm_id":1176509739,"name":null}},{"type":"Feature","geometry":{"type":"Polygon","coordinates":[[[77.77351,13.02005],[77.77362,13.02002],[77.7736,13.0199],[77.77348,13.01993],[77.77351,13.02005]]]},"properties":{"osm_id":1176509743,"name":null}},{"type":"Feature","geometry":{"type":"Polygon","coordinates":[[[77.7762,13.03418],[77.77633,13.03418],[77.77632,13.03409],[77.77619,13.03409],[77.7762,13.03418]]]},"properties":{"osm_id":1176510336,"name":null}},{"type":"Feature","geometry":{"type":"Polygon","coordinates":[[[77.77911,13.03255],[77.77932,13.03252],[77.77928,13.03232],[77.77908,13.03235],[77.77911,13.03255]]]},"properties":{"osm_id":1176512306,"name":null}},{"type":"Feature","geometry":{"type":"Polygon","coordinates":[[[77.77903,13.03309],[77.77916,13.0331],[77.77918,13.03294],[77.77905,13.03292],[77.77903,13.03309]]]},"properties":{"osm_id":1176512307,"name":null}},{"type":"Feature","geometry":{"type":"Polygon","coordinates":[[[77.77964,13.03514],[77.77979,13.03513],[77.77979,13.03495],[77.77964,13.03496],[77.77964,13.03514]]]},"properties":{"osm_id":1176512310,"name":null}},{"type":"Feature","geometry":{"type":"Polygon","coordinates":[[[77.77834,13.03324],[77.77844,13.03322],[77.77843,13.03312],[77.77833,13.03313],[77.77834,13.03324]]]},"properties":{"osm_id":1176512312,"name":null}},{"type":"Feature","geometry":{"type":"Polygon","coordinates":[[[77.77878,13.03683],[77.77892,13.03682],[77.77892,13.03668],[77.77878,13.03668],[77.77878,13.03683]]]},"properties":{"osm_id":1176512313,"name":null}},{"type":"Feature","geometry":{"type":"Polygon","coordinates":[[[77.77866,13.03719],[77.77885,13.0372],[77.77886,13.03706],[77.77867,13.03705],[77.77866,13.03719]]]},"properties":{"osm_id":1176512314,"name":null}},{"type":"Feature","geometry":{"type":"Polygon","coordinates":[[[77.7774,13.04031],[77.77747,13.04027],[77.77742,13.04025],[77.7774,13.04031]]]},"properties":{"osm_id":1176512317,"name":null}},{"type":"Feature","geometry":{"type":"Polygon","coordinates":[[[77.77782,13.04089],[77.77792,13.04091],[77.77796,13.04074],[77.77787,13.04072],[77.77782,13.04089]]]},"properties":{"osm_id":1176512318,"name":null}},{"type":"Feature","geometry":{"type":"Polygon","coordinates":[[[77.77731,13.04094],[77.7774,13.04097],[77.77748,13.04074],[77.77739,13.0407],[77.77731,13.04094]]]},"properties":{"osm_id":1176512319,"name":null}},{"type":"Feature","geometry":{"type":"Polygon","coordinates":[[[77.7756,13.04049],[77.77573,13.0405],[77.77574,13.04039],[77.77561,13.04038],[77.7756,13.04049]]]},"properties":{"osm_id":1176512320,"name":null}},{"type":"Feature","geometry":{"type":"Polygon","coordinates":[[[77.77454,13.04022],[77.77469,13.04023],[77.77471,13.04007],[77.77456,13.04005],[77.77454,13.04022]]]},"properties":{"osm_id":1176512321,"name":null}},{"type":"Feature","geometry":{"type":"Polygon","coordinates":[[[77.77421,13.04013],[77.77435,13.04015],[77.77437,13.04001],[77.77423,13.03999],[77.77421,13.04013]]]},"properties":{"osm_id":1176512322,"name":null}},{"type":"Feature","geometry":{"type":"Polygon","coordinates":[[[77.7768,13.03161],[77.77689,13.03157],[77.77684,13.03144],[77.77674,13.03148],[77.7768,13.03161]]]},"properties":{"osm_id":1176512325,"name":null}},{"type":"Feature","geometry":{"type":"Polygon","coordinates":[[[77.77728,13.03546],[77.77738,13.03545],[77.77737,13.03529],[77.77727,13.0353],[77.77728,13.03546]]]},"properties":{"osm_id":1176512326,"name":null}},{"type":"Feature","geometry":{"type":"Polygon","coordinates":[[[77.77795,13.03151],[77.77782,13.03158],[77.77781,13.03166],[77.77797,13.03167],[77.77795,13.03151]]]},"properties":{"osm_id":1176512327,"name":null}},{"type":"Feature","geometry":{"type":"Polygon","coordinates":[[[77.77848,13.03693],[77.77846,13.03698],[77.77841,13.03694],[77.77848,13.03693]]]},"properties":{"osm_id":1176512328,"name":null}},{"type":"Feature","geometry":{"type":"Polygon","coordinates":[[[77.77276,13.03684],[77.77259,13.03684],[77.77258,13.03665],[77.77275,13.03664],[77.77276,13.03684]]]},"properties":{"osm_id":1176512329,"name":null}},{"type":"Feature","geometry":{"type":"Polygon","coordinates":[[[77.77145,13.04097],[77.77156,13.04097],[77.77156,13.04088],[77.77145,13.04088],[77.77145,13.04097]]]},"properties":{"osm_id":1176513389,"name":null}},{"type":"Feature","geometry":{"type":"Polygon","coordinates":[[[77.77199,13.04317],[77.77205,13.04317],[77.77205,13.04311],[77.77199,13.04311],[77.77199,13.04317]]]},"properties":{"osm_id":1176513390,"name":null}},{"type":"Feature","geometry":{"type":"Polygon","coordinates":[[[77.77133,13.0447],[77.77142,13.04469],[77.77141,13.04461],[77.77132,13.04462],[77.77133,13.0447]]]},"properties":{"osm_id":1176513391,"name":null}},{"type":"Feature","geometry":{"type":"Polygon","coordinates":[[[77.77458,13.04548],[77.77469,13.04548],[77.77469,13.04537],[77.77457,13.04538],[77.77458,13.04548]]]},"properties":{"osm_id":1176513392,"name":null}},{"type":"Feature","geometry":{"type":"Polygon","coordinates":[[[77.76826,13.04169],[77.76833,13.04169],[77.76833,13.04163],[77.76826,13.04163],[77.76826,13.04169]]]},"properties":{"osm_id":1176513394,"name":null}},{"type":"Feature","geometry":{"type":"Polygon","coordinates":[[[77.76828,13.04273],[77.76844,13.0427],[77.76842,13.04258],[77.76825,13.04261],[77.76828,13.04273]]]},"properties":{"osm_id":1176513395,"name":null}},{"type":"Feature","geometry":{"type":"Polygon","coordinates":[[[77.7685,13.04641],[77.76864,13.04643],[77.76866,13.0463],[77.76852,13.04628],[77.7685,13.04641]]]},"properties":{"osm_id":1176513475,"name":null}},{"type":"Feature","geometry":{"type":"Polygon","coordinates":[[[77.76982,13.04553],[77.76994,13.04555],[77.76996,13.04546],[77.76983,13.04544],[77.76982,13.04553]]]},"properties":{"osm_id":1176513476,"name":null}},{"type":"Feature","geometry":{"type":"Polygon","coordinates":[[[77.76644,13.04545],[77.76651,13.04544],[77.7665,13.04537],[77.76643,13.04537],[77.76644,13.04545]]]},"properties":{"osm_id":1176513477,"name":null}},{"type":"Feature","geometry":{"type":"Polygon","coordinates":[[[77.76881,13.05008],[77.76893,13.05007],[77.76892,13.04995],[77.7688,13.04997],[77.76881,13.05008]]]},"properties":{"osm_id":1176513478,"name":null}},{"type":"Feature","geometry":{"type":"Polygon","coordinates":[[[77.77716,13.04705],[77.77726,13.04705],[77.77726,13.04696],[77.77717,13.04695],[77.77716,13.04705]]]},"properties":{"osm_id":1176513652,"name":null}},{"type":"Feature","geometry":{"type":"Polygon","coordinates":[[[77.7773,13.04661],[77.77742,13.04662],[77.77743,13.04648],[77.7773,13.04648],[77.7773,13.04661]]]},"properties":{"osm_id":1176513653,"name":null}},{"type":"Feature","geometry":{"type":"Polygon","coordinates":[[[77.77166,13.01859],[77.77166,13.01836],[77.77178,13.01837],[77.77178,13.0186],[77.77166,13.01859]]]},"properties":{"osm_id":1176551811,"name":null}},{"type":"Feature","geometry":{"type":"Polygon","coordinates":[[[77.55595,12.87103],[77.55583,12.87111],[77.55538,12.87108],[77.55527,12.8709],[77.55535,12.87063],[77.55548,12.87048],[77.55581,12.87033],[77.55604,12.87047],[77.55605,12.87089],[77.55595,12.87103]]]},"properties":{"osm_id":1176579509,"name":"Thippasandra Lake"}},{"type":"Feature","geometry":{"type":"Polygon","coordinates":[[[77.76749,13.10382],[77.76764,13.10384],[77.76765,13.10371],[77.76752,13.10368],[77.76749,13.10382]]]},"properties":{"osm_id":1177239039,"name":null}},{"type":"Feature","geometry":{"type":"Polygon","coordinates":[[[77.77328,13.10096],[77.77328,13.10103],[77.77319,13.10103],[77.77319,13.10096],[77.77328,13.10096]]]},"properties":{"osm_id":1177239040,"name":null}},{"type":"Feature","geometry":{"type":"Polygon","coordinates":[[[77.77271,13.10112],[77.77278,13.10112],[77.77278,13.10103],[77.77271,13.10104],[77.77271,13.10112]]]},"properties":{"osm_id":1177239041,"name":null}},{"type":"Feature","geometry":{"type":"Polygon","coordinates":[[[77.77306,13.10223],[77.77306,13.10231],[77.77312,13.10231],[77.77311,13.10223],[77.77306,13.10223]]]},"properties":{"osm_id":1177239043,"name":null}},{"type":"Feature","geometry":{"type":"Polygon","coordinates":[[[77.77038,13.10158],[77.77046,13.10161],[77.77048,13.10154],[77.77041,13.10152],[77.77038,13.10158]]]},"properties":{"osm_id":1177239045,"name":null}},{"type":"Feature","geometry":{"type":"Polygon","coordinates":[[[77.76972,13.1018],[77.76984,13.10182],[77.76985,13.10173],[77.76974,13.10171],[77.76972,13.1018]]]},"properties":{"osm_id":1177239046,"name":null}},{"type":"Feature","geometry":{"type":"Polygon","coordinates":[[[77.77015,13.10207],[77.77022,13.10209],[77.77023,13.10204],[77.77016,13.10202],[77.77015,13.10207]]]},"properties":{"osm_id":1177239047,"name":null}},{"type":"Feature","geometry":{"type":"Polygon","coordinates":[[[77.75787,13.07742],[77.75785,13.07747],[77.75792,13.07748],[77.75787,13.07742]]]},"properties":{"osm_id":1177462538,"name":null}},{"type":"Feature","geometry":{"type":"Polygon","coordinates":[[[77.76164,13.06424],[77.7617,13.06419],[77.76163,13.06419],[77.76164,13.06424]]]},"properties":{"osm_id":1177504786,"name":null}},{"type":"Feature","geometry":{"type":"Polygon","coordinates":[[[77.75534,13.09687],[77.75535,13.09692],[77.75541,13.0969],[77.75534,13.09687]]]},"properties":{"osm_id":1177546360,"name":null}},{"type":"Feature","geometry":{"type":"Polygon","coordinates":[[[77.75372,13.09643],[77.75372,13.0965],[77.7538,13.09649],[77.7538,13.09642],[77.75372,13.09643]]]},"properties":{"osm_id":1177546362,"name":null}},{"type":"Feature","geometry":{"type":"Polygon","coordinates":[[[77.75368,13.09531],[77.75368,13.09537],[77.75374,13.09537],[77.75374,13.09531],[77.75368,13.09531]]]},"properties":{"osm_id":1177546363,"name":null}},{"type":"Feature","geometry":{"type":"Polygon","coordinates":[[[77.75374,13.09435],[77.75374,13.09442],[77.75381,13.09442],[77.75381,13.09435],[77.75374,13.09435]]]},"properties":{"osm_id":1177546364,"name":null}},{"type":"Feature","geometry":{"type":"Polygon","coordinates":[[[77.75538,13.09355],[77.75539,13.09362],[77.75546,13.09361],[77.75545,13.09354],[77.75538,13.09355]]]},"properties":{"osm_id":1177546365,"name":null}},{"type":"Feature","geometry":{"type":"Polygon","coordinates":[[[77.75728,13.09454],[77.75728,13.09464],[77.75737,13.09464],[77.75737,13.09454],[77.75728,13.09454]]]},"properties":{"osm_id":1177546368,"name":null}},{"type":"Feature","geometry":{"type":"Polygon","coordinates":[[[77.75376,13.09929],[77.75385,13.09932],[77.75378,13.09935],[77.75376,13.09929]]]},"properties":{"osm_id":1177546370,"name":null}},{"type":"Feature","geometry":{"type":"Polygon","coordinates":[[[77.75662,13.09905],[77.75664,13.09915],[77.75679,13.09911],[77.75675,13.09901],[77.75662,13.09905]]]},"properties":{"osm_id":1177546371,"name":null}},{"type":"Feature","geometry":{"type":"Polygon","coordinates":[[[77.76867,13.01575],[77.76873,13.01586],[77.76882,13.01581],[77.76876,13.01571],[77.76867,13.01575]]]},"properties":{"osm_id":1177758712,"name":null}},{"type":"Feature","geometry":{"type":"Polygon","coordinates":[[[77.76881,13.01455],[77.76882,13.01469],[77.76896,13.01468],[77.76895,13.01454],[77.76881,13.01455]]]},"properties":{"osm_id":1177758713,"name":null}},{"type":"Feature","geometry":{"type":"Polygon","coordinates":[[[77.76844,13.01483],[77.76857,13.0148],[77.76855,13.01472],[77.76842,13.01475],[77.76844,13.01483]]]},"properties":{"osm_id":1177758714,"name":null}},{"type":"Feature","geometry":{"type":"Polygon","coordinates":[[[77.77645,13.09448],[77.77645,13.09455],[77.77652,13.09454],[77.77645,13.09448]]]},"properties":{"osm_id":1177820718,"name":null}},{"type":"Feature","geometry":{"type":"Polygon","coordinates":[[[77.77436,13.09086],[77.77432,13.09093],[77.77439,13.09097],[77.77443,13.0909],[77.77436,13.09086]]]},"properties":{"osm_id":1177820719,"name":null}},{"type":"Feature","geometry":{"type":"Polygon","coordinates":[[[77.77498,13.09198],[77.77502,13.09205],[77.77505,13.09199],[77.77498,13.09198]]]},"properties":{"osm_id":1177820720,"name":null}},{"type":"Feature","geometry":{"type":"Polygon","coordinates":[[[77.77401,13.09391],[77.77408,13.09391],[77.77408,13.09384],[77.77401,13.09384],[77.77401,13.09391]]]},"properties":{"osm_id":1177820721,"name":null}},{"type":"Feature","geometry":{"type":"Polygon","coordinates":[[[77.77353,13.09492],[77.77349,13.09499],[77.77357,13.09503],[77.77361,13.09496],[77.77353,13.09492]]]},"properties":{"osm_id":1177820722,"name":null}},{"type":"Feature","geometry":{"type":"Polygon","coordinates":[[[77.77421,13.0945],[77.77428,13.0945],[77.77428,13.09445],[77.77422,13.09444],[77.77421,13.0945]]]},"properties":{"osm_id":1177820723,"name":null}},{"type":"Feature","geometry":{"type":"Polygon","coordinates":[[[77.77719,13.09493],[77.77719,13.09501],[77.77727,13.09502],[77.77727,13.09493],[77.77719,13.09493]]]},"properties":{"osm_id":1177820724,"name":null}},{"type":"Feature","geometry":{"type":"Polygon","coordinates":[[[77.77639,13.09443],[77.77651,13.09444],[77.77652,13.09433],[77.77639,13.09432],[77.77639,13.09443]]]},"properties":{"osm_id":1177820725,"name":null}},{"type":"Feature","geometry":{"type":"Polygon","coordinates":[[[77.77626,13.09499],[77.7764,13.095],[77.77641,13.09487],[77.77628,13.09486],[77.77626,13.09499]]]},"properties":{"osm_id":1177820726,"name":null}},{"type":"Feature","geometry":{"type":"Polygon","coordinates":[[[77.77396,13.09281],[77.77406,13.09281],[77.77406,13.09289],[77.77396,13.09288],[77.77396,13.09281]]]},"properties":{"osm_id":1177820727,"name":null}},{"type":"Feature","geometry":{"type":"Polygon","coordinates":[[[77.77396,13.09308],[77.77402,13.09303],[77.77396,13.09302],[77.77396,13.09308]]]},"properties":{"osm_id":1177820728,"name":null}},{"type":"Feature","geometry":{"type":"Polygon","coordinates":[[[77.77406,13.09102],[77.77406,13.09109],[77.77412,13.0911],[77.77413,13.09102],[77.77406,13.09102]]]},"properties":{"osm_id":1177820729,"name":null}},{"type":"Feature","geometry":{"type":"Polygon","coordinates":[[[77.7777,13.0904],[77.7777,13.09047],[77.77777,13.09047],[77.77777,13.0904],[77.7777,13.0904]]]},"properties":{"osm_id":1177820732,"name":null}},{"type":"Feature","geometry":{"type":"Polygon","coordinates":[[[77.77773,13.09133],[77.77772,13.09141],[77.77779,13.09141],[77.77779,13.09134],[77.77773,13.09133]]]},"properties":{"osm_id":1177820733,"name":null}},{"type":"Feature","geometry":{"type":"Polygon","coordinates":[[[77.77697,13.09188],[77.77702,13.09189],[77.77702,13.09183],[77.77697,13.09188]]]},"properties":{"osm_id":1177820734,"name":null}},{"type":"Feature","geometry":{"type":"Polygon","coordinates":[[[77.77641,13.09152],[77.7764,13.09164],[77.7765,13.09165],[77.77651,13.09153],[77.77641,13.09152]]]},"properties":{"osm_id":1177820736,"name":null}},{"type":"Feature","geometry":{"type":"Polygon","coordinates":[[[77.77622,13.09229],[77.77622,13.09239],[77.77632,13.0924],[77.77633,13.09229],[77.77622,13.09229]]]},"properties":{"osm_id":1177820737,"name":null}},{"type":"Feature","geometry":{"type":"Polygon","coordinates":[[[77.77616,13.09296],[77.77616,13.09303],[77.77625,13.09304],[77.77625,13.09296],[77.77616,13.09296]]]},"properties":{"osm_id":1177820738,"name":null}},{"type":"Feature","geometry":{"type":"Polygon","coordinates":[[[77.77812,13.10503],[77.77811,13.1051],[77.77817,13.10511],[77.77819,13.10504],[77.77812,13.10503]]]},"properties":{"osm_id":1178009578,"name":null}},{"type":"Feature","geometry":{"type":"Polygon","coordinates":[[[77.77639,13.10595],[77.77652,13.10598],[77.77649,13.10611],[77.77636,13.10608],[77.77639,13.10595]]]},"properties":{"osm_id":1178009579,"name":null}},{"type":"Feature","geometry":{"type":"Polygon","coordinates":[[[77.7704,13.10677],[77.77047,13.10677],[77.77047,13.10669],[77.7704,13.10669],[77.7704,13.10677]]]},"properties":{"osm_id":1178012604,"name":null}},{"type":"Feature","geometry":{"type":"Polygon","coordinates":[[[77.76863,13.10654],[77.76874,13.10655],[77.76874,13.10644],[77.76863,13.10644],[77.76863,13.10654]]]},"properties":{"osm_id":1178012605,"name":null}},{"type":"Feature","geometry":{"type":"Polygon","coordinates":[[[77.76942,13.10843],[77.76949,13.10843],[77.76949,13.10834],[77.76942,13.10835],[77.76942,13.10843]]]},"properties":{"osm_id":1178012607,"name":null}},{"type":"Feature","geometry":{"type":"Polygon","coordinates":[[[77.76969,13.10958],[77.76977,13.10958],[77.76976,13.10951],[77.76969,13.10951],[77.76969,13.10958]]]},"properties":{"osm_id":1178012608,"name":null}},{"type":"Feature","geometry":{"type":"Polygon","coordinates":[[[77.77355,13.06529],[77.77362,13.06531],[77.7736,13.06537],[77.77353,13.06536],[77.77355,13.06529]]]},"properties":{"osm_id":1178034994,"name":null}},{"type":"Feature","geometry":{"type":"Polygon","coordinates":[[[77.62925,12.83857],[77.62886,12.83861],[77.62856,12.83843],[77.62847,12.83801],[77.62849,12.83771],[77.62858,12.83767],[77.62866,12.83745],[77.62882,12.83744],[77.62898,12.83802],[77.62925,12.83857]]]},"properties":{"osm_id":1178402473,"name":null}},{"type":"Feature","geometry":{"type":"Polygon","coordinates":[[[77.61297,12.83181],[77.61307,12.83188],[77.61225,12.83284],[77.61197,12.83289],[77.61166,12.8328],[77.6115,12.83193],[77.61157,12.83191],[77.61172,12.83206],[77.612,12.83213],[77.61297,12.83181]]]},"properties":{"osm_id":1178402476,"name":"Chittekarepalya Lake"}},{"type":"Feature","geometry":{"type":"Polygon","coordinates":[[[77.61073,12.83843],[77.6106,12.83869],[77.6101,12.839],[77.60979,12.83901],[77.60927,12.8388],[77.60919,12.83869],[77.60917,12.83825],[77.60927,12.83754],[77.60972,12.83667],[77.60987,12.83602],[77.60993,12.836],[77.61009,12.83626],[77.61067,12.83671],[77.61095,12.83674],[77.61139,12.83657],[77.61144,12.83664],[77.61136,12.83686],[77.61092,12.83738],[77.61073,12.83843]]]},"properties":{"osm_id":1178402477,"name":"Hommadevanahalli Lake"}},{"type":"Feature","geometry":{"type":"Polygon","coordinates":[[[77.61763,12.83751],[77.61757,12.8376],[77.61706,12.83751],[77.61649,12.83721],[77.6164,12.83707],[77.61642,12.83693],[77.61657,12.83673],[77.61698,12.83637],[77.61729,12.83596],[77.61764,12.83733],[77.61763,12.83751]]]},"properties":{"osm_id":1178402478,"name":null}},{"type":"Feature","geometry":{"type":"Polygon","coordinates":[[[77.61384,12.84968],[77.61405,12.84977],[77.61426,12.8493],[77.61466,12.84894],[77.61494,12.84855],[77.61435,12.84849],[77.61345,12.84866],[77.61384,12.84968]]]},"properties":{"osm_id":1178402479,"name":"Mylasandra Chikka Kere"}},{"type":"Feature","geometry":{"type":"Polygon","coordinates":[[[77.62242,12.84613],[77.62317,12.8459],[77.62401,12.84594],[77.62361,12.84531],[77.62326,12.84504],[77.623,12.84472],[77.62281,12.84464],[77.62236,12.84475],[77.62222,12.84489],[77.62232,12.84597],[77.62242,12.84613]]]},"properties":{"osm_id":1178402480,"name":null}},{"type":"Feature","geometry":{"type":"Polygon","coordinates":[[[77.62175,12.8503],[77.62207,12.85027],[77.62254,12.85011],[77.62318,12.85005],[77.62302,12.84918],[77.62289,12.8489],[77.62228,12.84903],[77.62175,12.8503]]]},"properties":{"osm_id":1178402481,"name":null}},{"type":"Feature","geometry":{"type":"Polygon","coordinates":[[[77.61726,12.85468],[77.61761,12.85449],[77.61756,12.85426],[77.61765,12.85386],[77.61803,12.85312],[77.61796,12.85294],[77.61744,12.85284],[77.61633,12.85217],[77.61596,12.85213],[77.6158,12.85219],[77.61577,12.85231],[77.61602,12.85319],[77.61726,12.85468]]]},"properties":{"osm_id":1178402482,"name":null}},{"type":"Feature","geometry":{"type":"Polygon","coordinates":[[[77.75979,13.07327],[77.75933,13.07348],[77.75944,13.07375],[77.75984,13.07369],[77.75981,13.07362],[77.75994,13.07359],[77.75985,13.07339],[77.75996,13.07335],[77.75979,13.07327]]]},"properties":{"osm_id":1179654409,"name":null}},{"type":"Feature","geometry":{"type":"Polygon","coordinates":[[[77.75729,13.082],[77.7573,13.08206],[77.75724,13.08207],[77.75723,13.082],[77.75729,13.082]]]},"properties":{"osm_id":1179655081,"name":null}},{"type":"Feature","geometry":{"type":"Polygon","coordinates":[[[77.75715,13.0824],[77.75714,13.08233],[77.75719,13.08233],[77.75715,13.0824]]]},"properties":{"osm_id":1179655082,"name":null}},{"type":"Feature","geometry":{"type":"Polygon","coordinates":[[[77.77663,13.08252],[77.77675,13.08254],[77.77676,13.08242],[77.77665,13.08241],[77.77663,13.08252]]]},"properties":{"osm_id":1179655157,"name":null}},{"type":"Feature","geometry":{"type":"Polygon","coordinates":[[[77.75506,13.10972],[77.75521,13.1097],[77.75519,13.10955],[77.75504,13.10957],[77.75506,13.10972]]]},"properties":{"osm_id":1179656527,"name":null}},{"type":"Feature","geometry":{"type":"Polygon","coordinates":[[[77.75401,13.10232],[77.75407,13.10232],[77.75406,13.10224],[77.75401,13.10232]]]},"properties":{"osm_id":1179656529,"name":null}},{"type":"Feature","geometry":{"type":"Polygon","coordinates":[[[77.75778,13.10242],[77.75778,13.10248],[77.75785,13.10247],[77.75784,13.10241],[77.75778,13.10242]]]},"properties":{"osm_id":1179656530,"name":null}},{"type":"Feature","geometry":{"type":"Polygon","coordinates":[[[77.75824,13.10648],[77.75833,13.10647],[77.75832,13.10639],[77.75823,13.1064],[77.75824,13.10648]]]},"properties":{"osm_id":1179656532,"name":null}},{"type":"Feature","geometry":{"type":"Polygon","coordinates":[[[77.75822,13.10667],[77.75828,13.10667],[77.75828,13.10661],[77.75822,13.10667]]]},"properties":{"osm_id":1179656533,"name":null}},{"type":"Feature","geometry":{"type":"Polygon","coordinates":[[[77.76511,13.06009],[77.76517,13.06004],[77.7651,13.06004],[77.76511,13.06009]]]},"properties":{"osm_id":1179657038,"name":null}},{"type":"Feature","geometry":{"type":"Polygon","coordinates":[[[77.76666,13.06134],[77.76661,13.0614],[77.76668,13.06138],[77.76666,13.06134]]]},"properties":{"osm_id":1179657040,"name":null}},{"type":"Feature","geometry":{"type":"Polygon","coordinates":[[[77.76921,13.05866],[77.76926,13.0587],[77.76929,13.05865],[77.76924,13.05861],[77.76921,13.05866]]]},"properties":{"osm_id":1179657041,"name":null}},{"type":"Feature","geometry":{"type":"Polygon","coordinates":[[[77.75692,13.07167],[77.757,13.07165],[77.75697,13.0715],[77.75688,13.07152],[77.75692,13.07167]]]},"properties":{"osm_id":1179659387,"name":null}},{"type":"Feature","geometry":{"type":"Polygon","coordinates":[[[77.75392,13.07328],[77.75398,13.07328],[77.75398,13.07322],[77.75392,13.07322],[77.75392,13.07328]]]},"properties":{"osm_id":1179659388,"name":null}},{"type":"Feature","geometry":{"type":"Polygon","coordinates":[[[77.75171,13.07377],[77.7518,13.07377],[77.7518,13.07366],[77.75171,13.07366],[77.75171,13.07377]]]},"properties":{"osm_id":1179659389,"name":null}},{"type":"Feature","geometry":{"type":"Polygon","coordinates":[[[77.75174,13.07408],[77.75184,13.07407],[77.75182,13.07399],[77.75174,13.074],[77.75174,13.07408]]]},"properties":{"osm_id":1179659390,"name":null}},{"type":"Feature","geometry":{"type":"Polygon","coordinates":[[[77.77204,13.09554],[77.77213,13.09554],[77.77213,13.09546],[77.77204,13.09546],[77.77204,13.09554]]]},"properties":{"osm_id":1179757021,"name":null}},{"type":"Feature","geometry":{"type":"Polygon","coordinates":[[[77.77299,13.09598],[77.773,13.0959],[77.77306,13.0959],[77.77306,13.09598],[77.77299,13.09598]]]},"properties":{"osm_id":1179757022,"name":null}},{"type":"Feature","geometry":{"type":"Polygon","coordinates":[[[77.77293,13.09612],[77.77295,13.09605],[77.77302,13.09608],[77.773,13.09614],[77.77293,13.09612]]]},"properties":{"osm_id":1179757023,"name":null}},{"type":"Feature","geometry":{"type":"Polygon","coordinates":[[[77.77268,13.0966],[77.77275,13.09657],[77.77269,13.09655],[77.77268,13.0966]]]},"properties":{"osm_id":1179757024,"name":null}},{"type":"Feature","geometry":{"type":"Polygon","coordinates":[[[77.77209,13.09802],[77.77206,13.09809],[77.77212,13.09806],[77.77209,13.09802]]]},"properties":{"osm_id":1179757025,"name":null}},{"type":"Feature","geometry":{"type":"Polygon","coordinates":[[[77.77135,13.09728],[77.77142,13.09729],[77.77143,13.09723],[77.77135,13.09723],[77.77135,13.09728]]]},"properties":{"osm_id":1179757026,"name":null}},{"type":"Feature","geometry":{"type":"Polygon","coordinates":[[[77.77101,13.10037],[77.77101,13.10044],[77.7711,13.10045],[77.7711,13.10038],[77.77101,13.10037]]]},"properties":{"osm_id":1179757028,"name":null}},{"type":"Feature","geometry":{"type":"Polygon","coordinates":[[[77.77023,13.09952],[77.77022,13.09961],[77.77031,13.09963],[77.77033,13.09954],[77.77023,13.09952]]]},"properties":{"osm_id":1179757029,"name":null}},{"type":"Feature","geometry":{"type":"Polygon","coordinates":[[[77.76994,13.09988],[77.77012,13.09988],[77.77012,13.09972],[77.76995,13.09972],[77.76994,13.09988]]]},"properties":{"osm_id":1179757030,"name":null}},{"type":"Feature","geometry":{"type":"Polygon","coordinates":[[[77.76984,13.10032],[77.77002,13.10034],[77.77003,13.10023],[77.76986,13.1002],[77.76984,13.10032]]]},"properties":{"osm_id":1179757031,"name":null}},{"type":"Feature","geometry":{"type":"Polygon","coordinates":[[[77.77787,13.07701],[77.77791,13.07706],[77.77792,13.077],[77.77787,13.07701]]]},"properties":{"osm_id":1179904844,"name":null}},{"type":"Feature","geometry":{"type":"Polygon","coordinates":[[[77.77348,13.07469],[77.77348,13.07475],[77.77356,13.07474],[77.77348,13.07469]]]},"properties":{"osm_id":1179904848,"name":null}},{"type":"Feature","geometry":{"type":"Polygon","coordinates":[[[77.7797,13.08814],[77.7797,13.0882],[77.77976,13.0882],[77.7797,13.08814]]]},"properties":{"osm_id":1180111613,"name":null}},{"type":"Feature","geometry":{"type":"Polygon","coordinates":[[[77.77922,13.08781],[77.77923,13.08792],[77.77928,13.08791],[77.77922,13.08781]]]},"properties":{"osm_id":1180111614,"name":null}},{"type":"Feature","geometry":{"type":"Polygon","coordinates":[[[77.77982,13.07827],[77.77969,13.07826],[77.7797,13.07816],[77.77983,13.07816],[77.77982,13.07827]]]},"properties":{"osm_id":1180127098,"name":null}},{"type":"Feature","geometry":{"type":"Polygon","coordinates":[[[77.77782,13.07918],[77.77781,13.07924],[77.77789,13.07926],[77.77791,13.07919],[77.77782,13.07918]]]},"properties":{"osm_id":1180127100,"name":null}},{"type":"Feature","geometry":{"type":"Polygon","coordinates":[[[77.74985,13.10842],[77.74992,13.10842],[77.74992,13.10837],[77.74985,13.10837],[77.74985,13.10842]]]},"properties":{"osm_id":1180144617,"name":null}},{"type":"Feature","geometry":{"type":"Polygon","coordinates":[[[77.74693,13.10695],[77.74715,13.10678],[77.74709,13.10671],[77.74688,13.10688],[77.74693,13.10695]]]},"properties":{"osm_id":1180144618,"name":null}},{"type":"Feature","geometry":{"type":"Polygon","coordinates":[[[77.74856,13.10819],[77.74857,13.10841],[77.74866,13.10841],[77.74865,13.10818],[77.74856,13.10819]]]},"properties":{"osm_id":1180144620,"name":null}},{"type":"Feature","geometry":{"type":"Polygon","coordinates":[[[77.77835,13.05957],[77.7784,13.05961],[77.77844,13.05955],[77.7784,13.05951],[77.77835,13.05957]]]},"properties":{"osm_id":1180154679,"name":null}},{"type":"Feature","geometry":{"type":"Polygon","coordinates":[[[77.77884,13.06272],[77.77893,13.06274],[77.77895,13.06267],[77.77886,13.06265],[77.77884,13.06272]]]},"properties":{"osm_id":1180154680,"name":null}},{"type":"Feature","geometry":{"type":"Polygon","coordinates":[[[77.75755,13.03014],[77.75744,13.03021],[77.75749,13.03029],[77.75761,13.03022],[77.75755,13.03014]]]},"properties":{"osm_id":1180171215,"name":null}},{"type":"Feature","geometry":{"type":"Polygon","coordinates":[[[77.75842,13.028],[77.75858,13.02804],[77.75861,13.02792],[77.75845,13.02788],[77.75842,13.028]]]},"properties":{"osm_id":1180171216,"name":null}},{"type":"Feature","geometry":{"type":"Polygon","coordinates":[[[77.75779,13.0288],[77.75795,13.02884],[77.75789,13.02902],[77.75774,13.02898],[77.75779,13.0288]]]},"properties":{"osm_id":1180255317,"name":null}},{"type":"Feature","geometry":{"type":"Polygon","coordinates":[[[77.76546,13.01813],[77.76548,13.01802],[77.76555,13.018],[77.76551,13.01792],[77.76522,13.01803],[77.76546,13.01813]]]},"properties":{"osm_id":1180256142,"name":null}},{"type":"Feature","geometry":{"type":"Polygon","coordinates":[[[77.77857,13.06337],[77.7787,13.06343],[77.77866,13.06351],[77.77853,13.06345],[77.77857,13.06337]]]},"properties":{"osm_id":1180257381,"name":null}},{"type":"Feature","geometry":{"type":"Polygon","coordinates":[[[77.77775,13.064],[77.77788,13.0641],[77.7781,13.06446],[77.77797,13.06457],[77.77777,13.06462],[77.77763,13.06456],[77.77742,13.0643],[77.77717,13.0643],[77.77696,13.06438],[77.7768,13.06427],[77.77667,13.06439],[77.77678,13.06467],[77.77662,13.06487],[77.77625,13.06493],[77.77602,13.06472],[77.77627,13.06455],[77.77643,13.06423],[77.77658,13.06414],[77.77676,13.06375],[77.77696,13.0635],[77.77738,13.06347],[77.77759,13.06361],[77.77775,13.064]]]},"properties":{"osm_id":1180257382,"name":null}},{"type":"Feature","geometry":{"type":"Polygon","coordinates":[[[77.77788,13.0609],[77.77795,13.06093],[77.77793,13.06101],[77.77785,13.06098],[77.77788,13.0609]]]},"properties":{"osm_id":1180258900,"name":null}},{"type":"Feature","geometry":{"type":"Polygon","coordinates":[[[77.55376,13.09254],[77.55411,13.09226],[77.55523,13.09194],[77.55606,13.09181],[77.55613,13.09166],[77.55608,13.09148],[77.55599,13.09141],[77.55531,13.09145],[77.55492,13.0912],[77.55457,13.0913],[77.55437,13.09142],[77.55404,13.0919],[77.55393,13.09174],[77.55354,13.09198],[77.55349,13.09227],[77.55376,13.09254]]]},"properties":{"osm_id":1181417682,"name":"Chikkabettahalli Lake"}},{"type":"Feature","geometry":{"type":"Polygon","coordinates":[[[77.75739,13.10285],[77.75735,13.1029],[77.7574,13.10291],[77.75739,13.10285]]]},"properties":{"osm_id":1181947131,"name":null}},{"type":"Feature","geometry":{"type":"Polygon","coordinates":[[[77.7542,13.1069],[77.75422,13.10698],[77.75413,13.10699],[77.75411,13.10692],[77.7542,13.1069]]]},"properties":{"osm_id":1181953989,"name":null}},{"type":"Feature","geometry":{"type":"Polygon","coordinates":[[[77.74245,13.07786],[77.74239,13.0779],[77.74245,13.07791],[77.74245,13.07786]]]},"properties":{"osm_id":1181960736,"name":null}},{"type":"Feature","geometry":{"type":"Polygon","coordinates":[[[77.74325,13.07809],[77.74318,13.07813],[77.74322,13.07818],[77.74328,13.07814],[77.74325,13.07809]]]},"properties":{"osm_id":1181960737,"name":null}},{"type":"Feature","geometry":{"type":"Polygon","coordinates":[[[77.74549,13.08128],[77.74549,13.08139],[77.7456,13.08139],[77.7456,13.08128],[77.74549,13.08128]]]},"properties":{"osm_id":1181960740,"name":null}},{"type":"Feature","geometry":{"type":"Polygon","coordinates":[[[77.76711,13.0629],[77.76705,13.06294],[77.76711,13.06295],[77.76711,13.0629]]]},"properties":{"osm_id":1181972482,"name":null}},{"type":"Feature","geometry":{"type":"Polygon","coordinates":[[[77.77146,13.0569],[77.77147,13.057],[77.77153,13.057],[77.77152,13.05689],[77.77146,13.0569]]]},"properties":{"osm_id":1181972483,"name":null}},{"type":"Feature","geometry":{"type":"Polygon","coordinates":[[[77.77008,13.10652],[77.77014,13.10652],[77.77014,13.10659],[77.77008,13.10652]]]},"properties":{"osm_id":1181975829,"name":null}},{"type":"Feature","geometry":{"type":"Polygon","coordinates":[[[77.58998,13.09136],[77.5899,13.09144],[77.58975,13.0913],[77.58984,13.09122],[77.58998,13.09136]]]},"properties":{"osm_id":1186494031,"name":null}},{"type":"Feature","geometry":{"type":"Polygon","coordinates":[[[77.56206,12.98165],[77.56246,12.98181],[77.56261,12.98196],[77.56267,12.98212],[77.56255,12.9822],[77.56239,12.98199],[77.56204,12.98193],[77.56206,12.98165]]]},"properties":{"osm_id":1187741526,"name":null}},{"type":"Feature","geometry":{"type":"Polygon","coordinates":[[[77.56255,12.9822],[77.56267,12.98212],[77.56276,12.98239],[77.56262,12.9824],[77.56255,12.9822]]]},"properties":{"osm_id":1187741527,"name":null}},{"type":"Feature","geometry":{"type":"Polygon","coordinates":[[[77.65255,13.074],[77.65265,13.07398],[77.65288,13.07375],[77.65275,13.07376],[77.65255,13.074]]]},"properties":{"osm_id":1187891463,"name":null}},{"type":"Feature","geometry":{"type":"Polygon","coordinates":[[[77.64242,13.0768],[77.64201,13.07718],[77.64177,13.07695],[77.6421,13.0766],[77.64242,13.0768]]]},"properties":{"osm_id":1187891468,"name":null}},{"type":"Feature","geometry":{"type":"Polygon","coordinates":[[[77.68704,12.9412],[77.68703,12.9409],[77.68684,12.94069],[77.68693,12.94062],[77.68741,12.94078],[77.68815,12.9409],[77.68813,12.9411],[77.68736,12.94109],[77.68704,12.9412]]]},"properties":{"osm_id":1188323418,"name":null}},{"type":"Feature","geometry":{"type":"Polygon","coordinates":[[[77.57699,12.85954],[77.57682,12.85938],[77.57676,12.85923],[77.57675,12.85856],[77.5766,12.85733],[77.57672,12.85736],[77.57677,12.85756],[77.57693,12.85764],[77.57754,12.85761],[77.57734,12.85813],[77.57751,12.85901],[77.57748,12.8594],[77.57728,12.8593],[77.57709,12.85954],[77.57699,12.85954]]]},"properties":{"osm_id":1189440572,"name":null}},{"type":"Feature","geometry":{"type":"Polygon","coordinates":[[[77.7117,12.95566],[77.71176,12.95566],[77.71177,12.95549],[77.7117,12.95549],[77.7117,12.95566]]]},"properties":{"osm_id":1193082967,"name":null}},{"type":"Feature","geometry":{"type":"Polygon","coordinates":[[[77.76363,13.03858],[77.76379,13.03855],[77.76377,13.03869],[77.76363,13.03858]]]},"properties":{"osm_id":1194660534,"name":null}},{"type":"Feature","geometry":{"type":"Polygon","coordinates":[[[77.50888,12.85171],[77.50928,12.85177],[77.50965,12.85173],[77.50996,12.85196],[77.51009,12.85183],[77.51015,12.85163],[77.51002,12.85137],[77.51008,12.85125],[77.50993,12.85118],[77.50927,12.85124],[77.50888,12.85097],[77.5088,12.85116],[77.5088,12.85152],[77.50888,12.85171]]]},"properties":{"osm_id":1195513695,"name":null}},{"type":"Feature","geometry":{"type":"Polygon","coordinates":[[[77.53976,13.08605],[77.53995,13.08621],[77.53993,13.08628],[77.53949,13.08654],[77.53961,13.08595],[77.53976,13.08605]]]},"properties":{"osm_id":1195998718,"name":null}},{"type":"Feature","geometry":{"type":"Polygon","coordinates":[[[77.6599,12.93805],[77.65977,12.93803],[77.65966,12.9381],[77.65964,12.93823],[77.65972,12.93834],[77.65985,12.93836],[77.65996,12.93828],[77.65998,12.93816],[77.6599,12.93805]]]},"properties":{"osm_id":1197583707,"name":null}},{"type":"Feature","geometry":{"type":"Polygon","coordinates":[[[77.6587,12.93846],[77.65858,12.93844],[77.65849,12.93851],[77.65846,12.93863],[77.65854,12.93873],[77.65866,12.93875],[77.65875,12.93868],[77.65877,12.93856],[77.6587,12.93846]]]},"properties":{"osm_id":1197583708,"name":null}},{"type":"Feature","geometry":{"type":"Polygon","coordinates":[[[77.65657,12.93989],[77.65645,12.93996],[77.65652,12.94007],[77.65664,12.94],[77.65657,12.93989]]]},"properties":{"osm_id":1197583709,"name":null}},{"type":"Feature","geometry":{"type":"Polygon","coordinates":[[[77.65627,12.9401],[77.65616,12.94017],[77.65623,12.94028],[77.65634,12.94021],[77.65627,12.9401]]]},"properties":{"osm_id":1197583710,"name":null}},{"type":"Feature","geometry":{"type":"Polygon","coordinates":[[[77.65672,12.94112],[77.65659,12.9411],[77.65649,12.94117],[77.65647,12.94129],[77.65654,12.9414],[77.65667,12.94142],[77.65677,12.94135],[77.65679,12.94122],[77.65672,12.94112]]]},"properties":{"osm_id":1197583711,"name":null}},{"type":"Feature","geometry":{"type":"Polygon","coordinates":[[[77.65674,12.94075],[77.65661,12.94073],[77.6565,12.9408],[77.65648,12.94093],[77.65656,12.94103],[77.65668,12.94105],[77.65679,12.94098],[77.65681,12.94085],[77.65674,12.94075]]]},"properties":{"osm_id":1197583712,"name":null}},{"type":"Feature","geometry":{"type":"Polygon","coordinates":[[[77.65676,12.94039],[77.65664,12.94037],[77.65653,12.94044],[77.65651,12.94057],[77.65659,12.94067],[77.65671,12.94069],[77.65682,12.94062],[77.65684,12.94049],[77.65676,12.94039]]]},"properties":{"osm_id":1197583713,"name":null}},{"type":"Feature","geometry":{"type":"Polygon","coordinates":[[[77.58842,12.84579],[77.58851,12.84578],[77.58861,12.84554],[77.58883,12.8453],[77.58933,12.84507],[77.58983,12.8451],[77.59009,12.84522],[77.58955,12.84396],[77.58932,12.84398],[77.58865,12.84426],[77.58862,12.8452],[77.58842,12.84579]]]},"properties":{"osm_id":1199400807,"name":"Basavanapura Pond"}},{"type":"Feature","geometry":{"type":"Polygon","coordinates":[[[77.60796,12.86231],[77.60715,12.86237],[77.60703,12.86244],[77.60705,12.86256],[77.60752,12.86329],[77.60746,12.86354],[77.60789,12.86353],[77.60809,12.86367],[77.6083,12.86269],[77.60861,12.8625],[77.60867,12.86225],[77.60796,12.86231]]]},"properties":{"osm_id":1199400889,"name":"Chandrasekhar Layout Lake"}},{"type":"Feature","geometry":{"type":"Polygon","coordinates":[[[77.71707,12.93177],[77.71738,12.93185],[77.71775,12.93265],[77.71759,12.93272],[77.71722,12.93269],[77.71707,12.93264],[77.7169,12.93248],[77.71681,12.93229],[77.71684,12.93197],[77.71707,12.93177]]]},"properties":{"osm_id":1204143845,"name":null}},{"type":"Feature","geometry":{"type":"Polygon","coordinates":[[[77.52029,12.93181],[77.52015,12.93196],[77.52017,12.93216],[77.52032,12.93229],[77.52052,12.93228],[77.52066,12.93213],[77.52065,12.93193],[77.52049,12.9318],[77.52029,12.93181]]]},"properties":{"osm_id":1204456615,"name":null}},{"type":"Feature","geometry":{"type":"Polygon","coordinates":[[[77.52406,12.93478],[77.52389,12.93485],[77.52383,12.93502],[77.52391,12.93519],[77.52408,12.93525],[77.52425,12.93517],[77.52431,12.935],[77.52423,12.93484],[77.52406,12.93478]]]},"properties":{"osm_id":1204456616,"name":null}},{"type":"Feature","geometry":{"type":"Polygon","coordinates":[[[77.52357,12.93461],[77.5234,12.93469],[77.52334,12.93486],[77.52341,12.93502],[77.52359,12.93508],[77.52376,12.93501],[77.52382,12.93484],[77.52374,12.93468],[77.52357,12.93461]]]},"properties":{"osm_id":1204456617,"name":null}},{"type":"Feature","geometry":{"type":"Polygon","coordinates":[[[77.52309,12.93443],[77.52293,12.9345],[77.52286,12.93467],[77.52294,12.93484],[77.52311,12.9349],[77.52328,12.93482],[77.52335,12.93465],[77.52327,12.93449],[77.52309,12.93443]]]},"properties":{"osm_id":1204456618,"name":null}},{"type":"Feature","geometry":{"type":"Polygon","coordinates":[[[77.52258,12.93442],[77.52241,12.93449],[77.52235,12.93466],[77.52242,12.93483],[77.5226,12.93489],[77.52277,12.93482],[77.52283,12.93465],[77.52275,12.93448],[77.52258,12.93442]]]},"properties":{"osm_id":1204456619,"name":null}},{"type":"Feature","geometry":{"type":"Polygon","coordinates":[[[77.52161,12.93363],[77.52151,12.93367],[77.52147,12.93377],[77.52162,12.93391],[77.52176,12.93376],[77.52172,12.93366],[77.52161,12.93363]]]},"properties":{"osm_id":1204456620,"name":null}},{"type":"Feature","geometry":{"type":"Polygon","coordinates":[[[77.52133,12.9334],[77.52123,12.93344],[77.52119,12.93354],[77.52134,12.93368],[77.52148,12.93353],[77.52133,12.9334]]]},"properties":{"osm_id":1204456621,"name":null}},{"type":"Feature","geometry":{"type":"Polygon","coordinates":[[[77.52181,12.93391],[77.52171,12.93395],[77.52167,12.93405],[77.52171,12.93415],[77.52182,12.93419],[77.52196,12.93404],[77.52181,12.93391]]]},"properties":{"osm_id":1204456622,"name":null}},{"type":"Feature","geometry":{"type":"Polygon","coordinates":[[[77.52144,12.93392],[77.5213,12.93407],[77.5214,12.9342],[77.52151,12.93419],[77.52159,12.93406],[77.52144,12.93392]]]},"properties":{"osm_id":1204456623,"name":null}},{"type":"Feature","geometry":{"type":"Polygon","coordinates":[[[77.52179,12.93472],[77.52167,12.93477],[77.52163,12.93489],[77.52168,12.935],[77.5218,12.93504],[77.52191,12.93499],[77.52195,12.93487],[77.5219,12.93476],[77.52179,12.93472]]]},"properties":{"osm_id":1204456624,"name":null}},{"type":"Feature","geometry":{"type":"Polygon","coordinates":[[[77.76919,13.09897],[77.76986,13.0991],[77.76987,13.09904],[77.76966,13.09896],[77.76956,13.09885],[77.76913,13.09886],[77.76885,13.0988],[77.76919,13.09897]]]},"properties":{"osm_id":1206768376,"name":null}},{"type":"Feature","geometry":{"type":"Polygon","coordinates":[[[77.76837,13.09905],[77.76884,13.09907],[77.76885,13.09886],[77.76838,13.09883],[77.76837,13.09905]]]},"properties":{"osm_id":1206768377,"name":null}},{"type":"Feature","geometry":{"type":"Polygon","coordinates":[[[77.77083,13.09972],[77.7709,13.09972],[77.7709,13.09965],[77.77083,13.09966],[77.77083,13.09972]]]},"properties":{"osm_id":1206768383,"name":null}},{"type":"Feature","geometry":{"type":"Polygon","coordinates":[[[77.77065,13.1008],[77.77067,13.1007],[77.77085,13.10073],[77.77084,13.1008],[77.77065,13.1008]]]},"properties":{"osm_id":1206768387,"name":null}},{"type":"Feature","geometry":{"type":"Polygon","coordinates":[[[77.62193,12.91814],[77.62199,12.91818],[77.62221,12.91782],[77.62214,12.91779],[77.62193,12.91814]]]},"properties":{"osm_id":1208101962,"name":null}},{"type":"Feature","geometry":{"type":"Polygon","coordinates":[[[77.62221,12.91765],[77.62226,12.91768],[77.62231,12.91749],[77.62221,12.91765]]]},"properties":{"osm_id":1208101963,"name":null}},{"type":"Feature","geometry":{"type":"Polygon","coordinates":[[[77.62318,12.91717],[77.62374,12.91728],[77.62368,12.91716],[77.62329,12.91703],[77.62318,12.91717]]]},"properties":{"osm_id":1208101964,"name":null}},{"type":"Feature","geometry":{"type":"Polygon","coordinates":[[[77.62374,12.91728],[77.62477,12.91743],[77.62566,12.91741],[77.62836,12.91661],[77.62888,12.91654],[77.62887,12.91644],[77.62837,12.9165],[77.62564,12.91731],[77.6248,12.91736],[77.62368,12.91716],[77.62374,12.91728]]]},"properties":{"osm_id":1208101965,"name":null}},{"type":"Feature","geometry":{"type":"Polygon","coordinates":[[[77.72379,12.9568],[77.72387,12.95699],[77.72405,12.95693],[77.72387,12.95677],[77.72379,12.9568]]]},"properties":{"osm_id":1210203298,"name":null}},{"type":"Feature","geometry":{"type":"Polygon","coordinates":[[[77.72379,12.9568],[77.72387,12.95677],[77.72381,12.9566],[77.72383,12.95597],[77.72377,12.95598],[77.72379,12.9568]]]},"properties":{"osm_id":1210203299,"name":null}},{"type":"Feature","geometry":{"type":"Polygon","coordinates":[[[77.57293,13.01208],[77.57294,13.0123],[77.57287,13.01239],[77.57275,13.01241],[77.57266,13.01232],[77.57234,13.01225],[77.57223,13.0123],[77.57231,13.01197],[77.57242,13.01179],[77.57283,13.01183],[77.57293,13.01208]]]},"properties":{"osm_id":1214107286,"name":null}},{"type":"Feature","geometry":{"type":"Polygon","coordinates":[[[77.67718,12.99503],[77.67716,12.99499],[77.67728,12.99492],[77.67731,12.995],[77.67718,12.99503]]]},"properties":{"osm_id":1214132958,"name":"Kaveri Water Tank"}},{"type":"Feature","geometry":{"type":"Polygon","coordinates":[[[77.77591,13.0915],[77.7759,13.09157],[77.77597,13.09157],[77.77597,13.0915],[77.77591,13.0915]]]},"properties":{"osm_id":1215962481,"name":null}},{"type":"Feature","geometry":{"type":"Polygon","coordinates":[[[77.7767,13.09507],[77.77684,13.09508],[77.77685,13.09495],[77.77671,13.09494],[77.7767,13.09507]]]},"properties":{"osm_id":1215962488,"name":null}},{"type":"Feature","geometry":{"type":"Polygon","coordinates":[[[77.76039,13.07039],[77.76041,13.07048],[77.76046,13.07047],[77.76044,13.07037],[77.76039,13.07039]]]},"properties":{"osm_id":1215962496,"name":null}},{"type":"Feature","geometry":{"type":"Polygon","coordinates":[[[77.76046,13.07037],[77.76048,13.07044],[77.76056,13.07041],[77.76054,13.07034],[77.76046,13.07037]]]},"properties":{"osm_id":1215962497,"name":null}},{"type":"Feature","geometry":{"type":"Polygon","coordinates":[[[77.76062,13.07121],[77.76063,13.07126],[77.76071,13.07123],[77.7607,13.07118],[77.76062,13.07121]]]},"properties":{"osm_id":1215962498,"name":null}},{"type":"Feature","geometry":{"type":"Polygon","coordinates":[[[77.76045,13.07126],[77.76046,13.07131],[77.76059,13.07127],[77.76045,13.07126]]]},"properties":{"osm_id":1215962499,"name":null}},{"type":"Feature","geometry":{"type":"Polygon","coordinates":[[[77.76127,13.07199],[77.76129,13.07206],[77.76135,13.07204],[77.76133,13.07197],[77.76127,13.07199]]]},"properties":{"osm_id":1215962500,"name":null}},{"type":"Feature","geometry":{"type":"Polygon","coordinates":[[[77.77552,13.09966],[77.77563,13.0996],[77.77575,13.09966],[77.7758,13.09953],[77.77572,13.09946],[77.77595,13.09934],[77.7759,13.09894],[77.77623,13.09898],[77.77616,13.09889],[77.77633,13.09871],[77.77636,13.09851],[77.77623,13.09839],[77.7763,13.0983],[77.77619,13.09826],[77.77658,13.09816],[77.77667,13.09821],[77.77683,13.09802],[77.77737,13.0978],[77.77745,13.09727],[77.77742,13.09685],[77.77718,13.0968],[77.77716,13.09693],[77.77702,13.09711],[77.77702,13.09701],[77.77688,13.09681],[77.77678,13.09689],[77.77665,13.09685],[77.77665,13.09671],[77.77678,13.09667],[77.77674,13.09657],[77.77657,13.09651],[77.77657,13.09644],[77.77671,13.09639],[77.7766,13.09631],[77.77674,13.09633],[77.77683,13.09602],[77.77678,13.09582],[77.77669,13.09576],[77.77695,13.0956],[77.77692,13.09551],[77.7772,13.09545],[77.77671,13.09537],[77.77655,13.09524],[77.77642,13.09528],[77.77635,13.09543],[77.77628,13.0954],[77.77619,13.09547],[77.77634,13.09555],[77.77604,13.0956],[77.7758,13.09589],[77.77579,13.09604],[77.7757,13.0961],[77.77578,13.09618],[77.77561,13.09628],[77.77562,13.09642],[77.77545,13.09688],[77.77501,13.09769],[77.77503,13.09777],[77.77496,13.0978],[77.77484,13.09828],[77.77475,13.09899],[77.77491,13.09908],[77.77497,13.09971],[77.77517,13.09972],[77.77537,13.09957],[77.77552,13.09966]]]},"properties":{"osm_id":1215967893,"name":null}},{"type":"Feature","geometry":{"type":"Polygon","coordinates":[[[77.77865,13.03584],[77.77877,13.03584],[77.77878,13.03567],[77.77865,13.03567],[77.77865,13.03584]]]},"properties":{"osm_id":1216191638,"name":null}},{"type":"Feature","geometry":{"type":"Polygon","coordinates":[[[77.77464,13.03731],[77.77476,13.03729],[77.7747,13.03685],[77.77458,13.03686],[77.77464,13.03731]]]},"properties":{"osm_id":1216191640,"name":null}},{"type":"Feature","geometry":{"type":"Polygon","coordinates":[[[77.76769,13.03893],[77.76776,13.03891],[77.76773,13.03881],[77.76765,13.03883],[77.76769,13.03893]]]},"properties":{"osm_id":1216191642,"name":null}},{"type":"Feature","geometry":{"type":"Polygon","coordinates":[[[77.77579,13.10983],[77.77578,13.10991],[77.77588,13.10992],[77.77589,13.10985],[77.77579,13.10983]]]},"properties":{"osm_id":1216753636,"name":null}},{"type":"Feature","geometry":{"type":"Polygon","coordinates":[[[77.71948,12.97191],[77.72004,12.9719],[77.72062,12.97203],[77.72045,12.97231],[77.72023,12.97249],[77.72002,12.97254],[77.71981,12.97248],[77.71974,12.97243],[77.71977,12.97235],[77.71968,12.97231],[77.71943,12.97238],[77.7194,12.97226],[77.71948,12.97191]]]},"properties":{"osm_id":1219313043,"name":null}},{"type":"Feature","geometry":{"type":"Polygon","coordinates":[[[77.49363,12.91911],[77.49359,12.91892],[77.49367,12.91884],[77.49383,12.91886],[77.4939,12.91894],[77.49386,12.91909],[77.49377,12.91915],[77.49363,12.91911]]]},"properties":{"osm_id":1219569934,"name":null}},{"type":"Feature","geometry":{"type":"Polygon","coordinates":[[[77.49423,12.91884],[77.4944,12.91894],[77.49453,12.91885],[77.49454,12.91874],[77.49448,12.91865],[77.49432,12.91863],[77.49424,12.91869],[77.49423,12.91884]]]},"properties":{"osm_id":1219569935,"name":null}},{"type":"Feature","geometry":{"type":"Polygon","coordinates":[[[77.49338,12.91937],[77.49349,12.9194],[77.49352,12.91925],[77.4934,12.91924],[77.49338,12.91937]]]},"properties":{"osm_id":1219569936,"name":null}},{"type":"Feature","geometry":{"type":"Polygon","coordinates":[[[77.49366,12.91962],[77.49378,12.91964],[77.49383,12.91957],[77.4938,12.91949],[77.49366,12.9195],[77.49366,12.91962]]]},"properties":{"osm_id":1219569937,"name":null}},{"type":"Feature","geometry":{"type":"Polygon","coordinates":[[[77.68194,13.08808],[77.68211,13.0884],[77.68236,13.08848],[77.68269,13.08869],[77.68382,13.08848],[77.68387,13.08798],[77.68466,13.08778],[77.68498,13.08785],[77.6852,13.0874],[77.68479,13.08693],[77.68457,13.08691],[77.68445,13.08713],[77.68395,13.08731],[77.68341,13.08725],[77.68311,13.08748],[77.68296,13.08751],[77.68271,13.08749],[77.68254,13.08726],[77.68223,13.08728],[77.68147,13.08716],[77.68194,13.08808]]]},"properties":{"osm_id":1226525966,"name":"Yerappanahalli Lake"}},{"type":"Feature","geometry":{"type":"Polygon","coordinates":[[[77.72219,12.98196],[77.72217,12.98178],[77.72223,12.98174],[77.7224,12.98179],[77.72236,12.9817],[77.72246,12.98164],[77.7224,12.98161],[77.72241,12.98151],[77.72228,12.98146],[77.72237,12.98125],[77.72257,12.98095],[77.72279,12.98108],[77.72272,12.98095],[77.72252,12.98092],[77.72232,12.98112],[77.72212,12.98189],[77.72219,12.98196]]]},"properties":{"osm_id":1233527831,"name":null}},{"type":"Feature","geometry":{"type":"Polygon","coordinates":[[[77.68972,12.95557],[77.68955,12.95553],[77.68881,12.95785],[77.68869,12.96027],[77.68894,12.96102],[77.6892,12.96102],[77.68893,12.96016],[77.68906,12.95758],[77.68972,12.95557]]]},"properties":{"osm_id":1234104579,"name":null}},{"type":"Feature","geometry":{"type":"Polygon","coordinates":[[[77.69217,13.0619],[77.69239,13.06183],[77.69242,13.06157],[77.69237,13.06144],[77.6922,13.06137],[77.69211,13.0614],[77.69203,13.06157],[77.69207,13.06181],[77.69217,13.0619]]]},"properties":{"osm_id":1235755490,"name":null}},{"type":"Feature","geometry":{"type":"Polygon","coordinates":[[[77.58955,12.91644],[77.58961,12.91644],[77.5897,12.91495],[77.58962,12.91495],[77.58955,12.91644]]]},"properties":{"osm_id":1235996544,"name":null}},{"type":"Feature","geometry":{"type":"Polygon","coordinates":[[[77.64464,12.91517],[77.64463,12.91513],[77.64169,12.91556],[77.64169,12.91562],[77.64464,12.91517]]]},"properties":{"osm_id":1236087648,"name":null}},{"type":"Feature","geometry":{"type":"Polygon","coordinates":[[[77.64487,12.91513],[77.64532,12.91507],[77.64532,12.91512],[77.64487,12.91513]]]},"properties":{"osm_id":1236087649,"name":null}},{"type":"Feature","geometry":{"type":"Polygon","coordinates":[[[77.6386,12.91576],[77.6416,12.91561],[77.64158,12.91556],[77.63862,12.9157],[77.6386,12.91576]]]},"properties":{"osm_id":1236492363,"name":null}},{"type":"Feature","geometry":{"type":"Polygon","coordinates":[[[77.6236,12.94328],[77.62368,12.94329],[77.62374,12.94307],[77.62475,12.94205],[77.62491,12.94194],[77.62513,12.94191],[77.62512,12.94182],[77.62476,12.94195],[77.62388,12.94279],[77.62367,12.943],[77.6236,12.94328]]]},"properties":{"osm_id":1237460196,"name":null}},{"type":"Feature","geometry":{"type":"Polygon","coordinates":[[[77.51787,12.84243],[77.51758,12.84164],[77.51739,12.84061],[77.51745,12.84057],[77.51904,12.84067],[77.51971,12.84125],[77.52,12.84132],[77.52059,12.84164],[77.52074,12.84198],[77.52104,12.84213],[77.52111,12.84223],[77.52129,12.84223],[77.52134,12.84241],[77.52155,12.84247],[77.52162,12.84266],[77.52148,12.84279],[77.52122,12.84288],[77.52109,12.84268],[77.52036,12.84229],[77.51961,12.84202],[77.5185,12.84185],[77.51799,12.84205],[77.51787,12.84243]]]},"properties":{"osm_id":1237972006,"name":"Thathaguni Agara Kere"}},{"type":"Feature","geometry":{"type":"Polygon","coordinates":[[[77.61725,12.94902],[77.61924,12.9476],[77.61921,12.94754],[77.61723,12.94898],[77.61725,12.94902]]]},"properties":{"osm_id":1238650837,"name":null}},{"type":"Feature","geometry":{"type":"Polygon","coordinates":[[[77.71571,12.93989],[77.71585,12.93989],[77.71592,12.93996],[77.71593,12.94007],[77.71586,12.94016],[77.71575,12.94018],[77.71565,12.94012],[77.71563,12.93997],[77.71571,12.93989]]]},"properties":{"osm_id":1238661189,"name":null}},{"type":"Feature","geometry":{"type":"Polygon","coordinates":[[[77.71588,12.9396],[77.71602,12.9396],[77.71609,12.93967],[77.7161,12.93978],[77.716,12.93988],[77.71582,12.93983],[77.7158,12.93968],[77.71588,12.9396]]]},"properties":{"osm_id":1238661190,"name":null}},{"type":"Feature","geometry":{"type":"Polygon","coordinates":[[[77.71775,12.942],[77.71811,12.9422],[77.71825,12.94195],[77.71789,12.94175],[77.71775,12.942]]]},"properties":{"osm_id":1238661192,"name":null}},{"type":"Feature","geometry":{"type":"Polygon","coordinates":[[[77.71561,12.94107],[77.71658,12.94161],[77.71693,12.94099],[77.71597,12.94046],[77.71561,12.94107]]]},"properties":{"osm_id":1238661199,"name":null}},{"type":"Feature","geometry":{"type":"Polygon","coordinates":[[[77.71652,12.9403],[77.71666,12.94032],[77.71664,12.94048],[77.7165,12.94046],[77.71652,12.9403]]]},"properties":{"osm_id":1238661200,"name":null}},{"type":"Feature","geometry":{"type":"Polygon","coordinates":[[[77.71618,12.94011],[77.71633,12.94015],[77.7163,12.94029],[77.71615,12.94027],[77.71618,12.94011]]]},"properties":{"osm_id":1238661201,"name":null}},{"type":"Feature","geometry":{"type":"Polygon","coordinates":[[[77.71444,12.94179],[77.71594,12.9426],[77.71717,12.94269],[77.71751,12.94258],[77.71808,12.94265],[77.71815,12.94247],[77.71748,12.9423],[77.71727,12.94235],[77.71717,12.94244],[77.71606,12.94234],[77.7141,12.94146],[77.71327,12.94142],[77.71247,12.94113],[77.71185,12.94111],[77.7106,12.94141],[77.7099,12.94143],[77.7098,12.94151],[77.70869,12.94149],[77.70814,12.94125],[77.70767,12.94088],[77.70745,12.94097],[77.70733,12.94118],[77.70726,12.94166],[77.70695,12.94193],[77.70674,12.9419],[77.70671,12.94211],[77.70701,12.9422],[77.70717,12.94214],[77.7074,12.94191],[77.70749,12.94121],[77.7076,12.94108],[77.70771,12.94107],[77.70816,12.94148],[77.70845,12.94163],[77.70907,12.94174],[77.70935,12.94176],[77.7098,12.9416],[77.7108,12.94163],[77.71204,12.94131],[77.71309,12.94158],[77.714,12.9416],[77.71444,12.94179]]]},"properties":{"osm_id":1238661214,"name":null}},{"type":"Feature","geometry":{"type":"Polygon","coordinates":[[[77.72229,12.94318],[77.72184,12.94309],[77.72133,12.94319],[77.72059,12.94348],[77.71989,12.94329],[77.71957,12.94302],[77.71934,12.94293],[77.71838,12.94278],[77.71847,12.94252],[77.7195,12.94282],[77.7203,12.94327],[77.72113,12.9432],[77.72135,12.94305],[77.72155,12.943],[77.72203,12.94299],[77.72231,12.94309],[77.72229,12.94318]]]},"properties":{"osm_id":1238665544,"name":null}},{"type":"Feature","geometry":{"type":"Polygon","coordinates":[[[77.69648,12.94869],[77.69657,12.94865],[77.69662,12.94874],[77.69652,12.94879],[77.69648,12.94869]]]},"properties":{"osm_id":1239811050,"name":null}},{"type":"Feature","geometry":{"type":"Polygon","coordinates":[[[77.6968,12.94868],[77.69687,12.94863],[77.69694,12.94872],[77.69686,12.94878],[77.6968,12.94868]]]},"properties":{"osm_id":1239811051,"name":null}},{"type":"Feature","geometry":{"type":"Polygon","coordinates":[[[77.6557,12.94054],[77.65581,12.94052],[77.65584,12.94063],[77.65572,12.94065],[77.6557,12.94054]]]},"properties":{"osm_id":1240696098,"name":null}},{"type":"Feature","geometry":{"type":"Polygon","coordinates":[[[77.65573,12.94018],[77.65584,12.94016],[77.65587,12.94026],[77.65575,12.94029],[77.65573,12.94018]]]},"properties":{"osm_id":1240696099,"name":null}},{"type":"Feature","geometry":{"type":"Polygon","coordinates":[[[77.65541,12.94048],[77.65558,12.94044],[77.65565,12.94055],[77.65561,12.94065],[77.65544,12.94066],[77.65541,12.94048]]]},"properties":{"osm_id":1240696100,"name":null}},{"type":"Feature","geometry":{"type":"Polygon","coordinates":[[[77.65542,12.9402],[77.65559,12.94016],[77.65564,12.94033],[77.65555,12.9404],[77.65545,12.94038],[77.65539,12.94029],[77.65542,12.9402]]]},"properties":{"osm_id":1240696101,"name":null}},{"type":"Feature","geometry":{"type":"Polygon","coordinates":[[[77.65839,12.94095],[77.65854,12.94094],[77.65856,12.94106],[77.65842,12.94109],[77.65839,12.94095]]]},"properties":{"osm_id":1240696108,"name":null}},{"type":"Feature","geometry":{"type":"Polygon","coordinates":[[[77.65839,12.94072],[77.65852,12.94069],[77.65856,12.94083],[77.65841,12.94086],[77.65839,12.94072]]]},"properties":{"osm_id":1240696109,"name":null}},{"type":"Feature","geometry":{"type":"Polygon","coordinates":[[[77.65882,12.94095],[77.65897,12.94094],[77.65899,12.94106],[77.65885,12.94109],[77.65882,12.94095]]]},"properties":{"osm_id":1240696111,"name":null}},{"type":"Feature","geometry":{"type":"Polygon","coordinates":[[[77.65882,12.94072],[77.65895,12.94069],[77.65897,12.94085],[77.65884,12.94086],[77.65882,12.94072]]]},"properties":{"osm_id":1240696112,"name":null}},{"type":"Feature","geometry":{"type":"Polygon","coordinates":[[[77.6583,12.94005],[77.65837,12.94],[77.65849,12.94003],[77.65849,12.94022],[77.6583,12.94021],[77.6583,12.94005]]]},"properties":{"osm_id":1240696113,"name":null}},{"type":"Feature","geometry":{"type":"Polygon","coordinates":[[[77.65829,12.94041],[77.65846,12.94037],[77.65851,12.94055],[77.65842,12.94061],[77.65832,12.94059],[77.65829,12.94041]]]},"properties":{"osm_id":1240696114,"name":null}},{"type":"Feature","geometry":{"type":"Polygon","coordinates":[[[77.65875,12.94041],[77.65892,12.94037],[77.65897,12.94055],[77.65888,12.94061],[77.65878,12.94059],[77.65875,12.94041]]]},"properties":{"osm_id":1240696115,"name":null}},{"type":"Feature","geometry":{"type":"Polygon","coordinates":[[[77.65875,12.94005],[77.65892,12.94001],[77.65899,12.94016],[77.65892,12.94024],[77.65879,12.94023],[77.65873,12.94015],[77.65875,12.94005]]]},"properties":{"osm_id":1240696116,"name":null}},{"type":"Feature","geometry":{"type":"Polygon","coordinates":[[[77.65947,12.94172],[77.66011,12.94172],[77.66011,12.94137],[77.65947,12.94137],[77.65947,12.94172]]]},"properties":{"osm_id":1240696123,"name":null}},{"type":"Feature","geometry":{"type":"Polygon","coordinates":[[[77.65972,12.9391],[77.66095,12.93969],[77.66131,12.93898],[77.66007,12.93839],[77.65972,12.9391]]]},"properties":{"osm_id":1240696126,"name":null}},{"type":"Feature","geometry":{"type":"Polygon","coordinates":[[[77.65824,12.93973],[77.65898,12.93978],[77.65904,12.93896],[77.6583,12.93891],[77.65824,12.93973]]]},"properties":{"osm_id":1240696127,"name":null}},{"type":"Feature","geometry":{"type":"Polygon","coordinates":[[[77.65785,12.93927],[77.65826,12.93929],[77.65828,12.93891],[77.65788,12.93888],[77.65785,12.93927]]]},"properties":{"osm_id":1240696128,"name":null}},{"type":"Feature","geometry":{"type":"Polygon","coordinates":[[[77.65748,12.9386],[77.65778,12.93838],[77.65767,12.93823],[77.65736,12.93846],[77.65748,12.9386]]]},"properties":{"osm_id":1240696132,"name":null}},{"type":"Feature","geometry":{"type":"Polygon","coordinates":[[[77.65617,12.93995],[77.65699,12.93938],[77.65665,12.9389],[77.65583,12.93947],[77.65617,12.93995]]]},"properties":{"osm_id":1240696137,"name":null}},{"type":"Feature","geometry":{"type":"Polygon","coordinates":[[[77.65682,12.9414],[77.65754,12.94145],[77.65761,12.94042],[77.65689,12.94038],[77.65682,12.9414]]]},"properties":{"osm_id":1240696138,"name":null}},{"type":"Feature","geometry":{"type":"Polygon","coordinates":[[[77.6553,12.94247],[77.65621,12.9424],[77.65616,12.94176],[77.65525,12.94182],[77.6553,12.94247]]]},"properties":{"osm_id":1240696139,"name":null}},{"type":"Feature","geometry":{"type":"Polygon","coordinates":[[[77.6473,12.95577],[77.64723,12.95581],[77.64736,12.9558],[77.6474,12.95571],[77.6473,12.95577]]]},"properties":{"osm_id":1240738189,"name":null}},{"type":"Feature","geometry":{"type":"Polygon","coordinates":[[[77.64473,12.95723],[77.64484,12.95733],[77.6447,12.95745],[77.64474,12.9575],[77.64428,12.95775],[77.64424,12.95761],[77.64473,12.95723]]]},"properties":{"osm_id":1240738199,"name":null}},{"type":"Feature","geometry":{"type":"Polygon","coordinates":[[[77.69129,12.93027],[77.69134,12.93038],[77.69146,12.93031],[77.69137,12.93023],[77.69129,12.93027]]]},"properties":{"osm_id":1242730690,"name":null}},{"type":"Feature","geometry":{"type":"Polygon","coordinates":[[[77.69151,12.93005],[77.69169,12.93011],[77.69165,12.93018],[77.69153,12.93018],[77.69151,12.93005]]]},"properties":{"osm_id":1242730691,"name":null}},{"type":"Feature","geometry":{"type":"Polygon","coordinates":[[[77.69166,12.93004],[77.69177,12.93009],[77.69175,12.92997],[77.69166,12.92995],[77.69166,12.93004]]]},"properties":{"osm_id":1242730692,"name":null}},{"type":"Feature","geometry":{"type":"Polygon","coordinates":[[[77.73414,12.93405],[77.7341,12.93398],[77.73414,12.93414],[77.73414,12.93405]]]},"properties":{"osm_id":1242736030,"name":null}},{"type":"Feature","geometry":{"type":"Polygon","coordinates":[[[77.73407,12.93399],[77.73412,12.93389],[77.73396,12.93378],[77.73407,12.93399]]]},"properties":{"osm_id":1242736032,"name":null}},{"type":"Feature","geometry":{"type":"Polygon","coordinates":[[[77.69538,12.91181],[77.69546,12.91178],[77.69544,12.91169],[77.69535,12.91172],[77.69538,12.91181]]]},"properties":{"osm_id":1243259765,"name":"Kalyani"}},{"type":"Feature","geometry":{"type":"Polygon","coordinates":[[[77.61863,13.05431],[77.61881,13.05447],[77.61948,13.0555],[77.6196,13.05556],[77.61961,13.05541],[77.61887,13.0543],[77.61867,13.05422],[77.61863,13.05431]]]},"properties":{"osm_id":1243757182,"name":null}},{"type":"Feature","geometry":{"type":"Polygon","coordinates":[[[77.62317,13.04718],[77.62377,13.04724],[77.62656,13.04633],[77.62655,13.04623],[77.62379,13.04716],[77.62316,13.0471],[77.62317,13.04718]]]},"properties":{"osm_id":1243757185,"name":null}},{"type":"Feature","geometry":{"type":"Polygon","coordinates":[[[77.62142,13.04748],[77.62245,13.04717],[77.6228,13.0471],[77.62305,13.04715],[77.62296,13.04703],[77.62275,13.047],[77.62138,13.04737],[77.62142,13.04748]]]},"properties":{"osm_id":1243757186,"name":null}},{"type":"Feature","geometry":{"type":"Polygon","coordinates":[[[77.62009,13.04763],[77.62011,13.04772],[77.62026,13.04775],[77.62103,13.04758],[77.62101,13.04748],[77.62009,13.04763]]]},"properties":{"osm_id":1243757187,"name":null}},{"type":"Feature","geometry":{"type":"Polygon","coordinates":[[[77.61881,13.04792],[77.61953,13.04781],[77.61965,13.04778],[77.61965,13.04771],[77.61881,13.04783],[77.61881,13.04792]]]},"properties":{"osm_id":1243757188,"name":null}},{"type":"Feature","geometry":{"type":"Polygon","coordinates":[[[77.61831,13.048],[77.61865,13.04795],[77.61864,13.04786],[77.6183,13.04791],[77.61831,13.048]]]},"properties":{"osm_id":1243757189,"name":null}},{"type":"Feature","geometry":{"type":"Polygon","coordinates":[[[77.6179,13.05238],[77.61792,13.05193],[77.61779,13.05136],[77.6178,13.05113],[77.61812,13.05044],[77.61833,13.04957],[77.61827,13.04857],[77.61816,13.04803],[77.61816,13.04794],[77.6183,13.04791],[77.61844,13.04906],[77.61841,13.04976],[77.61831,13.05041],[77.61795,13.05118],[77.61807,13.05187],[77.61804,13.05235],[77.6179,13.05238]]]},"properties":{"osm_id":1243757194,"name":null}},{"type":"Feature","geometry":{"type":"Polygon","coordinates":[[[77.5718,12.99057],[77.57184,12.99047],[77.57278,12.99209],[77.5718,12.99057]]]},"properties":{"osm_id":1244269662,"name":null}},{"type":"Feature","geometry":{"type":"Polygon","coordinates":[[[77.53289,12.84903],[77.53299,12.84915],[77.53322,12.84906],[77.5332,12.84888],[77.53328,12.84886],[77.53332,12.84892],[77.53353,12.8486],[77.53343,12.84854],[77.53346,12.84844],[77.5336,12.84851],[77.53371,12.84833],[77.53352,12.84819],[77.53356,12.84816],[77.53377,12.84828],[77.53405,12.84782],[77.5341,12.84763],[77.53405,12.84758],[77.53337,12.84767],[77.53316,12.84845],[77.53294,12.8488],[77.53289,12.849],[77.53289,12.84903]]]},"properties":{"osm_id":1246289848,"name":null}},{"type":"Feature","geometry":{"type":"Polygon","coordinates":[[[77.47788,12.89751],[77.47819,12.89751],[77.47819,12.89737],[77.47788,12.89737],[77.47788,12.89751]]]},"properties":{"osm_id":1247549800,"name":null}},{"type":"Feature","geometry":{"type":"Polygon","coordinates":[[[77.4771,12.89798],[77.47775,12.89798],[77.47775,12.89736],[77.4771,12.89736],[77.4771,12.89798]]]},"properties":{"osm_id":1247549801,"name":null}},{"type":"Feature","geometry":{"type":"Polygon","coordinates":[[[77.47621,12.89821],[77.47688,12.89821],[77.47688,12.89756],[77.47621,12.89756],[77.47621,12.89821]]]},"properties":{"osm_id":1247549821,"name":null}},{"type":"Feature","geometry":{"type":"Polygon","coordinates":[[[77.56333,12.83556],[77.56332,12.83562],[77.56267,12.83558],[77.56256,12.83548],[77.56259,12.83538],[77.56219,12.83516],[77.5619,12.83486],[77.56169,12.83484],[77.56169,12.83465],[77.56256,12.8341],[77.56267,12.83415],[77.56333,12.83522],[77.56333,12.83556]]]},"properties":{"osm_id":1248136351,"name":null}},{"type":"Feature","geometry":{"type":"Polygon","coordinates":[[[77.68983,12.95532],[77.68968,12.9553],[77.68974,12.95512],[77.69,12.95486],[77.69033,12.95466],[77.69046,12.95449],[77.69053,12.95455],[77.69005,12.95498],[77.68983,12.95532]]]},"properties":{"osm_id":1252217946,"name":null}},{"type":"Feature","geometry":{"type":"Polygon","coordinates":[[[77.63622,13.08197],[77.6364,13.08206],[77.6367,13.08205],[77.63673,13.08185],[77.63659,13.08153],[77.63644,13.08151],[77.63625,13.08165],[77.63622,13.08197]]]},"properties":{"osm_id":1252731180,"name":"Chokkanahalli Lake"}},{"type":"Feature","geometry":{"type":"Polygon","coordinates":[[[77.64665,13.04594],[77.64774,13.04557],[77.64758,13.04511],[77.64649,13.04549],[77.64665,13.04594]]]},"properties":{"osm_id":1254513607,"name":null}},{"type":"Feature","geometry":{"type":"Polygon","coordinates":[[[77.64732,13.04494],[77.64748,13.04488],[77.64736,13.04455],[77.6472,13.0446],[77.64732,13.04494]]]},"properties":{"osm_id":1254513608,"name":null}},{"type":"Feature","geometry":{"type":"Polygon","coordinates":[[[77.6462,13.04303],[77.64656,13.04279],[77.64649,13.04268],[77.64612,13.04292],[77.6462,13.04303]]]},"properties":{"osm_id":1254513615,"name":null}},{"type":"Feature","geometry":{"type":"Polygon","coordinates":[[[77.64674,13.04303],[77.64694,13.04296],[77.64686,13.04273],[77.64665,13.0428],[77.64674,13.04303]]]},"properties":{"osm_id":1254513616,"name":null}},{"type":"Feature","geometry":{"type":"Polygon","coordinates":[[[77.64553,13.04504],[77.64719,13.04446],[77.64705,13.04408],[77.64539,13.04465],[77.64553,13.04504]]]},"properties":{"osm_id":1254513617,"name":null}},{"type":"Feature","geometry":{"type":"Polygon","coordinates":[[[77.64632,13.04379],[77.64535,13.04412],[77.64548,13.04447],[77.64645,13.04414],[77.64632,13.04379]]]},"properties":{"osm_id":1254513618,"name":null}},{"type":"Feature","geometry":{"type":"Polygon","coordinates":[[[77.64535,13.04412],[77.64632,13.04379],[77.6462,13.04345],[77.64523,13.04378],[77.64535,13.04412]]]},"properties":{"osm_id":1254513619,"name":null}},{"type":"Feature","geometry":{"type":"Polygon","coordinates":[[[77.64534,13.04433],[77.64524,13.04439],[77.64527,13.04448],[77.64539,13.04446],[77.64534,13.04433]]]},"properties":{"osm_id":1254513630,"name":null}},{"type":"Feature","geometry":{"type":"Polygon","coordinates":[[[77.52941,13.08619],[77.53051,13.08624],[77.53058,13.08616],[77.53057,13.08592],[77.5309,13.08557],[77.53106,13.08551],[77.53123,13.08577],[77.5313,13.08577],[77.53134,13.08554],[77.53094,13.08501],[77.53071,13.08452],[77.53061,13.08453],[77.5294,13.08605],[77.52941,13.08619]]]},"properties":{"osm_id":1254929805,"name":"Lakshmipura Lake"}},{"type":"Feature","geometry":{"type":"Polygon","coordinates":[[[77.52728,13.10033],[77.52744,13.10043],[77.52754,13.10036],[77.52761,13.10012],[77.52746,13.09937],[77.52779,13.09906],[77.52772,13.09874],[77.52752,13.09857],[77.52648,13.09888],[77.52648,13.09908],[77.52696,13.09941],[77.52723,13.10004],[77.52728,13.10033]]]},"properties":{"osm_id":1254929806,"name":null}},{"type":"Feature","geometry":{"type":"Polygon","coordinates":[[[77.52658,13.10488],[77.52743,13.10428],[77.527,13.10354],[77.52633,13.10265],[77.52612,13.1021],[77.52603,13.1021],[77.5255,13.1025],[77.52499,13.10316],[77.52424,13.10366],[77.52419,13.10383],[77.52429,13.10407],[77.5244,13.10402],[77.52509,13.10406],[77.52611,13.1047],[77.52658,13.10488]]]},"properties":{"osm_id":1254929807,"name":"Bylakere Lake"}},{"type":"Feature","geometry":{"type":"Polygon","coordinates":[[[77.4754,12.87887],[77.47537,12.87829],[77.47519,12.87819],[77.47456,12.87824],[77.4728,12.87925],[77.47217,12.87944],[77.47079,12.87972],[77.46989,12.8801],[77.46782,12.88054],[77.46719,12.88103],[77.46669,12.88123],[77.4665,12.88123],[77.46636,12.88107],[77.46621,12.88056],[77.46563,12.87951],[77.46494,12.87848],[77.46465,12.87837],[77.46431,12.87848],[77.46412,12.87898],[77.46345,12.87947],[77.46292,12.87936],[77.4629,12.87866],[77.46352,12.87645],[77.46351,12.87484],[77.46375,12.87383],[77.46391,12.87395],[77.46373,12.87475],[77.46366,12.87641],[77.46357,12.87706],[77.46308,12.87866],[77.46306,12.87921],[77.46312,12.8793],[77.46342,12.87929],[77.46403,12.87891],[77.46427,12.87838],[77.46439,12.87828],[77.46472,12.87824],[77.46501,12.87828],[77.4665,12.88067],[77.46662,12.88107],[77.46669,12.8811],[77.46712,12.88085],[77.4676,12.88044],[77.46839,12.88021],[77.46909,12.88011],[77.4698,12.87992],[77.47077,12.87955],[77.47268,12.87907],[77.47289,12.87872],[77.47483,12.87792],[77.47529,12.87801],[77.47542,12.87812],[77.4756,12.87843],[77.47552,12.87886],[77.4754,12.87887]]]},"properties":{"osm_id":1255316382,"name":null}},{"type":"Feature","geometry":{"type":"Polygon","coordinates":[[[77.56594,13.06438],[77.56603,13.06433],[77.56613,13.06436],[77.56615,13.06454],[77.56597,13.06456],[77.56594,13.06438]]]},"properties":{"osm_id":1255908777,"name":null}},{"type":"Feature","geometry":{"type":"Polygon","coordinates":[[[77.5661,13.0641],[77.56619,13.06405],[77.56629,13.06408],[77.56631,13.06425],[77.56622,13.0643],[77.5661,13.06425],[77.5661,13.0641]]]},"properties":{"osm_id":1255908778,"name":null}},{"type":"Feature","geometry":{"type":"Polygon","coordinates":[[[77.60559,13.04242],[77.60637,13.04232],[77.60621,13.04117],[77.60543,13.04127],[77.60559,13.04242]]]},"properties":{"osm_id":1258134498,"name":null}},{"type":"Feature","geometry":{"type":"Polygon","coordinates":[[[77.64122,12.92615],[77.64137,12.92615],[77.64176,12.92784],[77.64211,12.92879],[77.64209,12.92911],[77.6423,12.92909],[77.64184,12.92776],[77.6415,12.9261],[77.64122,12.92593],[77.64122,12.92615]]]},"properties":{"osm_id":1258918120,"name":null}},{"type":"Feature","geometry":{"type":"Polygon","coordinates":[[[77.76619,13.0595],[77.76634,13.05961],[77.76641,13.05953],[77.76625,13.05941],[77.76619,13.0595]]]},"properties":{"osm_id":1259028675,"name":null}},{"type":"Feature","geometry":{"type":"Polygon","coordinates":[[[77.76607,13.05961],[77.76625,13.05974],[77.7663,13.05966],[77.76614,13.05953],[77.76607,13.05961]]]},"properties":{"osm_id":1259028676,"name":null}},{"type":"Feature","geometry":{"type":"Polygon","coordinates":[[[77.76651,13.05904],[77.76644,13.05926],[77.76654,13.0593],[77.76662,13.05909],[77.76651,13.05904]]]},"properties":{"osm_id":1259028677,"name":null}},{"type":"Feature","geometry":{"type":"Polygon","coordinates":[[[77.76625,13.06079],[77.76645,13.06075],[77.76648,13.06084],[77.76627,13.06088],[77.76625,13.06079]]]},"properties":{"osm_id":1259028678,"name":null}},{"type":"Feature","geometry":{"type":"Polygon","coordinates":[[[77.64314,12.92887],[77.6434,12.92866],[77.64404,12.92869],[77.64459,12.92858],[77.64484,12.9287],[77.64522,12.92923],[77.64539,12.92927],[77.64654,12.92854],[77.64692,12.92854],[77.64776,12.92817],[77.6483,12.92782],[77.64883,12.92777],[77.64989,12.92785],[77.6504,12.92776],[77.65079,12.92777],[77.65102,12.92789],[77.65143,12.92836],[77.65146,12.92881],[77.65155,12.92899],[77.65172,12.92916],[77.65214,12.92939],[77.65259,12.92954],[77.65294,12.92961],[77.65347,12.92942],[77.65428,12.92943],[77.65452,12.92935],[77.65487,12.92903],[77.65502,12.929],[77.65504,12.92891],[77.65486,12.92893],[77.65451,12.92925],[77.65426,12.92936],[77.65343,12.92933],[77.65294,12.92951],[77.65266,12.92947],[77.65175,12.9291],[77.65163,12.929],[77.65152,12.92881],[77.65154,12.92848],[77.65145,12.92824],[77.651,12.92777],[77.65081,12.9277],[77.64987,12.92778],[77.64874,12.9277],[77.64823,12.92778],[77.64758,12.92818],[77.64703,12.92841],[77.64653,12.92839],[77.64536,12.92915],[77.64523,12.92907],[77.64485,12.92858],[77.6445,12.92844],[77.64415,12.92858],[77.64341,12.92855],[77.64325,12.92861],[77.64295,12.92889],[77.64279,12.92893],[77.64283,12.92914],[77.64308,12.9291],[77.64314,12.92887]]]},"properties":{"osm_id":1259323926,"name":null}},{"type":"Feature","geometry":{"type":"Polygon","coordinates":[[[77.65502,12.929],[77.65576,12.92915],[77.65606,12.9294],[77.65738,12.92939],[77.65824,12.92954],[77.65893,12.92954],[77.65945,12.92964],[77.65951,12.92955],[77.6589,12.92946],[77.6583,12.92947],[77.65765,12.92933],[77.65697,12.92928],[77.65606,12.92932],[77.65572,12.92904],[77.65504,12.92891],[77.65502,12.929]]]},"properties":{"osm_id":1259323927,"name":null}},{"type":"Feature","geometry":{"type":"Polygon","coordinates":[[[77.65945,12.92964],[77.66025,12.9298],[77.6607,12.93006],[77.66139,12.92956],[77.66232,12.92922],[77.66272,12.929],[77.66338,12.92851],[77.66376,12.92801],[77.66542,12.92797],[77.66545,12.92788],[77.66372,12.92791],[77.66332,12.92842],[77.66267,12.92894],[77.66228,12.92914],[77.66137,12.92946],[77.66067,12.92993],[77.66006,12.92966],[77.65951,12.92955],[77.65945,12.92964]]]},"properties":{"osm_id":1259323928,"name":null}},{"type":"Feature","geometry":{"type":"Polygon","coordinates":[[[77.66542,12.92797],[77.66596,12.93091],[77.66975,12.93095],[77.67303,12.93084],[77.67329,12.93109],[77.67392,12.93122],[77.67564,12.93203],[77.67611,12.93207],[77.67628,12.93205],[77.67659,12.93179],[77.67676,12.93115],[77.67698,12.93104],[77.67683,12.93104],[77.67672,12.93113],[77.67655,12.9317],[77.67636,12.93178],[77.67629,12.93193],[77.67583,12.93197],[77.67513,12.93171],[77.67424,12.93127],[77.67331,12.93102],[77.67305,12.93078],[77.67101,12.93086],[77.66602,12.93087],[77.66546,12.92792],[77.66542,12.92797]]]},"properties":{"osm_id":1259323929,"name":null}},{"type":"Feature","geometry":{"type":"Polygon","coordinates":[[[77.62183,12.91821],[77.62113,12.91918],[77.61967,12.92025],[77.61971,12.92035],[77.62104,12.91942],[77.62192,12.91824],[77.62183,12.91821]]]},"properties":{"osm_id":1262069424,"name":null}},{"type":"Feature","geometry":{"type":"Polygon","coordinates":[[[77.66328,13.04478],[77.66362,13.0448],[77.66362,13.04467],[77.66329,13.04465],[77.66328,13.04478]]]},"properties":{"osm_id":1263465558,"name":null}},{"type":"Feature","geometry":{"type":"Polygon","coordinates":[[[77.66262,13.04475],[77.6632,13.04478],[77.66324,13.04417],[77.66266,13.04413],[77.66262,13.04475]]]},"properties":{"osm_id":1263465559,"name":null}},{"type":"Feature","geometry":{"type":"Polygon","coordinates":[[[77.57398,13.02656],[77.57371,13.02609],[77.57403,13.02591],[77.57417,13.0259],[77.57428,13.02607],[77.57425,13.02649],[77.57398,13.02656]]]},"properties":{"osm_id":1263542157,"name":null}},{"type":"Feature","geometry":{"type":"Polygon","coordinates":[[[77.55138,12.95213],[77.55131,12.95217],[77.54948,12.95213],[77.54929,12.9514],[77.54939,12.95133],[77.54951,12.95191],[77.54963,12.95199],[77.55132,12.95201],[77.55138,12.95213]]]},"properties":{"osm_id":1263808754,"name":null}},{"type":"Feature","geometry":{"type":"Polygon","coordinates":[[[77.53794,12.94945],[77.53832,12.94986],[77.53853,12.95029],[77.5386,12.95075],[77.53834,12.95071],[77.53831,12.95033],[77.5382,12.95003],[77.53745,12.94951],[77.53735,12.94937],[77.53734,12.94895],[77.53745,12.94868],[77.53796,12.94804],[77.53759,12.94685],[77.53781,12.94681],[77.53814,12.94791],[77.53815,12.94815],[77.53763,12.94864],[77.53762,12.9491],[77.53794,12.94945]]]},"properties":{"osm_id":1263808755,"name":null}},{"type":"Feature","geometry":{"type":"Polygon","coordinates":[[[77.5384,12.95308],[77.53798,12.95311],[77.53774,12.95301],[77.53828,12.95151],[77.53836,12.95101],[77.53863,12.95107],[77.53858,12.95138],[77.53805,12.95289],[77.5384,12.95308]]]},"properties":{"osm_id":1263808756,"name":null}},{"type":"Feature","geometry":{"type":"Polygon","coordinates":[[[77.66004,12.99865],[77.65918,12.99852],[77.65913,12.9983],[77.65924,12.99807],[77.65959,12.99786],[77.65983,12.9979],[77.66024,12.99826],[77.66033,12.99846],[77.66004,12.99865]]]},"properties":{"osm_id":1264475600,"name":null}},{"type":"Feature","geometry":{"type":"Polygon","coordinates":[[[77.66734,13.10001],[77.66674,13.09805],[77.66616,13.0982],[77.66621,13.09836],[77.66599,13.09864],[77.66627,13.09915],[77.66653,13.0993],[77.66719,13.10031],[77.66726,13.10028],[77.66734,13.10001]]]},"properties":{"osm_id":1264709151,"name":null}},{"type":"Feature","geometry":{"type":"Polygon","coordinates":[[[77.66932,13.10329],[77.66969,13.10358],[77.66975,13.10344],[77.66942,13.10234],[77.66923,13.1023],[77.66915,13.10259],[77.66928,13.10289],[77.66926,13.1031],[77.66932,13.10329]]]},"properties":{"osm_id":1264709152,"name":null}},{"type":"Feature","geometry":{"type":"Polygon","coordinates":[[[77.66831,13.10421],[77.66874,13.10402],[77.66881,13.10385],[77.66881,13.10365],[77.66865,13.10345],[77.66858,13.10307],[77.66793,13.10328],[77.66805,13.10366],[77.668,13.10406],[77.66831,13.10421]]]},"properties":{"osm_id":1264709153,"name":null}},{"type":"Feature","geometry":{"type":"Polygon","coordinates":[[[77.67379,12.91652],[77.67373,12.91646],[77.67442,12.91574],[77.6752,12.91532],[77.67525,12.91541],[77.67448,12.91578],[77.67379,12.91652]]]},"properties":{"osm_id":1265218358,"name":null}},{"type":"Feature","geometry":{"type":"Polygon","coordinates":[[[77.52361,12.93694],[77.52427,12.93693],[77.52426,12.93675],[77.52361,12.93676],[77.52361,12.93694]]]},"properties":{"osm_id":1265721183,"name":null}},{"type":"Feature","geometry":{"type":"Polygon","coordinates":[[[77.52351,12.93661],[77.52436,12.9366],[77.52435,12.9353],[77.52349,12.93531],[77.52351,12.93661]]]},"properties":{"osm_id":1265721184,"name":null}},{"type":"Feature","geometry":{"type":"Polygon","coordinates":[[[77.52122,12.93336],[77.52158,12.93335],[77.52158,12.93305],[77.52122,12.93306],[77.52122,12.93336]]]},"properties":{"osm_id":1265721188,"name":null}},{"type":"Feature","geometry":{"type":"Polygon","coordinates":[[[77.49411,12.91942],[77.49519,12.92032],[77.49586,12.91957],[77.49478,12.91866],[77.49411,12.91942]]]},"properties":{"osm_id":1265724919,"name":null}},{"type":"Feature","geometry":{"type":"Polygon","coordinates":[[[77.50701,12.91329],[77.50704,12.9134],[77.50609,12.91507],[77.50603,12.91565],[77.5059,12.91578],[77.50545,12.91588],[77.50484,12.91614],[77.50471,12.91626],[77.50432,12.91708],[77.50405,12.91747],[77.50389,12.91737],[77.50425,12.9169],[77.50464,12.9162],[77.50482,12.91604],[77.50585,12.91567],[77.50593,12.91553],[77.50594,12.91522],[77.50604,12.9149],[77.50686,12.91342],[77.50701,12.91329]]]},"properties":{"osm_id":1265724921,"name":null}},{"type":"Feature","geometry":{"type":"Polygon","coordinates":[[[77.50809,12.91103],[77.50791,12.91153],[77.50791,12.91194],[77.50759,12.91305],[77.50749,12.9132],[77.50716,12.91327],[77.50719,12.91337],[77.50743,12.91331],[77.5077,12.91304],[77.508,12.91198],[77.50805,12.91137],[77.50824,12.91103],[77.50809,12.91103]]]},"properties":{"osm_id":1265724923,"name":null}},{"type":"Feature","geometry":{"type":"Polygon","coordinates":[[[77.50935,12.90993],[77.50934,12.90981],[77.5085,12.90993],[77.50836,12.91001],[77.50822,12.91029],[77.50823,12.91064],[77.50816,12.91091],[77.50826,12.91091],[77.50841,12.91011],[77.5085,12.91004],[77.50935,12.90993]]]},"properties":{"osm_id":1265724924,"name":null}},{"type":"Feature","geometry":{"type":"Polygon","coordinates":[[[77.51113,12.90854],[77.51103,12.90851],[77.51088,12.909],[77.51071,12.90923],[77.51021,12.90937],[77.50982,12.90967],[77.50943,12.90979],[77.50947,12.90989],[77.50984,12.90979],[77.51019,12.90948],[77.51076,12.90931],[77.51089,12.90917],[77.51113,12.90854]]]},"properties":{"osm_id":1265724926,"name":null}},{"type":"Feature","geometry":{"type":"Polygon","coordinates":[[[77.51102,12.90423],[77.51106,12.90445],[77.51146,12.90499],[77.51168,12.90551],[77.51161,12.90582],[77.51134,12.90622],[77.51079,12.90648],[77.51062,12.90706],[77.51056,12.90751],[77.51067,12.90772],[77.51083,12.90783],[77.51106,12.90816],[77.51119,12.90816],[77.51114,12.90802],[77.51082,12.90765],[77.51076,12.90745],[77.51082,12.90686],[77.51095,12.90658],[77.51157,12.90623],[77.51176,12.90598],[77.51185,12.90575],[77.51184,12.90541],[77.51122,12.90422],[77.51102,12.90423]]]},"properties":{"osm_id":1265724927,"name":null}},{"type":"Feature","geometry":{"type":"Polygon","coordinates":[[[77.60914,12.90301],[77.61032,12.90288],[77.61073,12.90271],[77.61125,12.9026],[77.61131,12.9022],[77.61178,12.90203],[77.6117,12.90004],[77.61175,12.89998],[77.61229,12.89994],[77.6124,12.89983],[77.61229,12.8992],[77.61195,12.89808],[77.61203,12.89796],[77.61215,12.89792],[77.61284,12.89799],[77.61298,12.89806],[77.61319,12.89909],[77.6133,12.89929],[77.61344,12.89931],[77.61383,12.89918],[77.61405,12.89924],[77.61574,12.90105],[77.61681,12.90191],[77.61727,12.9021],[77.61755,12.90272],[77.61769,12.90276],[77.61823,12.90263],[77.61841,12.90272],[77.61844,12.90297],[77.61833,12.90332],[77.61835,12.90358],[77.61865,12.90498],[77.61891,12.90578],[77.62025,12.90723],[77.62038,12.90763],[77.62069,12.90783],[77.62079,12.90799],[77.62054,12.90901],[77.6206,12.9101],[77.62079,12.91062],[77.6211,12.91091],[77.62118,12.91184],[77.62135,12.9125],[77.62145,12.91254],[77.62147,12.91217],[77.6212,12.91085],[77.62093,12.91068],[77.62069,12.91009],[77.6207,12.90943],[77.62064,12.90901],[77.62081,12.90845],[77.62088,12.90787],[77.62049,12.9076],[77.62033,12.90712],[77.61908,12.90579],[77.61891,12.90545],[77.61844,12.90341],[77.6186,12.90311],[77.6185,12.90256],[77.61835,12.90249],[77.61764,12.90268],[77.61737,12.90194],[77.61707,12.9019],[77.61683,12.90177],[77.61579,12.90096],[77.61453,12.89954],[77.61449,12.89956],[77.61396,12.899],[77.61344,12.89913],[77.6133,12.89889],[77.61305,12.8978],[77.6124,12.89781],[77.61175,12.89792],[77.61224,12.89976],[77.61158,12.89987],[77.61165,12.90196],[77.61118,12.90213],[77.61112,12.90228],[77.61114,12.90246],[77.61106,12.90251],[77.61068,12.90259],[77.6103,12.90277],[77.60912,12.90287],[77.60914,12.90301]]]},"properties":{"osm_id":1265835944,"name":null}},{"type":"Feature","geometry":{"type":"Polygon","coordinates":[[[77.6275,13.04542],[77.6277,13.04528],[77.6278,13.04509],[77.628,13.04439],[77.62858,13.04412],[77.62863,13.04404],[77.62862,13.04389],[77.62827,13.04367],[77.62811,13.0434],[77.62853,13.04282],[77.62846,13.04255],[77.6285,13.04241],[77.6287,13.04227],[77.62891,13.04223],[77.62891,13.04245],[77.62869,13.04238],[77.62858,13.04248],[77.62858,13.04302],[77.62844,13.04313],[77.62829,13.04338],[77.62842,13.04364],[77.62873,13.04384],[77.62877,13.04393],[77.62856,13.04427],[77.62805,13.04449],[77.628,13.04501],[77.62779,13.04538],[77.62759,13.04556],[77.6275,13.04542]]]},"properties":{"osm_id":1267736389,"name":null}},{"type":"Feature","geometry":{"type":"Polygon","coordinates":[[[77.62683,13.04601],[77.62736,13.04558],[77.62747,13.04568],[77.62684,13.04611],[77.62683,13.04601]]]},"properties":{"osm_id":1267736390,"name":null}},{"type":"Feature","geometry":{"type":"Polygon","coordinates":[[[77.54125,12.95326],[77.54158,12.95423],[77.54168,12.95436],[77.54155,12.9552],[77.54203,12.95612],[77.54237,12.95632],[77.54246,12.9562],[77.54204,12.95584],[77.54171,12.95504],[77.54186,12.95433],[77.54175,12.95416],[77.54146,12.95324],[77.54125,12.95326]]]},"properties":{"osm_id":1268180470,"name":null}},{"type":"Feature","geometry":{"type":"Polygon","coordinates":[[[77.71742,12.93904],[77.71742,12.939],[77.71779,12.93928],[77.71742,12.93904]]]},"properties":{"osm_id":1268357433,"name":null}},{"type":"Feature","geometry":{"type":"Polygon","coordinates":[[[77.73359,12.84689],[77.73377,12.84678],[77.73375,12.84666],[77.73365,12.84659],[77.73346,12.84671],[77.73359,12.84689]]]},"properties":{"osm_id":1268365616,"name":null}},{"type":"Feature","geometry":{"type":"Polygon","coordinates":[[[77.46003,12.95814],[77.45983,12.95802],[77.4595,12.958],[77.45941,12.95784],[77.45934,12.95785],[77.45929,12.95754],[77.45932,12.95714],[77.45915,12.95689],[77.46027,12.95636],[77.46046,12.95618],[77.46048,12.95608],[77.46061,12.95613],[77.46108,12.95587],[77.46115,12.95612],[77.46079,12.95684],[77.46067,12.95724],[77.46047,12.95755],[77.46048,12.95762],[77.46016,12.95783],[77.46003,12.95814]]]},"properties":{"osm_id":1273317568,"name":null}},{"type":"Feature","geometry":{"type":"Polygon","coordinates":[[[77.7437,12.92892],[77.74421,12.92932],[77.74449,12.9294],[77.74447,12.92924],[77.74418,12.92911],[77.74397,12.92888],[77.74376,12.92882],[77.7437,12.92892]]]},"properties":{"osm_id":1274696702,"name":null}},{"type":"Feature","geometry":{"type":"Polygon","coordinates":[[[77.49798,12.89443],[77.49844,12.89446],[77.49922,12.8943],[77.49961,12.89399],[77.4998,12.89378],[77.50002,12.89329],[77.49973,12.8927],[77.49951,12.89267],[77.49937,12.89273],[77.49886,12.89344],[77.49805,12.89389],[77.4979,12.89404],[77.49784,12.89422],[77.49798,12.89443]]]},"properties":{"osm_id":1281359323,"name":null}},{"type":"Feature","geometry":{"type":"Polygon","coordinates":[[[77.75671,12.87362],[77.75645,12.8742],[77.75644,12.87499],[77.7561,12.87557],[77.75706,12.87551],[77.75724,12.87558],[77.75741,12.87598],[77.7577,12.87631],[77.75807,12.87696],[77.75818,12.87729],[77.75825,12.8773],[77.75837,12.87722],[77.75847,12.87703],[77.75851,12.87674],[77.75844,12.876],[77.75845,12.8741],[77.7585,12.87388],[77.75876,12.87346],[77.75935,12.87297],[77.75948,12.8725],[77.75941,12.87244],[77.75923,12.87283],[77.75677,12.87341],[77.75671,12.87362]]]},"properties":{"osm_id":1283528232,"name":"Yamare Lake"}},{"type":"Feature","geometry":{"type":"Polygon","coordinates":[[[77.76888,12.86854],[77.76927,12.86885],[77.76951,12.86921],[77.76975,12.86926],[77.77002,12.86941],[77.77023,12.86961],[77.7702,12.86974],[77.77042,12.86986],[77.77089,12.87038],[77.77112,12.87049],[77.77172,12.87049],[77.77073,12.8709],[77.76981,12.87097],[77.76891,12.87154],[77.76737,12.87236],[77.76725,12.87236],[77.76732,12.87208],[77.76755,12.87197],[77.76758,12.87181],[77.76778,12.8716],[77.76771,12.87094],[77.7683,12.87004],[77.76804,12.86824],[77.76787,12.86795],[77.7674,12.86784],[77.7674,12.86775],[77.76776,12.86732],[77.76792,12.86741],[77.76888,12.86854]]]},"properties":{"osm_id":1283528233,"name":"Sompura Lake"}},{"type":"Feature","geometry":{"type":"Polygon","coordinates":[[[77.59203,13.07025],[77.5921,13.07051],[77.59216,13.07053],[77.59221,13.0705],[77.59214,13.07041],[77.59212,13.07018],[77.59203,13.07025]]]},"properties":{"osm_id":1284192698,"name":null}},{"type":"Feature","geometry":{"type":"Polygon","coordinates":[[[77.6559,12.84491],[77.65606,12.84492],[77.65608,12.84455],[77.65592,12.84454],[77.6559,12.84491]]]},"properties":{"osm_id":1286010835,"name":null}},{"type":"Feature","geometry":{"type":"Polygon","coordinates":[[[77.64337,12.85044],[77.64344,12.85057],[77.6438,12.85075],[77.64426,12.85117],[77.64493,12.85162],[77.64501,12.85161],[77.64568,12.85033],[77.64513,12.84983],[77.64464,12.84968],[77.64382,12.84955],[77.64367,12.84957],[77.64357,12.84966],[77.64337,12.85044]]]},"properties":{"osm_id":1286010899,"name":null}},{"type":"Feature","geometry":{"type":"Polygon","coordinates":[[[77.62891,13.04245],[77.62908,13.04255],[77.62933,13.04258],[77.62952,13.0424],[77.62971,13.04232],[77.63029,13.04269],[77.63057,13.04274],[77.631,13.04264],[77.63133,13.04312],[77.6318,13.04303],[77.63266,13.04222],[77.63369,13.04194],[77.63444,13.0415],[77.63482,13.04111],[77.63462,13.04098],[77.63391,13.04153],[77.63262,13.04211],[77.63217,13.04249],[77.63179,13.04292],[77.63144,13.04301],[77.63116,13.04263],[77.63095,13.04247],[77.63043,13.04259],[77.62972,13.0422],[77.62932,13.04245],[77.62891,13.04223],[77.62891,13.04245]]]},"properties":{"osm_id":1289096920,"name":null}},{"type":"Feature","geometry":{"type":"Polygon","coordinates":[[[77.64205,13.04209],[77.64189,13.04164],[77.64274,13.04178],[77.64502,13.04263],[77.64479,13.04291],[77.64214,13.04206],[77.64205,13.04209]]]},"properties":{"osm_id":1289098340,"name":null}},{"type":"Feature","geometry":{"type":"Polygon","coordinates":[[[77.63039,12.84889],[77.63071,12.84897],[77.63092,12.84877],[77.63065,12.84864],[77.63052,12.84864],[77.63041,12.8487],[77.63039,12.84889]]]},"properties":{"osm_id":1289591437,"name":null}},{"type":"Feature","geometry":{"type":"Polygon","coordinates":[[[77.67891,12.92216],[77.67944,12.92426],[77.67954,12.92436],[77.67968,12.92481],[77.67967,12.92518],[77.67939,12.92633],[77.6794,12.92706],[77.67947,12.92708],[77.67946,12.92636],[77.67974,12.92506],[77.67972,12.92464],[77.67948,12.92418],[77.67913,12.92257],[77.67897,12.9221],[77.67891,12.92216]]]},"properties":{"osm_id":1296416058,"name":null}},{"type":"Feature","geometry":{"type":"Polygon","coordinates":[[[77.67639,12.91696],[77.67655,12.91724],[77.67758,12.91766],[77.67793,12.91765],[77.67795,12.91755],[77.67761,12.91756],[77.67658,12.91716],[77.67645,12.91693],[77.67639,12.91696]]]},"properties":{"osm_id":1296416059,"name":null}},{"type":"Feature","geometry":{"type":"Polygon","coordinates":[[[77.6752,12.91532],[77.67535,12.91525],[77.67593,12.91601],[77.67583,12.91604],[77.6752,12.91532]]]},"properties":{"osm_id":1296416060,"name":null}},{"type":"Feature","geometry":{"type":"Polygon","coordinates":[[[77.73871,13.04469],[77.73929,13.04474],[77.73954,13.0445],[77.7403,13.04448],[77.74144,13.04498],[77.74196,13.04508],[77.74215,13.045],[77.74218,13.04467],[77.74242,13.0441],[77.74244,13.04387],[77.7424,13.04373],[77.74188,13.04351],[77.74168,13.04334],[77.74154,13.04309],[77.74131,13.04295],[77.73995,13.04242],[77.73975,13.04215],[77.73919,13.04167],[77.73897,13.04156],[77.73891,13.04161],[77.7389,13.04176],[77.73918,13.04224],[77.73936,13.04312],[77.73923,13.04363],[77.7392,13.04415],[77.73906,13.04438],[77.73871,13.04456],[77.73871,13.04469]]]},"properties":{"osm_id":1298349248,"name":"Cheemasandra Lake"}},{"type":"Feature","geometry":{"type":"Polygon","coordinates":[[[77.64554,13.05927],[77.64555,13.05909],[77.64542,13.059],[77.64571,13.05786],[77.64582,13.05789],[77.64567,13.05865],[77.64568,13.05924],[77.64555,13.05951],[77.64506,13.06008],[77.64481,13.06143],[77.64498,13.0626],[77.6448,13.06356],[77.64485,13.06373],[77.64522,13.06406],[77.64551,13.06451],[77.64557,13.06479],[77.64548,13.06479],[77.64541,13.06448],[77.64521,13.06416],[77.64476,13.06372],[77.64471,13.06349],[77.6449,13.06247],[77.64473,13.06148],[77.64491,13.06013],[77.64547,13.05947],[77.64554,13.05927]]]},"properties":{"osm_id":1298832836,"name":null}},{"type":"Feature","geometry":{"type":"Polygon","coordinates":[[[77.68104,12.93013],[77.68098,12.93013],[77.68097,12.92992],[77.68121,12.92896],[77.68143,12.92862],[77.6815,12.92863],[77.68128,12.92896],[77.68103,12.92993],[77.68104,12.93013]]]},"properties":{"osm_id":1300187542,"name":null}},{"type":"Feature","geometry":{"type":"Polygon","coordinates":[[[77.62083,12.87458],[77.6209,12.8745],[77.62102,12.87488],[77.62103,12.87528],[77.62088,12.87577],[77.62095,12.87633],[77.621,12.87643],[77.62126,12.87654],[77.62179,12.8765],[77.62197,12.87676],[77.62208,12.87725],[77.62202,12.87727],[77.6219,12.87679],[77.62178,12.87656],[77.62128,12.87661],[77.62095,12.87646],[77.62089,12.87637],[77.62081,12.87576],[77.62096,12.87529],[77.62097,12.87488],[77.62083,12.87458]]]},"properties":{"osm_id":1302008715,"name":null}},{"type":"Feature","geometry":{"type":"Polygon","coordinates":[[[77.58384,12.99118],[77.58392,12.99125],[77.58394,12.99099],[77.58405,12.9908],[77.58399,12.99075],[77.58388,12.99077],[77.5838,12.99094],[77.58384,12.99118]]]},"properties":{"osm_id":1305616374,"name":null}},{"type":"Feature","geometry":{"type":"Polygon","coordinates":[[[77.62987,12.9939],[77.63012,12.99395],[77.63048,12.99382],[77.62991,12.99368],[77.62982,12.99379],[77.62987,12.9939]]]},"properties":{"osm_id":1305737831,"name":null}},{"type":"Feature","geometry":{"type":"Polygon","coordinates":[[[77.76779,12.99813],[77.76787,12.99815],[77.7679,12.99804],[77.76783,12.99802],[77.76779,12.99813]]]},"properties":{"osm_id":1307192730,"name":null}},{"type":"Feature","geometry":{"type":"Polygon","coordinates":[[[77.66874,13.04535],[77.66878,13.0451],[77.66909,13.04468],[77.66953,13.04429],[77.66994,13.04364],[77.67087,13.0432],[77.67093,13.04329],[77.67092,13.04351],[77.67046,13.04363],[77.66995,13.04406],[77.66972,13.0444],[77.66928,13.04474],[77.66897,13.04508],[77.66885,13.04536],[77.66874,13.04535]]]},"properties":{"osm_id":1308079952,"name":null}},{"type":"Feature","geometry":{"type":"Polygon","coordinates":[[[77.67249,13.05136],[77.673,13.05083],[77.67328,13.05023],[77.67335,13.04905],[77.67325,13.04817],[77.67341,13.04801],[77.67376,13.04792],[77.67573,13.04841],[77.67686,13.04833],[77.68001,13.04852],[77.68001,13.04837],[77.67639,13.04816],[77.67572,13.04825],[77.67465,13.04797],[77.67434,13.0478],[77.67385,13.04768],[77.67335,13.04774],[77.67304,13.04799],[77.67295,13.04847],[77.67302,13.04912],[77.67289,13.05044],[77.67274,13.05069],[77.67231,13.051],[77.67249,13.05136]]]},"properties":{"osm_id":1308079954,"name":null}},{"type":"Feature","geometry":{"type":"Polygon","coordinates":[[[77.6281,13.04889],[77.62731,13.04785],[77.62712,13.04745],[77.62694,13.04662],[77.62699,13.046],[77.62712,13.04589],[77.62728,13.04758],[77.62815,13.04887],[77.6281,13.04889]]]},"properties":{"osm_id":1311754640,"name":null}},{"type":"Feature","geometry":{"type":"Polygon","coordinates":[[[77.73728,13.00597],[77.73768,13.00608],[77.73854,13.00663],[77.73945,13.00684],[77.73949,13.00672],[77.73852,13.00653],[77.73766,13.00596],[77.73729,13.00588],[77.73728,13.00597]]]},"properties":{"osm_id":1311917067,"name":null}},{"type":"Feature","geometry":{"type":"Polygon","coordinates":[[[77.74264,13.00834],[77.74302,13.00807],[77.74286,13.0075],[77.74295,13.00733],[77.74308,13.0073],[77.74479,13.00785],[77.7457,13.00728],[77.74568,13.00724],[77.74549,13.00733],[77.74469,13.0078],[77.74303,13.00722],[77.7429,13.00728],[77.7428,13.00743],[77.74296,13.00799],[77.74283,13.00814],[77.74261,13.00825],[77.74264,13.00834]]]},"properties":{"osm_id":1311917068,"name":null}},{"type":"Feature","geometry":{"type":"Polygon","coordinates":[[[77.73241,13.00332],[77.73104,13.00346],[77.73085,13.00332],[77.73013,13.00348],[77.72971,13.00337],[77.72997,13.00317],[77.73007,13.00342],[77.73082,13.00325],[77.73121,13.00336],[77.73242,13.00324],[77.73241,13.00332]]]},"properties":{"osm_id":1311917091,"name":null}},{"type":"Feature","geometry":{"type":"Polygon","coordinates":[[[77.69261,12.94977],[77.69172,12.95051],[77.69114,12.95082],[77.69096,12.95098],[77.69087,12.95118],[77.69071,12.95219],[77.69096,12.95218],[77.69102,12.95112],[77.6911,12.95099],[77.69163,12.95073],[77.69201,12.95039],[77.69247,12.95011],[77.69269,12.94991],[77.69272,12.9498],[77.69261,12.94977]]]},"properties":{"osm_id":1312137368,"name":null}},{"type":"Feature","geometry":{"type":"Polygon","coordinates":[[[77.73866,12.92523],[77.73848,12.92554],[77.73819,12.92673],[77.73825,12.92673],[77.73854,12.92555],[77.73872,12.92523],[77.73866,12.92523]]]},"properties":{"osm_id":1312802143,"name":null}},{"type":"Feature","geometry":{"type":"Polygon","coordinates":[[[77.73868,12.92403],[77.73886,12.92449],[77.73879,12.92485],[77.73885,12.92487],[77.73892,12.92441],[77.73875,12.92402],[77.73868,12.92403]]]},"properties":{"osm_id":1312843789,"name":null}},{"type":"Feature","geometry":{"type":"Polygon","coordinates":[[[77.7194,12.9714],[77.71953,12.97141],[77.71955,12.97106],[77.7194,12.97102],[77.7194,12.9714]]]},"properties":{"osm_id":1318316739,"name":null}},{"type":"Feature","geometry":{"type":"Polygon","coordinates":[[[77.67938,12.97794],[77.68161,12.97764],[77.68158,12.97758],[77.68119,12.97762],[77.67938,12.97787],[77.67938,12.97794]]]},"properties":{"osm_id":1320013875,"name":null}},{"type":"Feature","geometry":{"type":"Polygon","coordinates":[[[77.6756,12.97894],[77.67786,12.97822],[77.67926,12.97798],[77.67925,12.9779],[77.67778,12.97813],[77.67572,12.97878],[77.6756,12.97887],[77.6756,12.97894]]]},"properties":{"osm_id":1320013884,"name":null}},{"type":"Feature","geometry":{"type":"Polygon","coordinates":[[[77.66906,12.98941],[77.66946,12.98874],[77.66955,12.98848],[77.66939,12.9886],[77.66888,12.98952],[77.669,12.98951],[77.66906,12.98941]]]},"properties":{"osm_id":1320017913,"name":null}},{"type":"Feature","geometry":{"type":"Polygon","coordinates":[[[77.58598,12.94997],[77.58607,12.94994],[77.58601,12.9499],[77.58598,12.94997]]]},"properties":{"osm_id":1321566496,"name":null}},{"type":"Feature","geometry":{"type":"Polygon","coordinates":[[[77.5689,13.04532],[77.56883,13.04539],[77.56977,13.04658],[77.57102,13.04666],[77.57102,13.04656],[77.56982,13.04647],[77.5689,13.04532]]]},"properties":{"osm_id":1326435615,"name":null}},{"type":"Feature","geometry":{"type":"Polygon","coordinates":[[[77.56665,13.04266],[77.56658,13.04272],[77.56743,13.04317],[77.56772,13.04425],[77.5682,13.04488],[77.56875,13.04533],[77.56882,13.04526],[77.5683,13.0448],[77.56779,13.04415],[77.56775,13.04375],[77.56751,13.04313],[77.56665,13.04266]]]},"properties":{"osm_id":1326435617,"name":null}},{"type":"Feature","geometry":{"type":"Polygon","coordinates":[[[77.56438,13.04034],[77.56431,13.04043],[77.56473,13.04081],[77.5648,13.04142],[77.5663,13.04259],[77.56637,13.04251],[77.56489,13.04137],[77.56482,13.04075],[77.56438,13.04034]]]},"properties":{"osm_id":1326435618,"name":null}},{"type":"Feature","geometry":{"type":"Polygon","coordinates":[[[77.56377,13.03992],[77.56368,13.04002],[77.56422,13.04037],[77.56429,13.04028],[77.56377,13.03992]]]},"properties":{"osm_id":1326435619,"name":null}},{"type":"Feature","geometry":{"type":"Polygon","coordinates":[[[77.56106,13.03964],[77.56094,13.03976],[77.56104,13.03994],[77.56162,13.03982],[77.56249,13.04002],[77.56268,13.03952],[77.56353,13.03994],[77.5636,13.03986],[77.56262,13.03943],[77.56246,13.03992],[77.56162,13.03974],[77.56116,13.0398],[77.56105,13.03975],[77.56106,13.03964]]]},"properties":{"osm_id":1326435621,"name":null}},{"type":"Feature","geometry":{"type":"Polygon","coordinates":[[[77.75299,12.9335],[77.75291,12.9335],[77.75291,12.93343],[77.75298,12.93343],[77.75299,12.9335]]]},"properties":{"osm_id":1327169689,"name":null}},{"type":"Feature","geometry":{"type":"Polygon","coordinates":[[[77.75335,12.93269],[77.75334,12.93276],[77.75328,12.93275],[77.75335,12.93269]]]},"properties":{"osm_id":1327169691,"name":null}},{"type":"Feature","geometry":{"type":"Polygon","coordinates":[[[77.75475,12.93341],[77.75474,12.93314],[77.75464,12.93316],[77.75467,12.93341],[77.75475,12.93341]]]},"properties":{"osm_id":1327169692,"name":null}},{"type":"Feature","geometry":{"type":"Polygon","coordinates":[[[77.57246,13.05023],[77.57224,13.05117],[77.57116,13.05136],[77.57119,13.05218],[77.57102,13.05294],[77.57115,13.05359],[77.57137,13.05423],[77.57144,13.05423],[77.57124,13.05375],[77.57108,13.05294],[77.57123,13.0521],[77.5712,13.05144],[77.57229,13.0512],[77.57252,13.05022],[77.57246,13.05023]]]},"properties":{"osm_id":1327276912,"name":null}},{"type":"Feature","geometry":{"type":"Polygon","coordinates":[[[77.57267,13.04984],[77.57251,13.05014],[77.57258,13.05013],[77.57272,13.04989],[77.57267,13.04984]]]},"properties":{"osm_id":1327276913,"name":null}},{"type":"Feature","geometry":{"type":"Polygon","coordinates":[[[77.57335,13.04999],[77.57416,13.04999],[77.57512,13.05033],[77.57558,13.04978],[77.57563,13.04962],[77.57542,13.04976],[77.57519,13.05011],[77.57508,13.05016],[77.57401,13.0499],[77.573,13.04989],[77.5728,13.04982],[77.57243,13.04945],[77.57216,13.04952],[77.57202,13.04903],[77.57178,13.04882],[77.57137,13.04865],[77.57113,13.04814],[77.57095,13.04815],[77.57086,13.04806],[77.57072,13.04773],[77.57092,13.04734],[77.57081,13.04733],[77.57063,13.04772],[77.57064,13.04788],[77.57089,13.04821],[77.57109,13.04821],[77.57133,13.04871],[77.57166,13.04883],[77.57196,13.04909],[77.5721,13.04959],[77.57244,13.04956],[77.57276,13.04993],[77.57335,13.04999]]]},"properties":{"osm_id":1327276986,"name":null}},{"type":"Feature","geometry":{"type":"Polygon","coordinates":[[[77.57575,13.04968],[77.5759,13.04958],[77.57655,13.04948],[77.57653,13.0494],[77.57578,13.04954],[77.57575,13.04968]]]},"properties":{"osm_id":1327276987,"name":null}},{"type":"Feature","geometry":{"type":"Polygon","coordinates":[[[77.57663,13.04948],[77.57782,13.04937],[77.57781,13.04928],[77.57662,13.04939],[77.57663,13.04948]]]},"properties":{"osm_id":1327276988,"name":null}},{"type":"Feature","geometry":{"type":"Polygon","coordinates":[[[77.5779,13.04925],[77.57791,13.04934],[77.57837,13.04927],[77.57856,13.04936],[77.57891,13.05063],[77.57933,13.05146],[77.57941,13.0519],[77.57964,13.05198],[77.58011,13.05189],[77.58051,13.05169],[77.58273,13.05091],[77.58356,13.05072],[77.58396,13.05056],[77.58467,13.05012],[77.58576,13.04971],[77.58572,13.04962],[77.58473,13.04995],[77.58389,13.05046],[77.58255,13.05078],[77.58031,13.05164],[77.57982,13.05163],[77.57963,13.05174],[77.57951,13.05166],[77.57899,13.05053],[77.57864,13.04931],[77.57842,13.04921],[77.5779,13.04925]]]},"properties":{"osm_id":1327277066,"name":null}},{"type":"Feature","geometry":{"type":"Polygon","coordinates":[[[77.68042,12.94422],[77.68164,12.944],[77.68194,12.94388],[77.68241,12.94327],[77.68286,12.94297],[77.6831,12.94295],[77.68347,12.94313],[77.68462,12.9434],[77.68539,12.94346],[77.6859,12.94362],[77.68599,12.94356],[77.68543,12.94342],[77.68466,12.94333],[77.68402,12.94306],[77.68369,12.94303],[77.68313,12.9428],[77.68297,12.9428],[77.6822,12.94319],[77.68191,12.94368],[77.68174,12.94381],[77.68141,12.94391],[77.68044,12.94395],[77.68037,12.94421],[77.68042,12.94422]]]},"properties":{"osm_id":1327822130,"name":null}},{"type":"Feature","geometry":{"type":"Polygon","coordinates":[[[77.46848,13.07119],[77.46874,13.07139],[77.46942,13.07226],[77.47024,13.07071],[77.47026,13.07051],[77.47015,13.07045],[77.46925,13.07082],[77.46847,13.07103],[77.46839,13.07113],[77.46848,13.07119]]]},"properties":{"osm_id":1329403181,"name":null}},{"type":"Feature","geometry":{"type":"Polygon","coordinates":[[[77.47128,13.08107],[77.47252,13.08062],[77.47319,13.08027],[77.47398,13.07935],[77.47382,13.07802],[77.47354,13.07773],[77.47318,13.07781],[77.47188,13.07771],[77.47159,13.07766],[77.47095,13.07739],[77.4712,13.07801],[77.47142,13.07901],[77.47137,13.07967],[77.47121,13.08019],[77.47116,13.0808],[77.47128,13.08107]]]},"properties":{"osm_id":1331923007,"name":null}},{"type":"Feature","geometry":{"type":"Polygon","coordinates":[[[77.61213,13.04798],[77.61216,13.04785],[77.6121,13.04777],[77.61146,13.04714],[77.61129,13.04717],[77.61151,13.04746],[77.61213,13.04798]]]},"properties":{"osm_id":1331948556,"name":null}},{"type":"Feature","geometry":{"type":"Polygon","coordinates":[[[77.68693,12.94049],[77.68668,12.9406],[77.68582,12.93993],[77.68468,12.93938],[77.68476,12.93913],[77.68588,12.93967],[77.68652,12.94023],[77.68693,12.94049]]]},"properties":{"osm_id":1333116509,"name":null}},{"type":"Feature","geometry":{"type":"Polygon","coordinates":[[[77.4531,13.08996],[77.45285,13.08988],[77.45254,13.08995],[77.45211,13.0899],[77.45168,13.08971],[77.45174,13.08905],[77.45336,13.08875],[77.45364,13.0888],[77.45382,13.09005],[77.4531,13.08996]]]},"properties":{"osm_id":1333666287,"name":null}},{"type":"Feature","geometry":{"type":"Polygon","coordinates":[[[77.69169,12.97563],[77.69192,12.97574],[77.69312,12.97599],[77.6932,12.97607],[77.69328,12.97603],[77.69313,12.97591],[77.69215,12.9757],[77.69173,12.97555],[77.69169,12.97563]]]},"properties":{"osm_id":1337428761,"name":null}},{"type":"Feature","geometry":{"type":"Polygon","coordinates":[[[77.69085,12.95218],[77.69094,12.95253],[77.69099,12.95322],[77.69094,12.95391],[77.69046,12.95449],[77.69053,12.95455],[77.691,12.95404],[77.69104,12.95392],[77.69109,12.95319],[77.69104,12.95314],[77.69103,12.95257],[77.69096,12.95218],[77.69085,12.95218]]]},"properties":{"osm_id":1337428798,"name":null}},{"type":"Feature","geometry":{"type":"Polygon","coordinates":[[[77.59724,13.0014],[77.59732,13.00144],[77.59777,13.00138],[77.59785,13.00129],[77.59784,13.00119],[77.59732,13.00113],[77.59718,13.00124],[77.59724,13.0014]]]},"properties":{"osm_id":1341166389,"name":null}},{"type":"Feature","geometry":{"type":"Polygon","coordinates":[[[77.64264,13.03918],[77.64253,13.04035],[77.64262,13.04036],[77.64272,13.03919],[77.64264,13.03918]]]},"properties":{"osm_id":1341670100,"name":null}},{"type":"Feature","geometry":{"type":"Polygon","coordinates":[[[77.64261,13.04174],[77.64274,13.04178],[77.64257,13.04099],[77.64261,13.04044],[77.64252,13.04043],[77.64248,13.041],[77.64261,13.04174]]]},"properties":{"osm_id":1341670101,"name":null}},{"type":"Feature","geometry":{"type":"Polygon","coordinates":[[[77.57419,12.99395],[77.574,12.99377],[77.57399,12.99385],[77.5742,12.99405],[77.57436,12.99435],[77.57443,12.99435],[77.57419,12.99395]]]},"properties":{"osm_id":1343018972,"name":null}},{"type":"Feature","geometry":{"type":"Polygon","coordinates":[[[77.57391,12.99378],[77.57296,12.99243],[77.57309,12.99239],[77.57393,12.9937],[77.57391,12.99378]]]},"properties":{"osm_id":1343018973,"name":null}},{"type":"Feature","geometry":{"type":"Polygon","coordinates":[[[77.54654,12.9745],[77.54652,12.97465],[77.5461,12.97534],[77.54612,12.97611],[77.54648,12.97675],[77.54653,12.97672],[77.54621,12.97611],[77.54616,12.97536],[77.54631,12.9752],[77.5466,12.97464],[77.54662,12.9745],[77.54654,12.9745]]]},"properties":{"osm_id":1343404412,"name":null}},{"type":"Feature","geometry":{"type":"Polygon","coordinates":[[[77.61559,13.04195],[77.6159,13.04313],[77.61592,13.04335],[77.6158,13.04338],[77.61573,13.04262],[77.61555,13.04223],[77.61554,13.04196],[77.61559,13.04195]]]},"properties":{"osm_id":1343677895,"name":null}},{"type":"Feature","geometry":{"type":"Polygon","coordinates":[[[77.61545,13.04165],[77.61549,13.04189],[77.61553,13.04188],[77.61549,13.04163],[77.61545,13.04165]]]},"properties":{"osm_id":1343677898,"name":null}},{"type":"Feature","geometry":{"type":"Polygon","coordinates":[[[77.61412,13.03954],[77.6141,13.03961],[77.61427,13.03964],[77.61439,13.03978],[77.61469,13.04062],[77.61497,13.04083],[77.61525,13.04123],[77.6153,13.04119],[77.61514,13.04103],[77.61502,13.04078],[77.61473,13.04057],[77.61433,13.0396],[77.61412,13.03954]]]},"properties":{"osm_id":1343677901,"name":null}},{"type":"Feature","geometry":{"type":"Polygon","coordinates":[[[77.74983,12.93591],[77.74985,12.93584],[77.74993,12.93585],[77.74993,12.9359],[77.74983,12.93591]]]},"properties":{"osm_id":1343713006,"name":null}},{"type":"Feature","geometry":{"type":"Polygon","coordinates":[[[77.75325,12.92529],[77.75341,12.92528],[77.75339,12.92477],[77.75325,12.92479],[77.75325,12.92529]]]},"properties":{"osm_id":1343713010,"name":null}},{"type":"Feature","geometry":{"type":"Polygon","coordinates":[[[77.64569,13.05778],[77.6458,13.0578],[77.64593,13.0573],[77.64615,13.05689],[77.64652,13.05584],[77.64682,13.05546],[77.64678,13.0554],[77.64654,13.05566],[77.64569,13.05778]]]},"properties":{"osm_id":1344779665,"name":null}},{"type":"Feature","geometry":{"type":"Polygon","coordinates":[[[77.63973,12.92362],[77.63951,12.92372],[77.63942,12.92419],[77.63954,12.92578],[77.63968,12.92592],[77.64001,12.92597],[77.64002,12.92616],[77.63937,12.92591],[77.63917,12.92396],[77.63924,12.92362],[77.63961,12.92336],[77.63973,12.92362]]]},"properties":{"osm_id":1344968638,"name":null}},{"type":"Feature","geometry":{"type":"Polygon","coordinates":[[[77.51339,12.87211],[77.51362,12.87268],[77.51395,12.87288],[77.5143,12.87287],[77.51469,12.87208],[77.5145,12.8714],[77.51422,12.87089],[77.51413,12.87087],[77.51402,12.87102],[77.51397,12.87158],[77.51388,12.87178],[77.51341,12.872],[77.51339,12.87211]]]},"properties":{"osm_id":1344973950,"name":"Lingadeeranahalli Lake"}},{"type":"Feature","geometry":{"type":"Polygon","coordinates":[[[77.50686,12.8807],[77.5072,12.88139],[77.50757,12.88148],[77.50777,12.88138],[77.50782,12.88129],[77.50778,12.88094],[77.5074,12.88039],[77.50686,12.8807]]]},"properties":{"osm_id":1344974015,"name":null}},{"type":"Feature","geometry":{"type":"Polygon","coordinates":[[[77.69474,13.08119],[77.69515,13.08257],[77.69534,13.08266],[77.69585,13.08256],[77.69569,13.08174],[77.69547,13.08136],[77.69529,13.08114],[77.69474,13.08119]]]},"properties":{"osm_id":1346841565,"name":null}},{"type":"Feature","geometry":{"type":"Polygon","coordinates":[[[77.64556,13.0327],[77.64562,13.03351],[77.64501,13.03534],[77.64492,13.03584],[77.64501,13.03587],[77.64511,13.0353],[77.64569,13.03352],[77.64563,13.03269],[77.64556,13.0327]]]},"properties":{"osm_id":1347467826,"name":null}},{"type":"Feature","geometry":{"type":"Polygon","coordinates":[[[77.643,13.02921],[77.64309,13.02981],[77.64341,13.02966],[77.64438,13.02985],[77.64448,13.02976],[77.64497,13.02976],[77.64528,13.0299],[77.64546,13.03077],[77.64537,13.03211],[77.64554,13.03259],[77.64562,13.03258],[77.64544,13.03199],[77.64553,13.03071],[77.64531,13.02981],[77.64488,13.02968],[77.64405,13.02974],[77.6434,13.02958],[77.64314,13.02969],[77.64311,13.02922],[77.643,13.02921]]]},"properties":{"osm_id":1347467857,"name":null}},{"type":"Feature","geometry":{"type":"Polygon","coordinates":[[[77.6434,13.02785],[77.6432,13.0282],[77.64303,13.02911],[77.64313,13.02911],[77.64324,13.0283],[77.64348,13.02791],[77.6434,13.02785]]]},"properties":{"osm_id":1347467861,"name":null}},{"type":"Feature","geometry":{"type":"Polygon","coordinates":[[[77.73596,13.00564],[77.73638,13.00591],[77.73691,13.00589],[77.7372,13.00595],[77.7372,13.0059],[77.73688,13.00582],[77.73638,13.00586],[77.73597,13.00559],[77.73596,13.00564]]]},"properties":{"osm_id":1347717534,"name":null}},{"type":"Feature","geometry":{"type":"Polygon","coordinates":[[[77.73346,13.00332],[77.7335,13.00375],[77.73371,13.00401],[77.73373,13.00419],[77.73427,13.00434],[77.73432,13.00425],[77.73514,13.00458],[77.73562,13.00466],[77.73583,13.00503],[77.73591,13.00502],[77.73563,13.00457],[77.73388,13.00403],[77.73361,13.00376],[77.73356,13.0033],[77.73346,13.00332]]]},"properties":{"osm_id":1347717535,"name":null}},{"type":"Feature","geometry":{"type":"Polygon","coordinates":[[[77.73246,13.00332],[77.73278,13.00331],[77.73296,13.00323],[77.7334,13.00331],[77.7334,13.00326],[77.73294,13.00316],[77.73276,13.00326],[77.73246,13.00327],[77.73246,13.00332]]]},"properties":{"osm_id":1347717536,"name":null}},{"type":"Feature","geometry":{"type":"Polygon","coordinates":[[[77.60923,13.00252],[77.6106,13.00142],[77.61053,13.00135],[77.60918,13.00249],[77.60923,13.00252]]]},"properties":{"osm_id":1348168194,"name":null}},{"type":"Feature","geometry":{"type":"Polygon","coordinates":[[[77.64924,13.04559],[77.64991,13.04562],[77.65162,13.04608],[77.65291,13.04665],[77.65316,13.0467],[77.65559,13.04674],[77.65566,13.04654],[77.65552,13.04658],[77.65438,13.04649],[77.65383,13.04654],[77.65301,13.0465],[77.65285,13.0463],[77.6523,13.04597],[77.65146,13.04577],[77.65109,13.04558],[77.64979,13.04527],[77.64962,13.04533],[77.64917,13.04534],[77.64924,13.04559]]]},"properties":{"osm_id":1348900599,"name":null}},{"type":"Feature","geometry":{"type":"Polygon","coordinates":[[[77.60216,13.03514],[77.60294,13.0359],[77.603,13.03611],[77.60297,13.03642],[77.60259,13.03656],[77.60163,13.0371],[77.60087,13.0383],[77.60067,13.03894],[77.60057,13.03907],[77.60066,13.03913],[77.60084,13.0389],[77.60097,13.03834],[77.60179,13.03711],[77.60306,13.03648],[77.60311,13.03635],[77.60305,13.03589],[77.60298,13.03578],[77.60233,13.03513],[77.60216,13.03514]]]},"properties":{"osm_id":1348972958,"name":null}},{"type":"Feature","geometry":{"type":"Polygon","coordinates":[[[77.60038,13.03934],[77.60022,13.03954],[77.60007,13.04031],[77.60026,13.0411],[77.60042,13.04109],[77.60042,13.04101],[77.60034,13.04101],[77.60024,13.04043],[77.60033,13.03965],[77.60049,13.03938],[77.60038,13.03934]]]},"properties":{"osm_id":1348972959,"name":null}},{"type":"Feature","geometry":{"type":"Polygon","coordinates":[[[77.6002,13.04132],[77.60018,13.04304],[77.60026,13.04348],[77.60039,13.04348],[77.60032,13.04159],[77.60039,13.04116],[77.60024,13.04116],[77.6002,13.04132]]]},"properties":{"osm_id":1348972960,"name":null}},{"type":"Feature","geometry":{"type":"Polygon","coordinates":[[[77.76367,12.98708],[77.76405,12.98691],[77.76423,12.98646],[77.76476,12.98608],[77.76597,12.98594],[77.76632,12.98581],[77.76629,12.98575],[77.76596,12.98589],[77.76494,12.98595],[77.76472,12.98603],[77.76417,12.98642],[77.76404,12.98684],[77.76364,12.98704],[77.76367,12.98708]]]},"properties":{"osm_id":1348973518,"name":null}},{"type":"Feature","geometry":{"type":"Polygon","coordinates":[[[77.76314,12.98741],[77.7636,12.98713],[77.76357,12.98707],[77.76315,12.98733],[77.76314,12.98741]]]},"properties":{"osm_id":1348973519,"name":null}},{"type":"Feature","geometry":{"type":"Polygon","coordinates":[[[77.7617,12.98805],[77.76262,12.98789],[77.76305,12.98748],[77.76302,12.98743],[77.76261,12.98783],[77.76169,12.988],[77.7617,12.98805]]]},"properties":{"osm_id":1348973520,"name":null}},{"type":"Feature","geometry":{"type":"Polygon","coordinates":[[[77.76053,12.98807],[77.76163,12.98806],[77.76162,12.988],[77.76053,12.98802],[77.76053,12.98807]]]},"properties":{"osm_id":1348973521,"name":null}},{"type":"Feature","geometry":{"type":"Polygon","coordinates":[[[77.75986,12.98806],[77.76048,12.98807],[77.76048,12.98802],[77.75987,12.988],[77.75986,12.98806]]]},"properties":{"osm_id":1348973522,"name":null}},{"type":"Feature","geometry":{"type":"Polygon","coordinates":[[[77.66485,12.85903],[77.66523,12.86027],[77.66565,12.8607],[77.66629,12.86086],[77.66651,12.86112],[77.66657,12.86132],[77.66778,12.86114],[77.6677,12.86015],[77.66771,12.85965],[77.6678,12.85917],[77.66773,12.8589],[77.66721,12.85925],[77.66647,12.85952],[77.66599,12.85952],[77.66485,12.85903]]]},"properties":{"osm_id":1349913931,"name":"Beratena Agrahara Lake"}},{"type":"Feature","geometry":{"type":"Polygon","coordinates":[[[77.61982,12.98759],[77.61962,12.9876],[77.61968,12.98785],[77.61969,12.98871],[77.61959,12.99093],[77.61947,12.99163],[77.61894,12.99274],[77.61899,12.99277],[77.6195,12.9918],[77.6196,12.99131],[77.61971,12.99041],[77.61982,12.98789],[77.61997,12.98769],[77.61979,12.98767],[77.61982,12.98759]]]},"properties":{"osm_id":1350607172,"name":null}},{"type":"Feature","geometry":{"type":"Polygon","coordinates":[[[77.61821,12.99436],[77.61886,12.99303],[77.6188,12.993],[77.61812,12.99432],[77.61821,12.99436]]]},"properties":{"osm_id":1350607173,"name":null}},{"type":"Feature","geometry":{"type":"Polygon","coordinates":[[[77.61708,12.99575],[77.61768,12.99524],[77.61806,12.99461],[77.61798,12.99457],[77.61744,12.99538],[77.61705,12.99566],[77.61708,12.99575]]]},"properties":{"osm_id":1350607174,"name":null}},{"type":"Feature","geometry":{"type":"Polygon","coordinates":[[[77.61852,12.99638],[77.61857,12.9964],[77.61896,12.99549],[77.61802,12.99448],[77.61798,12.99457],[77.61887,12.9955],[77.61852,12.99638]]]},"properties":{"osm_id":1350607176,"name":null}},{"type":"Feature","geometry":{"type":"Polygon","coordinates":[[[77.74688,12.93651],[77.74687,12.93642],[77.74694,12.93642],[77.74696,12.9365],[77.74688,12.93651]]]},"properties":{"osm_id":1350683662,"name":null}},{"type":"Feature","geometry":{"type":"Polygon","coordinates":[[[77.75083,12.94061],[77.75083,12.94056],[77.75091,12.94056],[77.75091,12.94061],[77.75083,12.94061]]]},"properties":{"osm_id":1350687548,"name":null}},{"type":"Feature","geometry":{"type":"Polygon","coordinates":[[[77.64691,13.05484],[77.64703,13.05396],[77.64741,13.05257],[77.64806,13.05087],[77.64793,13.05034],[77.64733,13.04968],[77.64682,13.0494],[77.64678,13.04941],[77.64722,13.04971],[77.64786,13.05042],[77.64797,13.0509],[77.64747,13.05192],[77.64719,13.05279],[77.64683,13.05467],[77.64691,13.05484]]]},"properties":{"osm_id":1350892176,"name":null}},{"type":"Feature","geometry":{"type":"Polygon","coordinates":[[[77.59295,12.9813],[77.593,12.98127],[77.59297,12.98122],[77.59292,12.98125],[77.59295,12.9813]]]},"properties":{"osm_id":1352263716,"name":null}},{"type":"Feature","geometry":{"type":"Polygon","coordinates":[[[77.59297,12.98133],[77.59304,12.98147],[77.59309,12.98145],[77.59301,12.98131],[77.59297,12.98133]]]},"properties":{"osm_id":1352263717,"name":null}},{"type":"Feature","geometry":{"type":"Polygon","coordinates":[[[77.59282,12.98107],[77.5929,12.98121],[77.59295,12.98119],[77.59287,12.98105],[77.59282,12.98107]]]},"properties":{"osm_id":1352263718,"name":null}},{"type":"Feature","geometry":{"type":"Polygon","coordinates":[[[77.48418,12.99732],[77.48335,12.99736],[77.48236,12.99724],[77.48214,12.99716],[77.48204,12.99702],[77.48126,12.99682],[77.48091,12.99683],[77.48037,12.997],[77.47978,12.99708],[77.47888,12.99701],[77.47849,12.99685],[77.47715,12.99721],[77.47721,12.99756],[77.47691,12.99762],[77.47687,12.99789],[77.47608,12.99807],[77.47533,12.99794],[77.47471,12.99765],[77.47464,12.9975],[77.47463,12.9971],[77.47402,12.99718],[77.47401,12.9971],[77.47466,12.99705],[77.47481,12.99722],[77.47473,12.99735],[77.47473,12.99752],[77.47483,12.99761],[77.47538,12.99786],[77.47612,12.99801],[77.47678,12.99786],[77.47686,12.99755],[77.47716,12.99746],[77.47712,12.99717],[77.47818,12.99681],[77.47848,12.99677],[77.47911,12.99695],[77.48009,12.99697],[77.48031,12.99695],[77.48097,12.99672],[77.48202,12.99684],[77.48227,12.99706],[77.48418,12.99732]]]},"properties":{"osm_id":1353417463,"name":null}},{"type":"Feature","geometry":{"type":"Polygon","coordinates":[[[77.51217,12.98714],[77.5125,12.98687],[77.51283,12.98672],[77.51324,12.98664],[77.51341,12.98671],[77.51406,12.98668],[77.51427,12.98677],[77.51508,12.98678],[77.51595,12.98718],[77.51598,12.98725],[77.51606,12.98722],[77.5151,12.98673],[77.51425,12.98672],[77.51406,12.98663],[77.51341,12.98667],[77.51324,12.98661],[77.51279,12.98668],[77.51264,12.98681],[77.51242,12.98685],[77.51215,12.98709],[77.51217,12.98714]]]},"properties":{"osm_id":1353420070,"name":null}},{"type":"Feature","geometry":{"type":"Polygon","coordinates":[[[77.47859,12.91935],[77.47809,12.91853],[77.47795,12.91865],[77.47845,12.91935],[77.47877,12.92082],[77.47906,12.92173],[77.47937,12.92326],[77.47937,12.9237],[77.47951,12.92365],[77.47916,12.92169],[77.4787,12.91998],[77.47859,12.91935]]]},"properties":{"osm_id":1353425191,"name":null}},{"type":"Feature","geometry":{"type":"Polygon","coordinates":[[[77.47781,12.9185],[77.4779,12.91842],[77.47772,12.91819],[77.47772,12.91785],[77.47809,12.91742],[77.47804,12.91615],[77.47794,12.91618],[77.47766,12.91593],[77.47739,12.91546],[77.47738,12.91519],[77.47717,12.91444],[77.47716,12.91415],[77.47725,12.91381],[77.47773,12.9129],[77.47801,12.91213],[77.47803,12.91106],[77.47784,12.91112],[77.47789,12.91194],[77.47777,12.91248],[77.47705,12.91392],[77.47697,12.91431],[77.47735,12.91574],[77.47752,12.91589],[77.47789,12.91657],[77.47795,12.91707],[77.47791,12.91732],[77.47771,12.91756],[77.47758,12.9176],[77.47755,12.91778],[77.47759,12.91831],[77.47781,12.9185]]]},"properties":{"osm_id":1353425192,"name":null}},{"type":"Feature","geometry":{"type":"Polygon","coordinates":[[[77.47736,12.9087],[77.47757,12.90883],[77.47748,12.90911],[77.47751,12.90927],[77.47768,12.9095],[77.47804,12.90979],[77.47814,12.90999],[77.47801,12.91072],[77.47777,12.91074],[77.4779,12.91016],[77.47782,12.90987],[77.47736,12.90953],[77.47728,12.90912],[77.47736,12.9087]]]},"properties":{"osm_id":1353425193,"name":null}},{"type":"Feature","geometry":{"type":"Polygon","coordinates":[[[77.47909,12.90696],[77.47933,12.90683],[77.47933,12.90667],[77.47914,12.90601],[77.47886,12.90589],[77.47915,12.90659],[77.47915,12.90672],[77.47903,12.90682],[77.47909,12.90696]]]},"properties":{"osm_id":1353425196,"name":null}},{"type":"Feature","geometry":{"type":"Polygon","coordinates":[[[77.47833,12.90741],[77.47903,12.90701],[77.47896,12.90685],[77.4783,12.90722],[77.47833,12.90741]]]},"properties":{"osm_id":1353425197,"name":null}},{"type":"Feature","geometry":{"type":"Polygon","coordinates":[[[77.4777,12.90846],[77.47827,12.90742],[77.47825,12.90725],[77.47793,12.90761],[77.47751,12.90839],[77.4777,12.90846]]]},"properties":{"osm_id":1353425198,"name":null}},{"type":"Feature","geometry":{"type":"Polygon","coordinates":[[[77.75512,12.94184],[77.75511,12.94175],[77.7552,12.94173],[77.75521,12.94183],[77.75512,12.94184]]]},"properties":{"osm_id":1353889332,"name":null}},{"type":"Feature","geometry":{"type":"Polygon","coordinates":[[[77.75436,12.94107],[77.75435,12.94092],[77.7545,12.94091],[77.75451,12.94105],[77.75436,12.94107]]]},"properties":{"osm_id":1353889334,"name":null}},{"type":"Feature","geometry":{"type":"Polygon","coordinates":[[[77.65921,12.99421],[77.65929,12.99425],[77.66017,12.99289],[77.66007,12.99285],[77.65921,12.99421]]]},"properties":{"osm_id":1354126974,"name":null}},{"type":"Feature","geometry":{"type":"Polygon","coordinates":[[[77.64329,13.0747],[77.64303,13.07433],[77.64304,13.07416],[77.64321,13.07409],[77.64478,13.07393],[77.64518,13.07345],[77.64647,13.07243],[77.64677,13.07191],[77.6469,13.07112],[77.64684,13.07114],[77.64666,13.07198],[77.64643,13.07236],[77.64528,13.07324],[77.64477,13.07386],[77.643,13.07408],[77.64293,13.07417],[77.64295,13.07431],[77.64318,13.07466],[77.64329,13.0747]]]},"properties":{"osm_id":1354208739,"name":null}},{"type":"Feature","geometry":{"type":"Polygon","coordinates":[[[77.50201,13.04438],[77.50265,13.04406],[77.50278,13.04404],[77.50302,13.04415],[77.50338,13.04412],[77.50449,13.04356],[77.50498,13.04347],[77.50493,13.04337],[77.50444,13.04349],[77.50337,13.04404],[77.50259,13.04402],[77.50198,13.04431],[77.50201,13.04438]]]},"properties":{"osm_id":1354343457,"name":null}},{"type":"Feature","geometry":{"type":"Polygon","coordinates":[[[77.50639,13.04262],[77.50591,13.04286],[77.50569,13.04301],[77.50569,13.04308],[77.50593,13.04291],[77.50643,13.0427],[77.50639,13.04262]]]},"properties":{"osm_id":1354343458,"name":null}},{"type":"Feature","geometry":{"type":"Polygon","coordinates":[[[77.51068,13.04248],[77.51054,13.04253],[77.50985,13.04242],[77.50996,13.04134],[77.5079,13.04085],[77.50707,13.04106],[77.50664,13.04178],[77.50662,13.04219],[77.50642,13.04246],[77.50652,13.04264],[77.50643,13.0427],[77.50633,13.0424],[77.50653,13.04218],[77.50656,13.04173],[77.50705,13.041],[77.50717,13.04093],[77.50801,13.04078],[77.50892,13.04103],[77.50996,13.0412],[77.51004,13.04131],[77.51,13.0423],[77.51028,13.04236],[77.51053,13.04231],[77.51068,13.04248]]]},"properties":{"osm_id":1354343459,"name":null}},{"type":"Feature","geometry":{"type":"Polygon","coordinates":[[[77.75299,12.9371],[77.75301,12.93702],[77.75304,12.93708],[77.75299,12.9371]]]},"properties":{"osm_id":1355314256,"name":null}},{"type":"Feature","geometry":{"type":"Polygon","coordinates":[[[77.75258,12.93546],[77.75256,12.93539],[77.75262,12.93537],[77.75265,12.93543],[77.75258,12.93546]]]},"properties":{"osm_id":1355314257,"name":null}},{"type":"Feature","geometry":{"type":"Polygon","coordinates":[[[77.6338,12.97091],[77.63386,12.97074],[77.63402,12.97079],[77.63396,12.97096],[77.6338,12.97091]]]},"properties":{"osm_id":1355958858,"name":null}},{"type":"Feature","geometry":{"type":"Polygon","coordinates":[[[77.59798,12.86727],[77.59911,12.86731],[77.60085,12.86751],[77.60082,12.86742],[77.59914,12.86726],[77.59798,12.86727]]]},"properties":{"osm_id":1356597109,"name":null}},{"type":"Feature","geometry":{"type":"Polygon","coordinates":[[[77.75243,12.92807],[77.7525,12.92803],[77.75248,12.92809],[77.75243,12.92807]]]},"properties":{"osm_id":1357705755,"name":null}},{"type":"Feature","geometry":{"type":"Polygon","coordinates":[[[77.75162,12.92782],[77.75162,12.92776],[77.75168,12.92776],[77.75168,12.92782],[77.75162,12.92782]]]},"properties":{"osm_id":1357705756,"name":null}},{"type":"Feature","geometry":{"type":"Polygon","coordinates":[[[77.48475,12.94976],[77.48449,12.94948],[77.48432,12.94908],[77.48413,12.9471],[77.48423,12.94708],[77.48444,12.94912],[77.48455,12.94936],[77.48484,12.94972],[77.48475,12.94976]]]},"properties":{"osm_id":1360644155,"name":null}},{"type":"Feature","geometry":{"type":"Polygon","coordinates":[[[77.59417,13.08999],[77.59419,13.09008],[77.59564,13.09019],[77.5958,13.09038],[77.59594,13.09113],[77.59602,13.09112],[77.59575,13.09017],[77.59417,13.08999]]]},"properties":{"osm_id":1363821414,"name":null}},{"type":"Feature","geometry":{"type":"Polygon","coordinates":[[[77.67388,12.98155],[77.67391,12.98094],[77.67409,12.98059],[77.67575,12.98018],[77.67576,12.98023],[77.67451,12.9805],[77.67411,12.98068],[77.67399,12.98096],[77.67395,12.98128],[77.67401,12.98163],[77.67385,12.98173],[77.6738,12.98166],[77.67388,12.98155]]]},"properties":{"osm_id":1363975902,"name":null}},{"type":"Feature","geometry":{"type":"Polygon","coordinates":[[[77.52736,12.9346],[77.52729,12.93442],[77.52671,12.93544],[77.52657,12.93558],[77.52597,12.93578],[77.52623,12.93589],[77.52685,12.93564],[77.52695,12.93533],[77.52739,12.93473],[77.52736,12.9346]]]},"properties":{"osm_id":1363986275,"name":null}},{"type":"Feature","geometry":{"type":"Polygon","coordinates":[[[77.53427,12.93209],[77.53415,12.93205],[77.53399,12.93298],[77.53386,12.93312],[77.53354,12.93394],[77.53298,12.93393],[77.53283,12.9337],[77.53283,12.93404],[77.53362,12.93409],[77.53422,12.93276],[77.53427,12.93209]]]},"properties":{"osm_id":1363986276,"name":null}},{"type":"Feature","geometry":{"type":"Polygon","coordinates":[[[77.53271,12.93388],[77.53268,12.93371],[77.53251,12.93355],[77.53235,12.93351],[77.53151,12.93379],[77.5315,12.93397],[77.5324,12.93372],[77.53271,12.93388]]]},"properties":{"osm_id":1363986277,"name":null}},{"type":"Feature","geometry":{"type":"Polygon","coordinates":[[[77.53122,12.9339],[77.53123,12.93376],[77.53051,12.93371],[77.52993,12.93386],[77.52841,12.93395],[77.52801,12.93391],[77.52742,12.93421],[77.52749,12.93436],[77.52802,12.93404],[77.52841,12.93411],[77.53122,12.9339]]]},"properties":{"osm_id":1363986278,"name":null}},{"type":"Feature","geometry":{"type":"Polygon","coordinates":[[[77.62626,13.0382],[77.62632,13.03833],[77.62795,13.03935],[77.62803,13.03923],[77.62641,13.0382],[77.62632,13.03807],[77.62626,13.0382]]]},"properties":{"osm_id":1364056385,"name":null}},{"type":"Feature","geometry":{"type":"Polygon","coordinates":[[[77.62797,13.03937],[77.62905,13.04004],[77.62912,13.03992],[77.62805,13.03926],[77.62797,13.03937]]]},"properties":{"osm_id":1364056386,"name":null}},{"type":"Feature","geometry":{"type":"Polygon","coordinates":[[[77.50508,12.92595],[77.50539,12.92608],[77.50573,12.92677],[77.5058,12.92681],[77.5068,12.92678],[77.50685,12.92689],[77.507,12.92693],[77.50776,12.92688],[77.50776,12.92682],[77.50769,12.92687],[77.50701,12.92689],[77.50689,12.92684],[77.50683,12.92672],[77.50645,12.92678],[77.5058,12.92676],[77.50545,12.92609],[77.50525,12.92586],[77.50532,12.92567],[77.50508,12.92595]]]},"properties":{"osm_id":1364433565,"name":null}},{"type":"Feature","geometry":{"type":"Polygon","coordinates":[[[77.67968,12.93856],[77.67975,12.93843],[77.67965,12.93832],[77.67958,12.93804],[77.67966,12.93766],[77.67961,12.93738],[77.67947,12.93678],[77.67915,12.93592],[77.67954,12.93539],[77.67973,12.93483],[77.67997,12.93445],[77.67983,12.93447],[77.67967,12.93469],[77.67957,12.93499],[77.67931,12.93539],[77.67927,12.93558],[77.67902,12.93595],[77.67935,12.93683],[77.67953,12.93765],[77.67946,12.93807],[77.67954,12.93842],[77.67968,12.93856]]]},"properties":{"osm_id":1365463970,"name":null}},{"type":"Feature","geometry":{"type":"Polygon","coordinates":[[[77.45797,12.96463],[77.45797,12.96447],[77.45727,12.9643],[77.45725,12.96436],[77.45778,12.96451],[77.45797,12.96463]]]},"properties":{"osm_id":1365569987,"name":null}},{"type":"Feature","geometry":{"type":"Polygon","coordinates":[[[77.45714,12.96427],[77.45705,12.96419],[77.4569,12.96366],[77.45639,12.96312],[77.45632,12.96271],[77.4565,12.96225],[77.45691,12.96197],[77.45704,12.96176],[77.45804,12.96129],[77.45829,12.96109],[77.45866,12.96011],[77.45888,12.95983],[77.45905,12.95947],[77.45932,12.95921],[77.45941,12.95896],[77.45943,12.95837],[77.45936,12.95837],[77.45937,12.95879],[77.45931,12.95906],[77.45861,12.96005],[77.45827,12.96102],[77.45806,12.96122],[77.45707,12.96169],[77.45644,12.96222],[77.45626,12.96275],[77.45633,12.96315],[77.45683,12.96369],[77.45701,12.96428],[77.4571,12.96433],[77.45714,12.96427]]]},"properties":{"osm_id":1365569988,"name":null}},{"type":"Feature","geometry":{"type":"Polygon","coordinates":[[[77.45636,12.91509],[77.45638,12.91468],[77.45648,12.91457],[77.45709,12.91427],[77.45713,12.9143],[77.45644,12.91466],[77.45638,12.91498],[77.45647,12.91505],[77.45636,12.91509]]]},"properties":{"osm_id":1365570007,"name":null}},{"type":"Feature","geometry":{"type":"Polygon","coordinates":[[[77.45745,12.91109],[77.45692,12.91233],[77.45676,12.91282],[77.45677,12.913],[77.4569,12.91327],[77.45745,12.91376],[77.45758,12.91427],[77.45852,12.9146],[77.45918,12.91496],[77.45922,12.91474],[77.45828,12.91431],[77.45803,12.91433],[77.4578,12.91427],[77.4577,12.91418],[77.45749,12.9136],[77.45707,12.91326],[77.45693,12.91306],[77.45688,12.9128],[77.45758,12.91111],[77.45745,12.91109]]]},"properties":{"osm_id":1365570014,"name":null}},{"type":"Feature","geometry":{"type":"Polygon","coordinates":[[[77.45751,12.91092],[77.45767,12.91094],[77.45832,12.90977],[77.45832,12.90951],[77.45812,12.90939],[77.45819,12.9097],[77.45809,12.90998],[77.45751,12.91092]]]},"properties":{"osm_id":1365570017,"name":null}},{"type":"Feature","geometry":{"type":"Polygon","coordinates":[[[77.45592,12.90622],[77.45576,12.90622],[77.45592,12.90648],[77.45609,12.90654],[77.4565,12.90648],[77.45671,12.90651],[77.45715,12.90672],[77.45724,12.90726],[77.4572,12.90788],[77.45756,12.9081],[77.45789,12.9089],[77.45808,12.90902],[77.45766,12.908],[77.45744,12.90792],[77.45733,12.90781],[77.45738,12.90725],[77.45731,12.90666],[77.45661,12.90635],[77.45604,12.90638],[77.45592,12.90622]]]},"properties":{"osm_id":1365570020,"name":null}},{"type":"Feature","geometry":{"type":"Polygon","coordinates":[[[77.45591,12.90609],[77.45626,12.90572],[77.45644,12.90517],[77.45651,12.90479],[77.45643,12.90447],[77.45625,12.90452],[77.45635,12.90462],[77.45632,12.90506],[77.45618,12.90538],[77.45615,12.90562],[77.45585,12.90593],[77.45577,12.9061],[77.45591,12.90609]]]},"properties":{"osm_id":1365570021,"name":null}},{"type":"Feature","geometry":{"type":"Polygon","coordinates":[[[77.45605,12.90439],[77.45624,12.90433],[77.45613,12.90425],[77.45572,12.90426],[77.45529,12.90364],[77.45522,12.90382],[77.45569,12.90443],[77.45587,12.90446],[77.45605,12.90439]]]},"properties":{"osm_id":1365570022,"name":null}},{"type":"Feature","geometry":{"type":"Polygon","coordinates":[[[77.45661,12.90109],[77.45675,12.90124],[77.45678,12.90121],[77.45661,12.90109]]]},"properties":{"osm_id":1365570025,"name":null}},{"type":"Feature","geometry":{"type":"Polygon","coordinates":[[[77.45781,12.89851],[77.45775,12.89884],[77.45787,12.89915],[77.45785,12.89928],[77.45718,12.90016],[77.45678,12.90054],[77.45659,12.90094],[77.45601,12.90115],[77.45595,12.90133],[77.45666,12.90106],[77.45688,12.90065],[77.45733,12.90018],[77.45797,12.89935],[77.458,12.8991],[77.45788,12.89876],[77.45793,12.89857],[77.45781,12.89851]]]},"properties":{"osm_id":1365570027,"name":null}},{"type":"Feature","geometry":{"type":"Polygon","coordinates":[[[77.45884,12.90354],[77.45813,12.90276],[77.45817,12.90273],[77.45889,12.90353],[77.45884,12.90354]]]},"properties":{"osm_id":1365570029,"name":null}},{"type":"Feature","geometry":{"type":"Polygon","coordinates":[[[77.45989,12.90388],[77.4592,12.90388],[77.45904,12.90377],[77.45921,12.90385],[77.45989,12.90388]]]},"properties":{"osm_id":1365570030,"name":null}},{"type":"Feature","geometry":{"type":"Polygon","coordinates":[[[77.46143,12.91789],[77.46156,12.91788],[77.46132,12.91647],[77.46117,12.9165],[77.46143,12.91789]]]},"properties":{"osm_id":1365570034,"name":null}},{"type":"Feature","geometry":{"type":"Polygon","coordinates":[[[77.45926,12.9213],[77.45958,12.92087],[77.45998,12.92069],[77.4602,12.92047],[77.46061,12.92037],[77.46065,12.92026],[77.46025,12.92035],[77.45953,12.92076],[77.45922,12.92116],[77.45926,12.9213]]]},"properties":{"osm_id":1365570035,"name":null}},{"type":"Feature","geometry":{"type":"Polygon","coordinates":[[[77.45673,12.92435],[77.45684,12.9244],[77.45717,12.92299],[77.4577,12.92203],[77.45884,12.92168],[77.45912,12.92152],[77.45909,12.92135],[77.45887,12.92154],[77.4576,12.92198],[77.45704,12.923],[77.45673,12.92435]]]},"properties":{"osm_id":1365570036,"name":null}},{"type":"Feature","geometry":{"type":"Polygon","coordinates":[[[77.45631,12.92956],[77.45637,12.92933],[77.45637,12.92844],[77.45597,12.92696],[77.45595,12.9264],[77.45565,12.92535],[77.45577,12.92512],[77.45644,12.92493],[77.45677,12.92455],[77.45669,12.92446],[77.45639,12.92482],[77.45571,12.92502],[77.45555,12.92525],[77.45552,12.92542],[77.45581,12.92629],[77.45586,12.92697],[77.45626,12.92852],[77.45618,12.92956],[77.45631,12.92956]]]},"properties":{"osm_id":1365570037,"name":null}},{"type":"Feature","geometry":{"type":"Polygon","coordinates":[[[77.45502,12.93963],[77.45563,12.94209],[77.45597,12.94267],[77.45658,12.9444],[77.45733,12.94531],[77.45741,12.9453],[77.45663,12.94438],[77.45607,12.94275],[77.45569,12.94204],[77.45512,12.93961],[77.45502,12.93963]]]},"properties":{"osm_id":1365570040,"name":null}},{"type":"Feature","geometry":{"type":"Polygon","coordinates":[[[77.45597,12.9381],[77.45606,12.93807],[77.45573,12.93719],[77.45488,12.936],[77.45379,12.93547],[77.45342,12.93331],[77.45331,12.93335],[77.45368,12.9355],[77.45396,12.93622],[77.45404,12.93699],[77.45423,12.93751],[77.45466,12.93836],[77.45498,12.93947],[77.45506,12.93946],[77.45491,12.93884],[77.45412,12.93699],[77.45403,12.9362],[77.45382,12.93566],[77.45385,12.93561],[77.45479,12.93605],[77.45569,12.93727],[77.45597,12.9381]]]},"properties":{"osm_id":1365570041,"name":null}},{"type":"Feature","geometry":{"type":"Polygon","coordinates":[[[77.45643,12.93916],[77.45609,12.93819],[77.45601,12.93821],[77.45637,12.93919],[77.45643,12.93916]]]},"properties":{"osm_id":1365570042,"name":null}},{"type":"Feature","geometry":{"type":"Polygon","coordinates":[[[77.45883,12.94304],[77.4589,12.94301],[77.4583,12.94198],[77.45727,12.94106],[77.45686,12.94025],[77.45649,12.93932],[77.45641,12.93934],[77.45689,12.9405],[77.45724,12.94115],[77.45819,12.94197],[77.45883,12.94304]]]},"properties":{"osm_id":1365570064,"name":null}},{"type":"Feature","geometry":{"type":"Polygon","coordinates":[[[77.46028,12.94518],[77.46037,12.94518],[77.45987,12.9446],[77.45942,12.94444],[77.45935,12.94435],[77.459,12.94321],[77.45891,12.94303],[77.45884,12.94306],[77.4593,12.94441],[77.45937,12.94449],[77.45988,12.9447],[77.46028,12.94518]]]},"properties":{"osm_id":1365570065,"name":null}},{"type":"Feature","geometry":{"type":"Polygon","coordinates":[[[77.46149,12.94635],[77.46171,12.94597],[77.4618,12.9454],[77.46057,12.94556],[77.46038,12.94532],[77.46048,12.94532],[77.4606,12.94547],[77.46188,12.9453],[77.46179,12.94593],[77.46158,12.94634],[77.46149,12.94635]]]},"properties":{"osm_id":1365570066,"name":null}},{"type":"Feature","geometry":{"type":"Polygon","coordinates":[[[77.62088,12.97667],[77.62081,12.97637],[77.62092,12.97637],[77.62099,12.97667],[77.62088,12.97667]]]},"properties":{"osm_id":1365989915,"name":null}},{"type":"Feature","geometry":{"type":"Polygon","coordinates":[[[77.74838,12.93078],[77.74837,12.93067],[77.74851,12.93067],[77.74851,12.93078],[77.74838,12.93078]]]},"properties":{"osm_id":1366865111,"name":null}},{"type":"Feature","geometry":{"type":"Polygon","coordinates":[[[77.7484,12.93063],[77.7484,12.93055],[77.74848,12.93055],[77.74848,12.93063],[77.7484,12.93063]]]},"properties":{"osm_id":1366865112,"name":null}},{"type":"Feature","geometry":{"type":"Polygon","coordinates":[[[77.74772,12.9305],[77.74772,12.93043],[77.74778,12.93043],[77.74778,12.9305],[77.74772,12.9305]]]},"properties":{"osm_id":1366865113,"name":null}},{"type":"Feature","geometry":{"type":"Polygon","coordinates":[[[77.76222,12.93307],[77.76218,12.93296],[77.7623,12.93292],[77.76234,12.93303],[77.76222,12.93307]]]},"properties":{"osm_id":1366968746,"name":null}},{"type":"Feature","geometry":{"type":"Polygon","coordinates":[[[77.76118,12.94581],[77.7612,12.9459],[77.76108,12.94592],[77.76106,12.94584],[77.76118,12.94581]]]},"properties":{"osm_id":1367291522,"name":null}},{"type":"Feature","geometry":{"type":"Polygon","coordinates":[[[77.59074,12.97014],[77.59094,12.97003],[77.59083,12.96982],[77.59062,12.96993],[77.59074,12.97014]]]},"properties":{"osm_id":1368284551,"name":null}},{"type":"Feature","geometry":{"type":"Polygon","coordinates":[[[77.59411,12.97599],[77.59418,12.97589],[77.59405,12.97566],[77.59393,12.97556],[77.59379,12.97556],[77.59379,12.97583],[77.59394,12.97603],[77.59402,12.97606],[77.59411,12.97599]]]},"properties":{"osm_id":1372985166,"name":null}},{"type":"Feature","geometry":{"type":"Polygon","coordinates":[[[77.61696,12.9957],[77.61687,12.99576],[77.61701,12.99583],[77.61696,12.9957]]]},"properties":{"osm_id":1375165373,"name":null}},{"type":"Feature","geometry":{"type":"Polygon","coordinates":[[[77.74692,12.95477],[77.7469,12.95458],[77.74753,12.95396],[77.74776,12.95357],[77.74799,12.95347],[77.74823,12.95242],[77.74831,12.95234],[77.7485,12.95229],[77.7495,12.95244],[77.74968,12.9524],[77.74998,12.9525],[77.7503,12.95271],[77.75079,12.95284],[77.751,12.95296],[77.75089,12.95316],[77.7508,12.95298],[77.74931,12.95249],[77.74841,12.95239],[77.74823,12.95343],[77.74692,12.95477]]]},"properties":{"osm_id":1375169135,"name":null}},{"type":"Feature","geometry":{"type":"Polygon","coordinates":[[[77.64372,13.03892],[77.64382,13.03895],[77.6439,13.03844],[77.6441,13.0381],[77.64427,13.03698],[77.64446,13.03627],[77.64495,13.03598],[77.64498,13.03594],[77.64492,13.0359],[77.64439,13.03625],[77.64418,13.03708],[77.64406,13.038],[77.64385,13.03836],[77.64372,13.03892]]]},"properties":{"osm_id":1376360345,"name":null}},{"type":"Feature","geometry":{"type":"Polygon","coordinates":[[[77.49809,13.04386],[77.498,13.04393],[77.49856,13.04403],[77.49937,13.0443],[77.50007,13.044],[77.50067,13.04396],[77.5012,13.04406],[77.50114,13.04394],[77.50038,13.04386],[77.49999,13.04392],[77.49928,13.04416],[77.49875,13.04397],[77.49809,13.04386]]]},"properties":{"osm_id":1376522702,"name":null}},{"type":"Feature","geometry":{"type":"Polygon","coordinates":[[[77.49297,13.04286],[77.4931,13.04282],[77.49316,13.04295],[77.49303,13.04302],[77.49296,13.04296],[77.49297,13.04286]]]},"properties":{"osm_id":1376522703,"name":null}},{"type":"Feature","geometry":{"type":"Polygon","coordinates":[[[77.4931,13.04262],[77.49323,13.04258],[77.49327,13.04274],[77.4931,13.04275],[77.4931,13.04262]]]},"properties":{"osm_id":1376522704,"name":null}},{"type":"Feature","geometry":{"type":"Polygon","coordinates":[[[77.49268,13.04241],[77.49281,13.04237],[77.49287,13.0425],[77.49271,13.04255],[77.49268,13.04241]]]},"properties":{"osm_id":1376522705,"name":null}},{"type":"Feature","geometry":{"type":"Polygon","coordinates":[[[77.49256,13.04265],[77.49269,13.04261],[77.49273,13.04277],[77.49257,13.04278],[77.49256,13.04265]]]},"properties":{"osm_id":1376522706,"name":null}},{"type":"Feature","geometry":{"type":"Polygon","coordinates":[[[77.49122,13.04258],[77.49174,13.04285],[77.49204,13.04231],[77.49152,13.04204],[77.49122,13.04258]]]},"properties":{"osm_id":1376522707,"name":null}},{"type":"Feature","geometry":{"type":"Polygon","coordinates":[[[77.49223,13.04328],[77.49285,13.04357],[77.49309,13.04308],[77.49247,13.04279],[77.49223,13.04328]]]},"properties":{"osm_id":1376522708,"name":null}},{"type":"Feature","geometry":{"type":"Polygon","coordinates":[[[77.49297,13.0423],[77.49339,13.0425],[77.49403,13.04124],[77.49361,13.04104],[77.49297,13.0423]]]},"properties":{"osm_id":1376522709,"name":null}},{"type":"Feature","geometry":{"type":"Polygon","coordinates":[[[77.49012,13.04196],[77.48947,13.04085],[77.48917,13.0405],[77.4889,13.04035],[77.48891,13.04045],[77.48931,13.04079],[77.49005,13.04204],[77.49012,13.04196]]]},"properties":{"osm_id":1376522724,"name":null}},{"type":"Feature","geometry":{"type":"Polygon","coordinates":[[[77.62052,13.05664],[77.61992,13.05594],[77.61993,13.05576],[77.62065,13.05662],[77.62052,13.05664]]]},"properties":{"osm_id":1377247120,"name":null}},{"type":"Feature","geometry":{"type":"Polygon","coordinates":[[[77.62164,13.05842],[77.62122,13.05805],[77.62122,13.05748],[77.62103,13.05715],[77.62069,13.05677],[77.62077,13.05676],[77.62114,13.05718],[77.62127,13.05747],[77.62132,13.0581],[77.62171,13.05841],[77.62164,13.05842]]]},"properties":{"osm_id":1377247121,"name":null}},{"type":"Feature","geometry":{"type":"Polygon","coordinates":[[[77.62429,13.06032],[77.62376,13.06005],[77.62287,13.05998],[77.62277,13.05989],[77.62257,13.0594],[77.6223,13.05901],[77.6221,13.05881],[77.6218,13.05867],[77.62172,13.05849],[77.6218,13.05848],[77.62185,13.05863],[77.62215,13.05872],[77.62254,13.05917],[77.62291,13.05992],[77.62386,13.06001],[77.62431,13.06023],[77.62429,13.06032]]]},"properties":{"osm_id":1377247122,"name":null}},{"type":"Feature","geometry":{"type":"Polygon","coordinates":[[[77.63823,13.0619],[77.63819,13.06187],[77.63819,13.06213],[77.63851,13.06531],[77.63855,13.0653],[77.63823,13.0619]]]},"properties":{"osm_id":1377252083,"name":null}},{"type":"Feature","geometry":{"type":"Polygon","coordinates":[[[77.63892,13.06186],[77.63892,13.06181],[77.63849,13.06184],[77.63892,13.06186]]]},"properties":{"osm_id":1377252084,"name":null}},{"type":"Feature","geometry":{"type":"Polygon","coordinates":[[[77.63964,13.06177],[77.639,13.06181],[77.63964,13.06182],[77.63964,13.06177]]]},"properties":{"osm_id":1377252085,"name":null}},{"type":"Feature","geometry":{"type":"Polygon","coordinates":[[[77.64196,13.06185],[77.64196,13.0618],[77.63976,13.06178],[77.63976,13.06183],[77.63992,13.06185],[77.64196,13.06185]]]},"properties":{"osm_id":1377252086,"name":null}},{"type":"Feature","geometry":{"type":"Polygon","coordinates":[[[77.64213,13.06176],[77.6422,13.0619],[77.64227,13.06191],[77.64253,13.06186],[77.64256,13.0618],[77.64223,13.06185],[77.64213,13.06176]]]},"properties":{"osm_id":1377252087,"name":null}},{"type":"Feature","geometry":{"type":"Polygon","coordinates":[[[77.64265,13.06183],[77.64276,13.06163],[77.64467,13.06162],[77.64468,13.06155],[77.64274,13.06159],[77.64265,13.06183]]]},"properties":{"osm_id":1377252088,"name":null}},{"type":"Feature","geometry":{"type":"Polygon","coordinates":[[[77.6146,13.04852],[77.61522,13.04826],[77.6159,13.04831],[77.61816,13.04803],[77.61816,13.04794],[77.61604,13.04818],[77.61513,13.04812],[77.61452,13.04834],[77.61305,13.04812],[77.61233,13.04787],[77.61231,13.04798],[77.61404,13.0484],[77.61433,13.04852],[77.6146,13.04852]]]},"properties":{"osm_id":1378948786,"name":null}},{"type":"Feature","geometry":{"type":"Polygon","coordinates":[[[77.55984,13.03772],[77.55979,13.03777],[77.56087,13.03974],[77.56094,13.03967],[77.55984,13.03772]]]},"properties":{"osm_id":1379629484,"name":null}},{"type":"Feature","geometry":{"type":"Polygon","coordinates":[[[77.55759,13.03776],[77.55924,13.03797],[77.55968,13.03782],[77.55962,13.03772],[77.55931,13.03787],[77.55761,13.03761],[77.55759,13.03776]]]},"properties":{"osm_id":1379629487,"name":null}},{"type":"Feature","geometry":{"type":"Polygon","coordinates":[[[77.77618,12.93105],[77.77621,12.93097],[77.77623,12.93104],[77.77618,12.93105]]]},"properties":{"osm_id":1382054349,"name":null}},{"type":"Feature","geometry":{"type":"Polygon","coordinates":[[[77.77503,12.93081],[77.77506,12.93089],[77.77514,12.93086],[77.77511,12.93079],[77.77503,12.93081]]]},"properties":{"osm_id":1382054352,"name":null}},{"type":"Feature","geometry":{"type":"Polygon","coordinates":[[[77.56308,13.07191],[77.56302,13.07193],[77.56333,13.07289],[77.56378,13.07364],[77.56383,13.07445],[77.56385,13.07362],[77.56341,13.07292],[77.56308,13.07191]]]},"properties":{"osm_id":1383284342,"name":null}},{"type":"Feature","geometry":{"type":"Polygon","coordinates":[[[77.56247,13.07043],[77.56233,13.06944],[77.56229,13.06923],[77.56224,13.06922],[77.56239,13.07034],[77.56247,13.07043]]]},"properties":{"osm_id":1383284345,"name":null}},{"type":"Feature","geometry":{"type":"Polygon","coordinates":[[[77.73366,12.93486],[77.73352,12.93523],[77.73312,12.93709],[77.73314,12.93718],[77.73344,12.93732],[77.73362,12.9378],[77.73309,12.93859],[77.73287,12.93917],[77.73292,12.93918],[77.73298,12.93918],[77.73311,12.93873],[77.73369,12.93775],[77.73351,12.93731],[77.73318,12.9371],[77.73369,12.93498],[77.73366,12.93486]]]},"properties":{"osm_id":1383291127,"name":null}},{"type":"Feature","geometry":{"type":"Polygon","coordinates":[[[77.47736,13.01728],[77.4779,13.01735],[77.48004,13.01818],[77.48044,13.01814],[77.48079,13.01823],[77.48078,13.01814],[77.48049,13.01807],[77.48005,13.01812],[77.47897,13.01774],[77.4779,13.01725],[77.47735,13.01718],[77.47736,13.01728]]]},"properties":{"osm_id":1383925241,"name":null}},{"type":"Feature","geometry":{"type":"Polygon","coordinates":[[[77.48321,13.01851],[77.48294,13.01865],[77.48275,13.01892],[77.48255,13.01894],[77.48236,13.01888],[77.48205,13.01852],[77.48126,13.01844],[77.48084,13.01816],[77.48085,13.01826],[77.48121,13.01851],[77.48155,13.01851],[77.48203,13.01861],[77.4824,13.019],[77.48279,13.01899],[77.48304,13.01868],[77.48325,13.01862],[77.48321,13.01851]]]},"properties":{"osm_id":1383925246,"name":null}},{"type":"Feature","geometry":{"type":"Polygon","coordinates":[[[77.49615,13.03525],[77.49582,13.03561],[77.4959,13.03564],[77.4959,13.03557],[77.49617,13.0353],[77.49615,13.03525]]]},"properties":{"osm_id":1384039923,"name":null}},{"type":"Feature","geometry":{"type":"Polygon","coordinates":[[[77.49497,13.03663],[77.49492,13.03639],[77.49571,13.03612],[77.49578,13.03602],[77.49582,13.03571],[77.49587,13.03573],[77.49583,13.03606],[77.49576,13.03615],[77.49499,13.03644],[77.49503,13.03662],[77.49497,13.03663]]]},"properties":{"osm_id":1384039924,"name":null}},{"type":"Feature","geometry":{"type":"Polygon","coordinates":[[[77.47981,13.04428],[77.47979,13.04458],[77.47958,13.04464],[77.47955,13.0448],[77.47961,13.04571],[77.47971,13.04569],[77.47963,13.04476],[77.47965,13.0447],[77.47982,13.04468],[77.47993,13.0443],[77.47981,13.04428]]]},"properties":{"osm_id":1384707565,"name":null}},{"type":"Feature","geometry":{"type":"Polygon","coordinates":[[[77.48166,13.04176],[77.48173,13.04178],[77.48177,13.04169],[77.48198,13.04157],[77.48216,13.0412],[77.48248,13.04108],[77.48274,13.04079],[77.48311,13.04059],[77.48386,13.04032],[77.4844,13.03996],[77.48473,13.03968],[77.4847,13.03962],[77.48389,13.04019],[77.48324,13.04041],[77.48265,13.04072],[77.48259,13.0407],[77.48234,13.0411],[77.48212,13.04115],[77.48198,13.04145],[77.48179,13.04155],[77.48166,13.04176]]]},"properties":{"osm_id":1384707566,"name":null}},{"type":"Feature","geometry":{"type":"Polygon","coordinates":[[[77.48133,13.04299],[77.48142,13.04291],[77.48154,13.04255],[77.48157,13.04211],[77.4817,13.04184],[77.48163,13.04183],[77.48152,13.04212],[77.48146,13.04263],[77.48129,13.04294],[77.48133,13.04299]]]},"properties":{"osm_id":1384707567,"name":null}},{"type":"Feature","geometry":{"type":"Polygon","coordinates":[[[77.48079,13.04333],[77.48094,13.04329],[77.48127,13.04303],[77.48123,13.04298],[77.48097,13.04318],[77.48077,13.04324],[77.48079,13.04333]]]},"properties":{"osm_id":1384707568,"name":null}},{"type":"Feature","geometry":{"type":"Polygon","coordinates":[[[77.48008,13.04365],[77.48012,13.0434],[77.48071,13.04334],[77.48069,13.04326],[77.48006,13.04337],[77.48001,13.04366],[77.48008,13.04365]]]},"properties":{"osm_id":1384707569,"name":null}},{"type":"Feature","geometry":{"type":"Polygon","coordinates":[[[77.48302,13.03918],[77.48291,13.03979],[77.4832,13.04017],[77.4831,13.04048],[77.48324,13.04041],[77.48328,13.04019],[77.48298,13.03975],[77.48309,13.03933],[77.48309,13.03916],[77.48302,13.03918]]]},"properties":{"osm_id":1384707570,"name":null}},{"type":"Feature","geometry":{"type":"Polygon","coordinates":[[[77.48429,13.03801],[77.48352,13.0382],[77.48302,13.03847],[77.48299,13.03908],[77.48308,13.03907],[77.48309,13.03853],[77.4838,13.03814],[77.4843,13.03808],[77.48429,13.03801]]]},"properties":{"osm_id":1384707571,"name":null}},{"type":"Feature","geometry":{"type":"Polygon","coordinates":[[[77.48629,13.03693],[77.48651,13.03639],[77.48645,13.03634],[77.4862,13.03694],[77.48554,13.03716],[77.48519,13.03755],[77.48477,13.03782],[77.48438,13.03795],[77.4844,13.03803],[77.48473,13.03793],[77.48504,13.03774],[77.48562,13.0372],[77.48627,13.03702],[77.48629,13.03693]]]},"properties":{"osm_id":1384707572,"name":null}},{"type":"Feature","geometry":{"type":"Polygon","coordinates":[[[77.48627,13.03702],[77.48734,13.03693],[77.48735,13.03686],[77.48676,13.03694],[77.48629,13.03693],[77.48627,13.03702]]]},"properties":{"osm_id":1384707573,"name":null}},{"type":"Feature","geometry":{"type":"Polygon","coordinates":[[[77.48769,13.0371],[77.48743,13.03694],[77.48745,13.03687],[77.48773,13.03705],[77.48769,13.0371]]]},"properties":{"osm_id":1384707574,"name":null}},{"type":"Feature","geometry":{"type":"Polygon","coordinates":[[[77.48844,13.04029],[77.48844,13.04037],[77.48882,13.04044],[77.4888,13.04033],[77.48844,13.04029]]]},"properties":{"osm_id":1384707575,"name":null}},{"type":"Feature","geometry":{"type":"Polygon","coordinates":[[[77.48717,13.04014],[77.48764,13.04013],[77.48781,13.04025],[77.48839,13.04034],[77.48839,13.04024],[77.48833,13.04021],[77.48793,13.0402],[77.48768,13.04004],[77.48716,13.04006],[77.48717,13.04014]]]},"properties":{"osm_id":1384707576,"name":null}},{"type":"Feature","geometry":{"type":"Polygon","coordinates":[[[77.48708,13.04008],[77.48684,13.03991],[77.48659,13.03989],[77.48588,13.03964],[77.48543,13.03955],[77.48477,13.03958],[77.48481,13.03966],[77.48557,13.03966],[77.4868,13.04001],[77.48701,13.04014],[77.48709,13.04014],[77.48708,13.04008]]]},"properties":{"osm_id":1384707577,"name":null}},{"type":"Feature","geometry":{"type":"Polygon","coordinates":[[[77.48783,13.03712],[77.48779,13.03719],[77.48873,13.03784],[77.48895,13.0381],[77.48931,13.03819],[77.48931,13.03813],[77.48899,13.03805],[77.48875,13.0378],[77.48783,13.03712]]]},"properties":{"osm_id":1384707578,"name":null}},{"type":"Feature","geometry":{"type":"Polygon","coordinates":[[[77.49835,13.03362],[77.49839,13.03363],[77.49824,13.03307],[77.49835,13.03362]]]},"properties":{"osm_id":1384707653,"name":null}},{"type":"Feature","geometry":{"type":"Polygon","coordinates":[[[77.49812,13.03382],[77.49828,13.03376],[77.49834,13.03367],[77.4981,13.03374],[77.49812,13.03382]]]},"properties":{"osm_id":1384707654,"name":null}},{"type":"Feature","geometry":{"type":"Polygon","coordinates":[[[77.49726,13.03403],[77.49805,13.03383],[77.49803,13.03376],[77.49725,13.03399],[77.49726,13.03403]]]},"properties":{"osm_id":1384707655,"name":null}},{"type":"Feature","geometry":{"type":"Polygon","coordinates":[[[77.48743,13.03324],[77.48712,13.03344],[77.48672,13.03352],[77.48664,13.03368],[77.48676,13.03388],[77.48682,13.03384],[77.4867,13.03369],[77.48676,13.03362],[77.48714,13.03352],[77.48747,13.03331],[77.48743,13.03324]]]},"properties":{"osm_id":1384707682,"name":null}},{"type":"Feature","geometry":{"type":"Polygon","coordinates":[[[77.48754,13.03328],[77.48821,13.03312],[77.48814,13.03308],[77.48751,13.03322],[77.48754,13.03328]]]},"properties":{"osm_id":1384707683,"name":null}},{"type":"Feature","geometry":{"type":"Polygon","coordinates":[[[77.49257,13.02971],[77.49371,13.0293],[77.49408,13.02924],[77.49407,13.0292],[77.49364,13.02928],[77.49256,13.02966],[77.49257,13.02971]]]},"properties":{"osm_id":1384707771,"name":null}},{"type":"Feature","geometry":{"type":"Polygon","coordinates":[[[77.49181,13.02985],[77.49249,13.0297],[77.4918,13.02981],[77.49181,13.02985]]]},"properties":{"osm_id":1384707772,"name":null}},{"type":"Feature","geometry":{"type":"Polygon","coordinates":[[[77.4917,13.02983],[77.49046,13.03011],[77.49047,13.03016],[77.49172,13.02987],[77.4917,13.02983]]]},"properties":{"osm_id":1384707773,"name":null}},{"type":"Feature","geometry":{"type":"Polygon","coordinates":[[[77.48819,13.03304],[77.48827,13.03306],[77.48842,13.03274],[77.48846,13.0325],[77.48839,13.03246],[77.48819,13.03304]]]},"properties":{"osm_id":1384922676,"name":null}},{"type":"Feature","geometry":{"type":"Polygon","coordinates":[[[77.49532,13.03724],[77.49531,13.03701],[77.49518,13.03677],[77.49521,13.03723],[77.49495,13.03753],[77.49481,13.038],[77.49487,13.03803],[77.49501,13.03754],[77.49532,13.03724]]]},"properties":{"osm_id":1385223877,"name":null}},{"type":"Feature","geometry":{"type":"Polygon","coordinates":[[[77.49701,13.0343],[77.49722,13.03422],[77.497,13.03426],[77.49701,13.0343]]]},"properties":{"osm_id":1385223878,"name":null}},{"type":"Feature","geometry":{"type":"Polygon","coordinates":[[[77.49627,13.03526],[77.49638,13.03524],[77.49649,13.03497],[77.49649,13.03462],[77.49661,13.03458],[77.49645,13.03459],[77.49645,13.03498],[77.49627,13.03526]]]},"properties":{"osm_id":1385223879,"name":null}},{"type":"Feature","geometry":{"type":"Polygon","coordinates":[[[77.60478,13.00398],[77.60481,13.00403],[77.60748,13.00296],[77.60864,13.0027],[77.60862,13.00266],[77.60736,13.00294],[77.60478,13.00398]]]},"properties":{"osm_id":1385494652,"name":null}},{"type":"Feature","geometry":{"type":"Polygon","coordinates":[[[77.61885,13.02866],[77.61882,13.02872],[77.62016,13.02925],[77.62018,13.02921],[77.61885,13.02866]]]},"properties":{"osm_id":1385583118,"name":null}},{"type":"Feature","geometry":{"type":"Polygon","coordinates":[[[77.61695,13.02802],[77.61878,13.0287],[77.6188,13.02865],[77.61695,13.02802]]]},"properties":{"osm_id":1385583119,"name":null}},{"type":"Feature","geometry":{"type":"Polygon","coordinates":[[[77.61576,13.0236],[77.61584,13.02397],[77.61596,13.02409],[77.61599,13.02427],[77.61605,13.02427],[77.61587,13.02358],[77.61576,13.0236]]]},"properties":{"osm_id":1385583120,"name":null}},{"type":"Feature","geometry":{"type":"Polygon","coordinates":[[[77.61599,13.0243],[77.616,13.02475],[77.61606,13.02475],[77.61605,13.0243],[77.61599,13.0243]]]},"properties":{"osm_id":1385583121,"name":null}},{"type":"Feature","geometry":{"type":"Polygon","coordinates":[[[77.616,13.02479],[77.61602,13.02573],[77.61608,13.02573],[77.61606,13.02478],[77.616,13.02479]]]},"properties":{"osm_id":1385583122,"name":null}},{"type":"Feature","geometry":{"type":"Polygon","coordinates":[[[77.61359,13.02158],[77.61367,13.0217],[77.61451,13.02168],[77.61474,13.02197],[77.61494,13.02237],[77.61494,13.02251],[77.6148,13.02263],[77.61482,13.02277],[77.61549,13.02292],[77.61563,13.02305],[77.61587,13.02351],[77.61575,13.02353],[77.61563,13.02321],[77.61548,13.02302],[77.61496,13.02293],[77.61474,13.02281],[77.61468,13.02264],[77.6148,13.02246],[77.61479,13.02229],[77.61467,13.02202],[77.61447,13.02179],[77.61367,13.02181],[77.61346,13.02154],[77.6128,13.02156],[77.6128,13.02146],[77.61356,13.02141],[77.61359,13.02158]]]},"properties":{"osm_id":1385583123,"name":null}},{"type":"Feature","geometry":{"type":"Polygon","coordinates":[[[77.61026,13.01865],[77.61018,13.01869],[77.61032,13.0189],[77.61108,13.01969],[77.61126,13.01985],[77.61134,13.01981],[77.61036,13.01886],[77.61026,13.01865]]]},"properties":{"osm_id":1385583196,"name":null}},{"type":"Feature","geometry":{"type":"Polygon","coordinates":[[[77.60916,13.01821],[77.6093,13.01831],[77.60967,13.0183],[77.61012,13.01863],[77.61017,13.0186],[77.60977,13.01826],[77.60916,13.01821]]]},"properties":{"osm_id":1385583197,"name":null}},{"type":"Feature","geometry":{"type":"Polygon","coordinates":[[[77.71346,12.94761],[77.71389,12.94628],[77.71455,12.94602],[77.71457,12.94608],[77.71398,12.94632],[77.71383,12.94695],[77.71353,12.94761],[77.71353,12.94797],[77.71315,12.94812],[77.71314,12.94807],[77.71345,12.94793],[77.71346,12.94761]]]},"properties":{"osm_id":1385836582,"name":null}},{"type":"Feature","geometry":{"type":"Polygon","coordinates":[[[77.59929,13.03332],[77.60018,13.03329],[77.60038,13.03334],[77.60092,13.03372],[77.60133,13.03386],[77.60145,13.03403],[77.60191,13.03434],[77.60202,13.03496],[77.60213,13.0351],[77.60223,13.03509],[77.60208,13.03492],[77.60191,13.03424],[77.60148,13.03396],[77.60137,13.03382],[77.6009,13.03364],[77.60069,13.03344],[77.60018,13.03321],[77.59928,13.03322],[77.59929,13.03332]]]},"properties":{"osm_id":1388693440,"name":null}},{"type":"Feature","geometry":{"type":"Polygon","coordinates":[[[77.59582,13.03231],[77.59641,13.03257],[77.59642,13.03249],[77.59598,13.03226],[77.59574,13.03221],[77.59582,13.03231]]]},"properties":{"osm_id":1388693624,"name":null}},{"type":"Feature","geometry":{"type":"Polygon","coordinates":[[[77.50036,12.98374],[77.50014,12.98433],[77.50028,12.98441],[77.50112,12.98439],[77.50116,12.9843],[77.50106,12.98411],[77.50084,12.9839],[77.50054,12.98371],[77.50036,12.98374]]]},"properties":{"osm_id":1390079362,"name":"Srigandakaval Lake"}},{"type":"Feature","geometry":{"type":"Polygon","coordinates":[[[77.51763,12.98262],[77.51757,12.98255],[77.51529,12.98288],[77.5153,12.98292],[77.51763,12.98262]]]},"properties":{"osm_id":1390079428,"name":null}},{"type":"Feature","geometry":{"type":"Polygon","coordinates":[[[77.60035,12.92289],[77.60097,12.92302],[77.60155,12.923],[77.60196,12.92395],[77.60204,12.92394],[77.60181,12.92341],[77.60167,12.92323],[77.6016,12.92296],[77.60099,12.92298],[77.60035,12.92284],[77.60035,12.92289]]]},"properties":{"osm_id":1390995569,"name":null}},{"type":"Feature","geometry":{"type":"Polygon","coordinates":[[[77.45323,12.95226],[77.45355,12.95215],[77.45443,12.95205],[77.45443,12.952],[77.4537,12.95206],[77.4532,12.95222],[77.45323,12.95226]]]},"properties":{"osm_id":1393101779,"name":null}},{"type":"Feature","geometry":{"type":"Polygon","coordinates":[[[77.45253,12.95406],[77.4526,12.95368],[77.45285,12.95356],[77.45304,12.95244],[77.45316,12.95224],[77.45301,12.95241],[77.45282,12.95353],[77.45255,12.95364],[77.45249,12.95405],[77.45253,12.95406]]]},"properties":{"osm_id":1393101780,"name":null}},{"type":"Feature","geometry":{"type":"Polygon","coordinates":[[[77.66238,13.0058],[77.66211,13.00587],[77.66131,13.0059],[77.66082,13.00602],[77.66067,13.00613],[77.66066,13.0063],[77.66213,13.00689],[77.66235,13.00684],[77.66254,13.00648],[77.6626,13.00599],[77.66256,13.00587],[77.66238,13.0058]]]},"properties":{"osm_id":1395880731,"name":"B Channasandra Lake"}},{"type":"Feature","geometry":{"type":"Polygon","coordinates":[[[77.74562,12.96095],[77.74584,12.96057],[77.74588,12.95996],[77.74559,12.95929],[77.7456,12.95894],[77.74552,12.95901],[77.74551,12.95918],[77.74579,12.95987],[77.74582,12.96011],[77.7458,12.96046],[77.74552,12.96095],[77.74562,12.96095]]]},"properties":{"osm_id":1395900212,"name":null}},{"type":"Feature","geometry":{"type":"Polygon","coordinates":[[[77.73761,12.92631],[77.73681,12.92654],[77.73683,12.92658],[77.73765,12.92634],[77.73761,12.92631]]]},"properties":{"osm_id":1396549908,"name":null}},{"type":"Feature","geometry":{"type":"Polygon","coordinates":[[[77.52877,13.08401],[77.52827,13.08441],[77.52833,13.08455],[77.52887,13.08474],[77.52898,13.08468],[77.52898,13.0845],[77.52877,13.08401]]]},"properties":{"osm_id":1409396185,"name":null}},{"type":"Feature","geometry":{"type":"Polygon","coordinates":[[[77.49186,13.10063],[77.49277,13.10023],[77.49383,13.1],[77.49601,13.1006],[77.49663,13.10051],[77.49664,13.10017],[77.49584,13.09909],[77.49551,13.09877],[77.49505,13.098],[77.49446,13.0965],[77.49439,13.09644],[77.49428,13.09646],[77.49405,13.0968],[77.49305,13.09865],[77.49235,13.0997],[77.49199,13.10004],[77.49142,13.10044],[77.49158,13.1007],[77.49186,13.10063]]]},"properties":{"osm_id":1409396203,"name":null}},{"type":"Feature","geometry":{"type":"Polygon","coordinates":[[[77.64507,13.06679],[77.64519,13.06712],[77.64536,13.06727],[77.64599,13.0683],[77.64622,13.06856],[77.64645,13.0687],[77.64647,13.06861],[77.64618,13.06842],[77.64581,13.06793],[77.6454,13.06721],[77.64525,13.06709],[77.64515,13.06677],[77.64507,13.06679]]]},"properties":{"osm_id":1409487921,"name":null}},{"type":"Feature","geometry":{"type":"Polygon","coordinates":[[[77.64523,13.0663],[77.6459,13.06593],[77.64566,13.06555],[77.64562,13.06517],[77.64555,13.06518],[77.64557,13.06551],[77.64575,13.06586],[77.64516,13.06622],[77.64523,13.0663]]]},"properties":{"osm_id":1409487922,"name":null}},{"type":"Feature","geometry":{"type":"Polygon","coordinates":[[[77.61139,13.00081],[77.61127,13.00071],[77.61095,13.001],[77.61101,13.00104],[77.61139,13.00081]]]},"properties":{"osm_id":1409545085,"name":null}},{"type":"Feature","geometry":{"type":"Polygon","coordinates":[[[77.67832,12.93071],[77.67837,12.93051],[77.67798,12.93054],[77.67707,12.93108],[77.6769,12.93109],[77.67712,12.93138],[77.67792,12.93084],[77.67832,12.93071]]]},"properties":{"osm_id":1409994956,"name":null}},{"type":"Feature","geometry":{"type":"Polygon","coordinates":[[[77.6801,12.93878],[77.68108,12.93904],[77.68203,12.9392],[77.68312,12.93868],[77.68359,12.93854],[77.68397,12.93871],[77.68422,12.93904],[77.68472,12.93928],[77.68476,12.93913],[77.68422,12.93891],[77.68386,12.93855],[77.68359,12.93846],[77.68343,12.93845],[77.68198,12.93912],[77.68106,12.93893],[77.68006,12.93859],[77.67999,12.93872],[77.6801,12.93878]]]},"properties":{"osm_id":1409994958,"name":null}},{"type":"Feature","geometry":{"type":"Polygon","coordinates":[[[77.50928,13.09228],[77.50938,13.09154],[77.5094,13.09068],[77.50935,13.09044],[77.50924,13.09036],[77.50799,13.0901],[77.50716,13.08945],[77.50729,13.08937],[77.50779,13.08982],[77.50806,13.08997],[77.50929,13.09024],[77.50949,13.09039],[77.50954,13.09054],[77.50947,13.09202],[77.50939,13.0923],[77.50928,13.09228]]]},"properties":{"osm_id":1410052009,"name":null}},{"type":"Feature","geometry":{"type":"Polygon","coordinates":[[[77.51307,13.0949],[77.51323,13.09489],[77.51279,13.09396],[77.51265,13.094],[77.51307,13.0949]]]},"properties":{"osm_id":1410052011,"name":null}},{"type":"Feature","geometry":{"type":"Polygon","coordinates":[[[77.5134,13.09572],[77.51354,13.09566],[77.51335,13.09514],[77.51328,13.095],[77.5131,13.095],[77.5134,13.09572]]]},"properties":{"osm_id":1410052013,"name":null}},{"type":"Feature","geometry":{"type":"Polygon","coordinates":[[[77.51365,13.0962],[77.51378,13.09614],[77.51363,13.09582],[77.5135,13.09587],[77.51365,13.0962]]]},"properties":{"osm_id":1410052014,"name":null}},{"type":"Feature","geometry":{"type":"Polygon","coordinates":[[[77.51506,13.09836],[77.5152,13.09831],[77.51429,13.09713],[77.51384,13.09625],[77.51371,13.09631],[77.51418,13.09723],[77.51506,13.09836]]]},"properties":{"osm_id":1410052016,"name":null}},{"type":"Feature","geometry":{"type":"Polygon","coordinates":[[[77.51538,13.09876],[77.51553,13.09869],[77.51528,13.09839],[77.51514,13.09846],[77.51538,13.09876]]]},"properties":{"osm_id":1410052018,"name":null}},{"type":"Feature","geometry":{"type":"Polygon","coordinates":[[[77.51587,13.09924],[77.51601,13.09918],[77.51571,13.09892],[77.51558,13.09898],[77.51587,13.09924]]]},"properties":{"osm_id":1410052019,"name":null}},{"type":"Feature","geometry":{"type":"Polygon","coordinates":[[[77.51747,13.10011],[77.51824,13.09971],[77.51743,13.10008],[77.51747,13.10011]]]},"properties":{"osm_id":1410052037,"name":null}},{"type":"Feature","geometry":{"type":"Polygon","coordinates":[[[77.51887,13.09986],[77.51834,13.09966],[77.51842,13.09962],[77.51887,13.09986]]]},"properties":{"osm_id":1410052038,"name":null}},{"type":"Feature","geometry":{"type":"Polygon","coordinates":[[[77.52024,13.10146],[77.52028,13.10145],[77.51924,13.09999],[77.51901,13.09992],[77.51921,13.10001],[77.52024,13.10146]]]},"properties":{"osm_id":1410052039,"name":null}},{"type":"Feature","geometry":{"type":"Polygon","coordinates":[[[77.52284,13.10182],[77.52263,13.10193],[77.52265,13.102],[77.52288,13.10188],[77.52284,13.10182]]]},"properties":{"osm_id":1410052044,"name":null}},{"type":"Feature","geometry":{"type":"Polygon","coordinates":[[[77.52312,13.10176],[77.52336,13.10181],[77.52509,13.10109],[77.52531,13.10088],[77.52537,13.1007],[77.52531,13.10062],[77.52527,13.10081],[77.52513,13.10099],[77.52338,13.10174],[77.52309,13.10168],[77.52312,13.10176]]]},"properties":{"osm_id":1410052045,"name":null}},{"type":"Feature","geometry":{"type":"Polygon","coordinates":[[[77.52696,13.10044],[77.52674,13.09976],[77.52656,13.09957],[77.52641,13.09953],[77.52626,13.09955],[77.52565,13.09989],[77.52543,13.10022],[77.52539,13.10053],[77.52533,13.10044],[77.52538,13.10015],[77.5256,13.09985],[77.52635,13.09946],[77.52661,13.09953],[77.52683,13.09977],[77.52704,13.10047],[77.52696,13.10044]]]},"properties":{"osm_id":1410052046,"name":null}},{"type":"Feature","geometry":{"type":"Polygon","coordinates":[[[77.51854,13.10202],[77.51858,13.10224],[77.51834,13.10241],[77.51826,13.10261],[77.51842,13.10297],[77.51863,13.10281],[77.51841,13.10269],[77.51842,13.1025],[77.51865,13.10236],[77.51872,13.10221],[77.51865,13.10199],[77.51854,13.10202]]]},"properties":{"osm_id":1410052051,"name":null}},{"type":"Feature","geometry":{"type":"Polygon","coordinates":[[[77.51595,13.09932],[77.51679,13.10011],[77.51768,13.10073],[77.51833,13.10146],[77.51847,13.10187],[77.51859,13.10183],[77.51841,13.10137],[77.51775,13.10063],[77.51683,13.09999],[77.5161,13.09927],[77.51595,13.09932]]]},"properties":{"osm_id":1410052052,"name":null}},{"type":"Feature","geometry":{"type":"Polygon","coordinates":[[[77.52286,13.10553],[77.52237,13.10454],[77.52229,13.10443],[77.52223,13.10445],[77.52286,13.10553]]]},"properties":{"osm_id":1410052055,"name":null}},{"type":"Feature","geometry":{"type":"Polygon","coordinates":[[[77.52222,13.10434],[77.52184,13.10388],[77.52181,13.10392],[77.52217,13.10436],[77.52222,13.10434]]]},"properties":{"osm_id":1410052056,"name":null}},{"type":"Feature","geometry":{"type":"Polygon","coordinates":[[[77.53753,13.10029],[77.53801,13.1002],[77.53841,13.10128],[77.53871,13.10144],[77.53882,13.10141],[77.53847,13.10121],[77.53806,13.10014],[77.5375,13.10025],[77.53753,13.10029]]]},"properties":{"osm_id":1410052066,"name":null}},{"type":"Feature","geometry":{"type":"Polygon","coordinates":[[[77.5353,13.10034],[77.53744,13.10031],[77.53741,13.10026],[77.53537,13.10028],[77.5353,13.10034]]]},"properties":{"osm_id":1410052067,"name":null}},{"type":"Feature","geometry":{"type":"Polygon","coordinates":[[[77.5344,13.10142],[77.53461,13.10126],[77.53472,13.10101],[77.53463,13.101],[77.5344,13.10142]]]},"properties":{"osm_id":1410052069,"name":null}},{"type":"Feature","geometry":{"type":"Polygon","coordinates":[[[77.53037,13.10404],[77.53051,13.10374],[77.53076,13.10352],[77.53158,13.10324],[77.53172,13.10312],[77.53291,13.10194],[77.53303,13.10154],[77.5343,13.10135],[77.5343,13.10144],[77.53309,13.10159],[77.53296,13.102],[77.53168,13.10327],[77.53149,13.10338],[77.53083,13.10357],[77.5306,13.10377],[77.53047,13.10403],[77.53037,13.10404]]]},"properties":{"osm_id":1410052070,"name":null}},{"type":"Feature","geometry":{"type":"Polygon","coordinates":[[[77.52902,13.10549],[77.52997,13.10505],[77.53046,13.10457],[77.53051,13.10435],[77.53042,13.10438],[77.53026,13.10469],[77.52985,13.10505],[77.529,13.10541],[77.52902,13.10549]]]},"properties":{"osm_id":1410052071,"name":null}},{"type":"Feature","geometry":{"type":"Polygon","coordinates":[[[77.52774,13.10514],[77.52845,13.10562],[77.52848,13.10554],[77.52819,13.10532],[77.52781,13.10508],[77.52774,13.10514]]]},"properties":{"osm_id":1410052072,"name":null}},{"type":"Feature","geometry":{"type":"Polygon","coordinates":[[[77.55547,13.1074],[77.55594,13.10754],[77.55597,13.1075],[77.5558,13.10741],[77.55547,13.1074]]]},"properties":{"osm_id":1410052105,"name":null}},{"type":"Feature","geometry":{"type":"Polygon","coordinates":[[[77.55225,13.10755],[77.55288,13.10737],[77.55327,13.10718],[77.55368,13.10678],[77.55451,13.10707],[77.55474,13.10721],[77.55529,13.10738],[77.5553,13.10734],[77.55362,13.10673],[77.55325,13.10713],[77.55287,13.10732],[77.55225,13.1075],[77.55225,13.10755]]]},"properties":{"osm_id":1410052106,"name":null}},{"type":"Feature","geometry":{"type":"Polygon","coordinates":[[[77.55039,13.10794],[77.55141,13.10763],[77.55171,13.1077],[77.55205,13.10761],[77.55206,13.10756],[77.5517,13.10766],[77.55141,13.10761],[77.55039,13.10794]]]},"properties":{"osm_id":1410052107,"name":null}},{"type":"Feature","geometry":{"type":"Polygon","coordinates":[[[77.55631,13.10759],[77.55711,13.10785],[77.55769,13.10796],[77.55829,13.10783],[77.55828,13.10778],[77.55768,13.10791],[77.55631,13.10754],[77.55631,13.10759]]]},"properties":{"osm_id":1410052108,"name":null}},{"type":"Feature","geometry":{"type":"Polygon","coordinates":[[[77.5584,13.1078],[77.55877,13.10778],[77.55941,13.10757],[77.55959,13.10758],[77.55959,13.10751],[77.55941,13.1075],[77.55839,13.10776],[77.5584,13.1078]]]},"properties":{"osm_id":1410052109,"name":null}},{"type":"Feature","geometry":{"type":"Polygon","coordinates":[[[77.55956,13.10726],[77.55969,13.10825],[77.55993,13.10907],[77.56001,13.10904],[77.55975,13.10821],[77.55963,13.10726],[77.55956,13.10726]]]},"properties":{"osm_id":1410052110,"name":null}},{"type":"Feature","geometry":{"type":"Polygon","coordinates":[[[77.55913,13.10607],[77.55905,13.10608],[77.55957,13.1071],[77.55964,13.10709],[77.55913,13.10607]]]},"properties":{"osm_id":1410052111,"name":null}},{"type":"Feature","geometry":{"type":"Polygon","coordinates":[[[77.5583,13.10445],[77.55822,13.10446],[77.55899,13.10597],[77.55907,13.10596],[77.5583,13.10445]]]},"properties":{"osm_id":1410052112,"name":null}},{"type":"Feature","geometry":{"type":"Polygon","coordinates":[[[77.55808,13.10384],[77.55802,13.10386],[77.55811,13.10418],[77.55817,13.10434],[77.55825,13.10435],[77.55808,13.10384]]]},"properties":{"osm_id":1410052113,"name":null}},{"type":"Feature","geometry":{"type":"Polygon","coordinates":[[[77.69097,13.01596],[77.69144,13.01603],[77.6915,13.01557],[77.69104,13.0155],[77.69097,13.01596]]]},"properties":{"osm_id":1410389569,"name":null}},{"type":"Feature","geometry":{"type":"Polygon","coordinates":[[[77.69438,13.01658],[77.69451,13.01661],[77.69456,13.01639],[77.69443,13.01636],[77.69438,13.01658]]]},"properties":{"osm_id":1410389575,"name":null}},{"type":"Feature","geometry":{"type":"Polygon","coordinates":[[[77.69409,13.01667],[77.69423,13.01665],[77.69425,13.0168],[77.69418,13.01684],[77.69409,13.0168],[77.69409,13.01667]]]},"properties":{"osm_id":1410389576,"name":null}},{"type":"Feature","geometry":{"type":"Polygon","coordinates":[[[77.69416,13.01638],[77.69429,13.01636],[77.69432,13.01651],[77.69418,13.01654],[77.69416,13.01638]]]},"properties":{"osm_id":1410389577,"name":null}},{"type":"Feature","geometry":{"type":"Polygon","coordinates":[[[77.69386,13.01633],[77.69399,13.01631],[77.69402,13.01646],[77.69388,13.01649],[77.69386,13.01633]]]},"properties":{"osm_id":1410389578,"name":null}},{"type":"Feature","geometry":{"type":"Polygon","coordinates":[[[77.6938,13.0166],[77.69396,13.01661],[77.69396,13.01674],[77.69388,13.01678],[77.6938,13.01674],[77.6938,13.0166]]]},"properties":{"osm_id":1410389579,"name":null}},{"type":"Feature","geometry":{"type":"Polygon","coordinates":[[[77.69336,13.01671],[77.69369,13.01678],[77.69381,13.01624],[77.69348,13.01617],[77.69336,13.01671]]]},"properties":{"osm_id":1410389580,"name":null}},{"type":"Feature","geometry":{"type":"Polygon","coordinates":[[[77.69297,13.01663],[77.69324,13.01669],[77.69336,13.01618],[77.69309,13.01612],[77.69297,13.01663]]]},"properties":{"osm_id":1410389581,"name":null}},{"type":"Feature","geometry":{"type":"Polygon","coordinates":[[[77.69272,13.01723],[77.69387,13.01748],[77.69396,13.01712],[77.69281,13.01687],[77.69272,13.01723]]]},"properties":{"osm_id":1410389582,"name":null}},{"type":"Feature","geometry":{"type":"Polygon","coordinates":[[[77.67045,13.01635],[77.67071,13.01636],[77.67068,13.01631],[77.67044,13.01631],[77.67045,13.01635]]]},"properties":{"osm_id":1411379434,"name":null}},{"type":"Feature","geometry":{"type":"Polygon","coordinates":[[[77.71871,12.94009],[77.71871,12.94014],[77.72021,12.94078],[77.72022,12.94073],[77.71871,12.94009]]]},"properties":{"osm_id":1414003350,"name":null}},{"type":"Feature","geometry":{"type":"Polygon","coordinates":[[[77.75673,12.94848],[77.75728,12.94792],[77.7576,12.94771],[77.75773,12.94753],[77.75775,12.94737],[77.75753,12.94699],[77.75742,12.94646],[77.75742,12.94682],[77.75765,12.94741],[77.7576,12.94754],[77.75725,12.94782],[77.75711,12.94786],[77.75668,12.94843],[77.75673,12.94848]]]},"properties":{"osm_id":1414466904,"name":null}},{"type":"Feature","geometry":{"type":"Polygon","coordinates":[[[77.7561,12.94885],[77.75645,12.9487],[77.75664,12.94854],[77.75661,12.9485],[77.75651,12.9486],[77.75607,12.94878],[77.7561,12.94885]]]},"properties":{"osm_id":1414466905,"name":null}},{"type":"Feature","geometry":{"type":"Polygon","coordinates":[[[77.74786,12.93851],[77.74801,12.93944],[77.74805,12.93943],[77.74796,12.9387],[77.7479,12.9385],[77.74786,12.93851]]]},"properties":{"osm_id":1414466943,"name":null}},{"type":"Feature","geometry":{"type":"Polygon","coordinates":[[[77.73944,12.91997],[77.73939,12.91998],[77.73936,12.92062],[77.73941,12.92062],[77.73944,12.91997]]]},"properties":{"osm_id":1414467065,"name":null}},{"type":"Feature","geometry":{"type":"Polygon","coordinates":[[[77.73931,12.92209],[77.73921,12.9229],[77.73887,12.92326],[77.73871,12.92362],[77.73881,12.92361],[77.73895,12.92325],[77.73926,12.92293],[77.73939,12.92246],[77.73939,12.92204],[77.73921,12.92138],[77.73923,12.92073],[77.73917,12.92072],[77.73913,12.92135],[77.73931,12.92209]]]},"properties":{"osm_id":1414467068,"name":null}},{"type":"Feature","geometry":{"type":"Polygon","coordinates":[[[77.69144,13.04386],[77.69151,13.04414],[77.69157,13.04415],[77.69223,13.04386],[77.69244,13.04386],[77.69254,13.04374],[77.69242,13.04366],[77.69208,13.04364],[77.69144,13.04386]]]},"properties":{"osm_id":1414809478,"name":null}},{"type":"Feature","geometry":{"type":"Polygon","coordinates":[[[77.69139,13.04386],[77.69102,13.04392],[77.69059,13.04416],[77.69076,13.04451],[77.69144,13.0442],[77.69139,13.04386]]]},"properties":{"osm_id":1414809479,"name":null}},{"type":"Feature","geometry":{"type":"Polygon","coordinates":[[[77.69149,13.05017],[77.6915,13.05023],[77.69206,13.05051],[77.69202,13.05037],[77.69213,13.05023],[77.69173,13.04995],[77.69166,13.04995],[77.69149,13.05017]]]},"properties":{"osm_id":1414809480,"name":null}},{"type":"Feature","geometry":{"type":"Polygon","coordinates":[[[77.66554,13.02282],[77.66525,13.02306],[77.66523,13.02321],[77.66528,13.02329],[77.66561,13.02337],[77.66574,13.02311],[77.66554,13.02282]]]},"properties":{"osm_id":1415079186,"name":null}},{"type":"Feature","geometry":{"type":"Polygon","coordinates":[[[77.67709,13.03345],[77.67715,13.03405],[77.67702,13.03516],[77.67712,13.03517],[77.67722,13.03406],[77.67715,13.03343],[77.67709,13.03345]]]},"properties":{"osm_id":1415083365,"name":null}},{"type":"Feature","geometry":{"type":"Polygon","coordinates":[[[77.68815,13.02904],[77.6883,13.02967],[77.68835,13.02966],[77.6882,13.02904],[77.68815,13.02904]]]},"properties":{"osm_id":1415083460,"name":null}},{"type":"Feature","geometry":{"type":"Polygon","coordinates":[[[77.66905,12.97959],[77.66903,12.97964],[77.67,12.97998],[77.67001,12.97989],[77.66955,12.97979],[77.66905,12.97959]]]},"properties":{"osm_id":1416656811,"name":null}},{"type":"Feature","geometry":{"type":"Polygon","coordinates":[[[77.66898,12.97962],[77.669,12.97957],[77.66894,12.97954],[77.66891,12.9796],[77.66898,12.97962]]]},"properties":{"osm_id":1416656812,"name":null}},{"type":"Feature","geometry":{"type":"Polygon","coordinates":[[[77.61141,13.01984],[77.61135,13.01987],[77.61151,13.02006],[77.61189,13.02088],[77.61203,13.0215],[77.61265,13.02143],[77.61265,13.02137],[77.61249,13.02137],[77.61207,13.02145],[77.61185,13.02065],[77.61141,13.01984]]]},"properties":{"osm_id":1416894043,"name":null}},{"type":"Feature","geometry":{"type":"Polygon","coordinates":[[[77.61513,13.01814],[77.61463,13.01918],[77.61411,13.01935],[77.61391,13.02019],[77.61397,13.02018],[77.61403,13.02003],[77.61415,13.01941],[77.61471,13.01919],[77.61479,13.01908],[77.61486,13.01875],[77.61518,13.01818],[77.61513,13.01814]]]},"properties":{"osm_id":1416894156,"name":null}},{"type":"Feature","geometry":{"type":"Polygon","coordinates":[[[77.61231,13.07681],[77.61239,13.07676],[77.61235,13.07588],[77.61248,13.07327],[77.61243,13.07276],[77.61254,13.07259],[77.61248,13.07087],[77.61235,13.07086],[77.61237,13.07179],[77.61108,13.07197],[77.61109,13.07204],[77.61244,13.07183],[77.61242,13.07244],[77.61235,13.07257],[77.61231,13.07681]]]},"properties":{"osm_id":1418253590,"name":null}},{"type":"Feature","geometry":{"type":"Polygon","coordinates":[[[77.6124,13.07064],[77.6125,13.07065],[77.61255,13.06967],[77.61245,13.06969],[77.6124,13.07064]]]},"properties":{"osm_id":1418253591,"name":null}},{"type":"Feature","geometry":{"type":"Polygon","coordinates":[[[77.64571,13.04249],[77.64587,13.04227],[77.64611,13.04209],[77.64624,13.04208],[77.6467,13.04218],[77.64717,13.04246],[77.64743,13.04249],[77.64762,13.04382],[77.64781,13.04458],[77.64803,13.04489],[77.64847,13.04528],[77.64917,13.04534],[77.64924,13.04559],[77.64816,13.04537],[77.64759,13.04493],[77.6473,13.04401],[77.64731,13.0437],[77.64696,13.04266],[77.64685,13.04251],[77.64641,13.0424],[77.64613,13.04244],[77.64539,13.04295],[77.64504,13.04308],[77.64533,13.04275],[77.64571,13.04249]]]},"properties":{"osm_id":1418663859,"name":null}},{"type":"Feature","geometry":{"type":"Polygon","coordinates":[[[77.52266,13.10659],[77.52265,13.10631],[77.52274,13.10593],[77.52262,13.10628],[77.52266,13.10659]]]},"properties":{"osm_id":1418694126,"name":null}},{"type":"Feature","geometry":{"type":"Polygon","coordinates":[[[77.52048,13.10595],[77.52052,13.10593],[77.52019,13.10487],[77.52015,13.10488],[77.52048,13.10595]]]},"properties":{"osm_id":1418694127,"name":null}},{"type":"Feature","geometry":{"type":"Polygon","coordinates":[[[77.51998,13.10393],[77.52012,13.10478],[77.52016,13.10477],[77.52002,13.10392],[77.51998,13.10393]]]},"properties":{"osm_id":1418694128,"name":null}},{"type":"Feature","geometry":{"type":"Polygon","coordinates":[[[77.52418,13.10394],[77.52409,13.10406],[77.5234,13.10451],[77.52323,13.10456],[77.52288,13.10454],[77.5229,13.10459],[77.52332,13.1046],[77.52346,13.10454],[77.5241,13.1041],[77.52425,13.1041],[77.52418,13.10394]]]},"properties":{"osm_id":1418694187,"name":null}},{"type":"Feature","geometry":{"type":"Polygon","coordinates":[[[77.75153,12.92221],[77.75153,12.92205],[77.75176,12.92203],[77.75175,12.92218],[77.75153,12.92221]]]},"properties":{"osm_id":1419396938,"name":null}},{"type":"Feature","geometry":{"type":"Polygon","coordinates":[[[77.50645,13.08811],[77.50523,13.08775],[77.50518,13.08789],[77.50645,13.08824],[77.50654,13.08831],[77.50667,13.08872],[77.50681,13.08865],[77.50668,13.08826],[77.50657,13.08814],[77.50645,13.08811]]]},"properties":{"osm_id":1419417173,"name":null}},{"type":"Feature","geometry":{"type":"Polygon","coordinates":[[[77.50726,13.08932],[77.50694,13.08893],[77.50681,13.089],[77.50712,13.08939],[77.50726,13.08932]]]},"properties":{"osm_id":1419417174,"name":null}},{"type":"Feature","geometry":{"type":"Polygon","coordinates":[[[77.60788,13.07003],[77.60789,13.06989],[77.60667,13.07106],[77.60492,13.07129],[77.60385,13.07135],[77.60415,13.07139],[77.60501,13.07132],[77.60665,13.07112],[77.60681,13.07106],[77.60788,13.07003]]]},"properties":{"osm_id":1419422301,"name":null}},{"type":"Feature","geometry":{"type":"Polygon","coordinates":[[[77.65126,12.87015],[77.65121,12.87018],[77.6516,12.87047],[77.65226,12.87052],[77.65159,12.87042],[77.65126,12.87015]]]},"properties":{"osm_id":1419994033,"name":null}},{"type":"Feature","geometry":{"type":"Polygon","coordinates":[[[77.64951,12.87991],[77.6499,12.87971],[77.64985,12.87967],[77.64947,12.87987],[77.64951,12.87991]]]},"properties":{"osm_id":1420149590,"name":null}},{"type":"Feature","geometry":{"type":"Polygon","coordinates":[[[77.64929,12.88026],[77.64933,12.88033],[77.64939,12.87999],[77.64935,12.87995],[77.64929,12.88026]]]},"properties":{"osm_id":1420149591,"name":null}},{"type":"Feature","geometry":{"type":"Polygon","coordinates":[[[77.73785,12.85806],[77.73772,12.85846],[77.73746,12.85868],[77.73691,12.85892],[77.73701,12.85935],[77.73731,12.85936],[77.73753,12.8592],[77.73773,12.85934],[77.73779,12.85974],[77.73798,12.85972],[77.73816,12.86001],[77.73894,12.85983],[77.73908,12.85986],[77.73917,12.85977],[77.73868,12.85924],[77.73821,12.85798],[77.73811,12.85793],[77.73785,12.85806]]]},"properties":{"osm_id":1421391125,"name":null}},{"type":"Feature","geometry":{"type":"Polygon","coordinates":[[[77.72895,12.89666],[77.72901,12.89688],[77.7286,12.89714],[77.72948,12.89823],[77.72978,12.89883],[77.72986,12.89915],[77.72988,12.89981],[77.73079,12.89944],[77.73081,12.89934],[77.72972,12.89673],[77.72948,12.89658],[77.72895,12.89666]]]},"properties":{"osm_id":1421748891,"name":"Devara Kere"}},{"type":"Feature","geometry":{"type":"Polygon","coordinates":[[[77.7343,12.88854],[77.73431,12.88905],[77.7347,12.88947],[77.73492,12.88904],[77.73485,12.88888],[77.73468,12.8888],[77.73458,12.8886],[77.7343,12.88854]]]},"properties":{"osm_id":1421748910,"name":"Sulikunte Chikka Kere"}},{"type":"Feature","geometry":{"type":"Polygon","coordinates":[[[77.65741,13.03295],[77.65744,13.03289],[77.65728,13.03281],[77.65696,13.03249],[77.65671,13.03198],[77.65603,13.03095],[77.65561,13.03062],[77.65603,13.03101],[77.65667,13.032],[77.65693,13.03255],[77.65724,13.03288],[77.65741,13.03295]]]},"properties":{"osm_id":1423481718,"name":null}},{"type":"Feature","geometry":{"type":"Polygon","coordinates":[[[77.63442,12.86889],[77.63398,12.86868],[77.63383,12.86851],[77.6336,12.86838],[77.63264,12.86842],[77.63177,12.86828],[77.63148,12.86836],[77.63151,12.86842],[77.6318,12.86834],[77.63252,12.86848],[77.63356,12.86844],[77.63419,12.86889],[77.63444,12.86896],[77.63442,12.86889]]]},"properties":{"osm_id":1424090328,"name":null}},{"type":"Feature","geometry":{"type":"Polygon","coordinates":[[[77.63158,12.86084],[77.63132,12.86117],[77.63083,12.86162],[77.63007,12.86221],[77.62937,12.86231],[77.62941,12.86235],[77.62953,12.86228],[77.63012,12.86224],[77.63137,12.8612],[77.63165,12.86086],[77.63158,12.86084]]]},"properties":{"osm_id":1424090335,"name":null}},{"type":"Feature","geometry":{"type":"Polygon","coordinates":[[[77.62996,12.86495],[77.6299,12.86503],[77.63007,12.86547],[77.63011,12.86595],[77.63077,12.86593],[77.63076,12.86588],[77.63022,12.86587],[77.63014,12.8654],[77.62996,12.86495]]]},"properties":{"osm_id":1424090346,"name":null}},{"type":"Feature","geometry":{"type":"Polygon","coordinates":[[[77.62608,12.85997],[77.62606,12.86002],[77.62676,12.86067],[77.62709,12.86087],[77.62735,12.86116],[77.62894,12.86203],[77.62932,12.86231],[77.62928,12.86314],[77.62952,12.86373],[77.62937,12.86422],[77.62954,12.86461],[77.62981,12.86497],[77.62989,12.86483],[77.62963,12.8646],[77.62946,12.86416],[77.62961,12.86367],[77.62939,12.86314],[77.62949,12.86249],[77.62941,12.86235],[77.62926,12.86219],[77.62842,12.86169],[77.62751,12.86123],[77.62712,12.86085],[77.62682,12.86068],[77.62608,12.85997]]]},"properties":{"osm_id":1424090347,"name":null}},{"type":"Feature","geometry":{"type":"Polygon","coordinates":[[[77.62598,12.85993],[77.62516,12.85935],[77.62509,12.85896],[77.6251,12.85852],[77.62527,12.85814],[77.62516,12.85816],[77.62508,12.85831],[77.62505,12.85878],[77.62512,12.85934],[77.62598,12.85993]]]},"properties":{"osm_id":1424090348,"name":null}},{"type":"Feature","geometry":{"type":"Polygon","coordinates":[[[77.63111,12.85424],[77.63116,12.85466],[77.63111,12.85549],[77.63124,12.85579],[77.63149,12.85606],[77.63145,12.85719],[77.63155,12.85761],[77.63171,12.85791],[77.63177,12.85848],[77.6316,12.85877],[77.63157,12.859],[77.63171,12.86075],[77.63173,12.86014],[77.63164,12.85895],[77.63166,12.85877],[77.63183,12.85852],[77.63183,12.85843],[77.63177,12.85791],[77.63158,12.85748],[77.63151,12.85714],[77.63156,12.85607],[77.63129,12.85574],[77.63115,12.85543],[77.63123,12.85479],[77.63117,12.85423],[77.63111,12.85424]]]},"properties":{"osm_id":1424090352,"name":null}},{"type":"Feature","geometry":{"type":"Polygon","coordinates":[[[77.57159,12.99028],[77.57154,12.99],[77.57157,12.98965],[77.57168,12.98964],[77.57165,12.99007],[77.5717,12.99019],[77.57166,12.99033],[77.57159,12.99028]]]},"properties":{"osm_id":1424626404,"name":null}},{"type":"Feature","geometry":{"type":"Polygon","coordinates":[[[77.67491,13.04029],[77.67466,13.04071],[77.67412,13.04233],[77.67404,13.04309],[77.67362,13.04381],[77.67403,13.04464],[77.67423,13.04488],[77.67435,13.04492],[77.67434,13.0454],[77.67443,13.04541],[77.67442,13.04484],[77.67423,13.04477],[77.67407,13.04456],[77.6737,13.04381],[77.67407,13.04322],[77.6742,13.04237],[77.67476,13.04066],[77.675,13.04031],[77.67491,13.04029]]]},"properties":{"osm_id":1424733166,"name":null}},{"type":"Feature","geometry":{"type":"Polygon","coordinates":[[[77.67501,13.0389],[77.67501,13.0396],[77.67493,13.0402],[77.675,13.04023],[77.67509,13.03951],[77.67508,13.0389],[77.67501,13.0389]]]},"properties":{"osm_id":1424733169,"name":null}},{"type":"Feature","geometry":{"type":"Polygon","coordinates":[[[77.67493,13.03854],[77.67498,13.03882],[77.67506,13.03881],[77.675,13.03851],[77.67493,13.03854]]]},"properties":{"osm_id":1424733170,"name":null}},{"type":"Feature","geometry":{"type":"Polygon","coordinates":[[[77.67487,13.03827],[77.67491,13.03846],[77.67499,13.03845],[77.67494,13.03825],[77.67487,13.03827]]]},"properties":{"osm_id":1424733171,"name":null}},{"type":"Feature","geometry":{"type":"Polygon","coordinates":[[[77.67482,13.0378],[77.67486,13.03821],[77.67493,13.03819],[77.67491,13.03781],[77.67482,13.0378]]]},"properties":{"osm_id":1424733172,"name":null}},{"type":"Feature","geometry":{"type":"Polygon","coordinates":[[[77.77614,12.84218],[77.77587,12.84184],[77.77593,12.84184],[77.77592,12.84177],[77.77566,12.84175],[77.77556,12.84158],[77.77561,12.84152],[77.77611,12.84167],[77.77626,12.84151],[77.77637,12.84182],[77.77634,12.84187],[77.7765,12.842],[77.77643,12.84214],[77.77622,12.84204],[77.77614,12.84218]]]},"properties":{"osm_id":1424765711,"name":null}},{"type":"Feature","geometry":{"type":"Polygon","coordinates":[[[77.77585,12.8423],[77.776,12.8424],[77.77605,12.84231],[77.77585,12.84185],[77.77551,12.84195],[77.77551,12.84203],[77.77579,12.84205],[77.77585,12.8423]]]},"properties":{"osm_id":1424765712,"name":null}},{"type":"Feature","geometry":{"type":"Polygon","coordinates":[[[77.67631,13.04632],[77.67629,13.04661],[77.67609,13.04687],[77.67605,13.04708],[77.67599,13.04782],[77.676,13.04807],[77.67607,13.04821],[77.67615,13.04819],[77.67608,13.048],[77.67612,13.04723],[77.67619,13.04684],[77.6764,13.04656],[77.67639,13.046],[77.6763,13.04607],[77.67631,13.04632]]]},"properties":{"osm_id":1424933714,"name":null}},{"type":"Feature","geometry":{"type":"Polygon","coordinates":[[[77.66997,13.0444],[77.67053,13.04453],[77.67081,13.04449],[77.67091,13.04453],[77.67119,13.04481],[77.67151,13.04497],[77.67162,13.04529],[77.67171,13.04534],[77.67258,13.04528],[77.67306,13.04536],[77.67304,13.04527],[77.67272,13.0452],[77.67177,13.04524],[77.67164,13.04516],[77.67158,13.04491],[77.67126,13.04478],[77.67091,13.04443],[77.67051,13.04444],[77.67002,13.04432],[77.66997,13.0444]]]},"properties":{"osm_id":1424933715,"name":null}},{"type":"Feature","geometry":{"type":"Polygon","coordinates":[[[77.61318,12.85864],[77.61306,12.85861],[77.61296,12.85824],[77.61322,12.85814],[77.61338,12.85858],[77.61318,12.85864]]]},"properties":{"osm_id":1424996435,"name":null}},{"type":"Feature","geometry":{"type":"Polygon","coordinates":[[[77.5065,12.90376],[77.50666,12.90382],[77.50681,12.90375],[77.50685,12.90359],[77.5068,12.90349],[77.50666,12.90343],[77.50652,12.90348],[77.50645,12.90362],[77.5065,12.90376]]]},"properties":{"osm_id":1425365486,"name":"Idle Lake"}},{"type":"Feature","geometry":{"type":"Polygon","coordinates":[[[77.6522,13.07082],[77.65221,13.07088],[77.6524,13.07088],[77.6524,13.07082],[77.6522,13.07082]]]},"properties":{"osm_id":1426066755,"name":null}},{"type":"Feature","geometry":{"type":"Polygon","coordinates":[[[77.63455,12.86889],[77.63456,12.86897],[77.63523,12.86892],[77.63578,12.86854],[77.63593,12.86858],[77.63605,12.86874],[77.63702,12.86876],[77.63777,12.8687],[77.63792,12.86879],[77.63889,12.86877],[77.64025,12.86867],[77.64025,12.86862],[77.6384,12.86874],[77.63794,12.86875],[77.63779,12.86868],[77.63609,12.86872],[77.6358,12.86849],[77.63509,12.86888],[77.63455,12.86889]]]},"properties":{"osm_id":1426381255,"name":null}},{"type":"Feature","geometry":{"type":"Polygon","coordinates":[[[77.77794,13.0598],[77.77829,13.05979],[77.77806,13.05914],[77.77805,13.05881],[77.77765,13.05836],[77.77755,13.05808],[77.77762,13.05773],[77.7776,13.05744],[77.77773,13.05705],[77.77794,13.05687],[77.77788,13.05643],[77.77757,13.05557],[77.77735,13.05557],[77.77756,13.05591],[77.77766,13.05657],[77.77745,13.0573],[77.77741,13.05811],[77.77749,13.0584],[77.77777,13.05875],[77.77794,13.0598]]]},"properties":{"osm_id":1427347110,"name":null}},{"type":"Feature","geometry":{"type":"Polygon","coordinates":[[[77.52261,12.93249],[77.52411,12.93212],[77.52261,12.93241],[77.52261,12.93249]]]},"properties":{"osm_id":1427963604,"name":null}},{"type":"Feature","geometry":{"type":"Polygon","coordinates":[[[77.52218,12.9324],[77.52251,12.93246],[77.5225,12.93241],[77.52218,12.93235],[77.52218,12.9324]]]},"properties":{"osm_id":1427963605,"name":null}},{"type":"Feature","geometry":{"type":"Polygon","coordinates":[[[77.73886,12.84955],[77.73926,12.85014],[77.74005,12.85154],[77.74036,12.85195],[77.74076,12.85298],[77.74105,12.8532],[77.74153,12.85289],[77.74151,12.85227],[77.74165,12.85173],[77.74153,12.85023],[77.74162,12.84932],[77.74136,12.84927],[77.73986,12.8495],[77.7393,12.84948],[77.73886,12.84955]]]},"properties":{"osm_id":1428242268,"name":null}},{"type":"Feature","geometry":{"type":"Polygon","coordinates":[[[77.72335,12.85789],[77.72456,12.85835],[77.72558,12.85862],[77.72657,12.85826],[77.7261,12.85673],[77.72559,12.85667],[77.72552,12.85652],[77.72546,12.85587],[77.72504,12.85563],[77.72488,12.85564],[77.72476,12.85577],[77.7246,12.85631],[77.72432,12.85681],[77.72417,12.85687],[77.72389,12.85719],[77.72371,12.85754],[77.72335,12.85789]]]},"properties":{"osm_id":1428242307,"name":null}},{"type":"Feature","geometry":{"type":"Polygon","coordinates":[[[77.72552,12.86948],[77.72722,12.8691],[77.72811,12.8688],[77.72839,12.86838],[77.72829,12.86824],[77.72769,12.86809],[77.72698,12.86774],[77.72574,12.86749],[77.72526,12.86726],[77.72523,12.86738],[77.7254,12.86768],[77.72566,12.86873],[77.72566,12.86915],[77.72552,12.86948]]]},"properties":{"osm_id":1428242507,"name":null}},{"type":"Feature","geometry":{"type":"Polygon","coordinates":[[[77.7757,12.88448],[77.77429,12.88504],[77.77357,12.88544],[77.77313,12.88559],[77.77242,12.88525],[77.7722,12.88543],[77.77211,12.88565],[77.77213,12.88592],[77.77227,12.88608],[77.77252,12.88601],[77.77264,12.88611],[77.77334,12.88716],[77.77371,12.88725],[77.77446,12.88725],[77.77492,12.88715],[77.77537,12.88664],[77.77588,12.88521],[77.77586,12.88483],[77.7757,12.88448]]]},"properties":{"osm_id":1428287262,"name":null}},{"type":"Feature","geometry":{"type":"Polygon","coordinates":[[[77.67527,12.91529],[77.67577,12.91491],[77.67585,12.91474],[77.67586,12.91487],[77.67527,12.91529]]]},"properties":{"osm_id":1428943771,"name":null}},{"type":"Feature","geometry":{"type":"Polygon","coordinates":[[[77.61292,13.08674],[77.61381,13.08669],[77.61381,13.08662],[77.61294,13.08665],[77.61292,13.08674]]]},"properties":{"osm_id":1429157068,"name":null}},{"type":"Feature","geometry":{"type":"Polygon","coordinates":[[[77.61687,13.08779],[77.6157,13.08767],[77.61498,13.08748],[77.61428,13.08667],[77.61389,13.08661],[77.61389,13.08669],[77.61409,13.08669],[77.61433,13.08683],[77.61489,13.08753],[77.61608,13.08781],[77.61687,13.08779]]]},"properties":{"osm_id":1429157081,"name":null}},{"type":"Feature","geometry":{"type":"Polygon","coordinates":[[[77.70968,13.01409],[77.71043,13.01428],[77.7105,13.01451],[77.71088,13.01468],[77.71122,13.01492],[77.71129,13.01514],[77.71135,13.01508],[77.71122,13.01484],[77.71052,13.01441],[77.71049,13.01423],[77.70969,13.01402],[77.70968,13.01409]]]},"properties":{"osm_id":1429161293,"name":null}},{"type":"Feature","geometry":{"type":"Polygon","coordinates":[[[77.67858,12.94794],[77.67857,12.94786],[77.67874,12.94785],[77.67872,12.94793],[77.67858,12.94794]]]},"properties":{"osm_id":1429653195,"name":null}},{"type":"Feature","geometry":{"type":"Polygon","coordinates":[[[77.67822,12.94803],[77.67847,12.94795],[77.67842,12.94789],[77.67822,12.94789],[77.67822,12.94803]]]},"properties":{"osm_id":1429653196,"name":null}},{"type":"Feature","geometry":{"type":"Polygon","coordinates":[[[77.71925,13.02099],[77.71988,13.02102],[77.72079,13.02117],[77.72083,13.02108],[77.71984,13.02093],[77.71923,13.02091],[77.71839,13.02071],[77.71789,13.02069],[77.7179,13.02076],[77.71839,13.02079],[77.71925,13.02099]]]},"properties":{"osm_id":1433212566,"name":null}},{"type":"Feature","geometry":{"type":"Polygon","coordinates":[[[77.76471,12.87676],[77.76494,12.87627],[77.765,12.87589],[77.76487,12.87542],[77.76464,12.87534],[77.76416,12.87537],[77.76378,12.87521],[77.76334,12.87487],[77.76306,12.87485],[77.76275,12.875],[77.76249,12.87523],[77.76241,12.8756],[77.7625,12.87583],[77.76336,12.87626],[77.76343,12.87638],[77.76343,12.87665],[77.76351,12.87674],[77.76367,12.8768],[77.7642,12.87673],[77.76471,12.87676]]]},"properties":{"osm_id":1434880597,"name":null}},{"type":"Feature","geometry":{"type":"Polygon","coordinates":[[[77.75671,12.9054],[77.75747,12.90505],[77.75834,12.90479],[77.75765,12.90445],[77.7565,12.90371],[77.7556,12.9046],[77.75548,12.90502],[77.75553,12.90543],[77.75566,12.90563],[77.75613,12.90566],[77.75671,12.9054]]]},"properties":{"osm_id":1435133939,"name":null}},{"type":"Feature","geometry":{"type":"Polygon","coordinates":[[[77.61353,12.92381],[77.61367,12.92359],[77.61383,12.92351],[77.61411,12.92345],[77.61444,12.92351],[77.61455,12.92349],[77.61454,12.9234],[77.61403,12.92338],[77.61373,12.92347],[77.61335,12.92378],[77.61353,12.92381]]]},"properties":{"osm_id":1442261753,"name":null}},{"type":"Feature","geometry":{"type":"Polygon","coordinates":[[[77.61621,12.92244],[77.61566,12.9231],[77.61478,12.92344],[77.61469,12.92341],[77.61468,12.92352],[77.61571,12.92313],[77.61628,12.92243],[77.61621,12.92244]]]},"properties":{"osm_id":1442293581,"name":null}},{"type":"Feature","geometry":{"type":"Polygon","coordinates":[[[77.60999,12.92494],[77.61043,12.92484],[77.61189,12.92422],[77.61288,12.92403],[77.61353,12.92381],[77.61335,12.92378],[77.61273,12.92401],[77.61171,12.92421],[77.60997,12.92489],[77.60999,12.92494]]]},"properties":{"osm_id":1442295317,"name":null}},{"type":"Feature","geometry":{"type":"Polygon","coordinates":[[[77.60992,12.92487],[77.60899,12.92492],[77.60891,12.92504],[77.60996,12.92494],[77.60992,12.92487]]]},"properties":{"osm_id":1442295318,"name":null}},{"type":"Feature","geometry":{"type":"Polygon","coordinates":[[[77.52923,12.94564],[77.52926,12.94541],[77.52881,12.94535],[77.52859,12.94545],[77.52883,12.94559],[77.52923,12.94564]]]},"properties":{"osm_id":1443180037,"name":null}},{"type":"Feature","geometry":{"type":"Polygon","coordinates":[[[77.53308,12.94495],[77.53398,12.94506],[77.53489,12.94535],[77.53514,12.94547],[77.53527,12.94571],[77.53552,12.9459],[77.5361,12.94571],[77.53681,12.94581],[77.53741,12.94634],[77.53759,12.94685],[77.53781,12.94681],[77.53774,12.94665],[77.53773,12.94637],[77.53697,12.94563],[77.53611,12.94545],[77.53565,12.94562],[77.53507,12.94509],[77.53289,12.94463],[77.53222,12.94513],[77.53193,12.94519],[77.53161,12.9451],[77.53043,12.94506],[77.52997,12.94547],[77.52948,12.94541],[77.52946,12.94565],[77.53006,12.9457],[77.53009,12.94558],[77.53042,12.94521],[77.53185,12.94532],[77.53235,12.94529],[77.53308,12.94495]]]},"properties":{"osm_id":1443180039,"name":null}},{"type":"Feature","geometry":{"type":"Polygon","coordinates":[[[77.51048,12.92459],[77.51027,12.92444],[77.50896,12.92478],[77.50903,12.92484],[77.51026,12.9245],[77.51045,12.92464],[77.51048,12.92459]]]},"properties":{"osm_id":1443186862,"name":null}},{"type":"Feature","geometry":{"type":"Polygon","coordinates":[[[77.64785,12.96786],[77.64791,12.96767],[77.64736,12.96627],[77.6466,12.96473],[77.64656,12.96475],[77.64668,12.96516],[77.64731,12.96627],[77.64782,12.96761],[77.64776,12.96784],[77.64785,12.96786]]]},"properties":{"osm_id":1443481748,"name":null}},{"type":"Feature","geometry":{"type":"Polygon","coordinates":[[[77.65753,12.95683],[77.65782,12.95904],[77.65772,12.95792],[77.65753,12.95683]]]},"properties":{"osm_id":1443657889,"name":null}},{"type":"Feature","geometry":{"type":"Polygon","coordinates":[[[77.68161,12.97764],[77.6821,12.97755],[77.68316,12.97703],[77.68312,12.97696],[77.68265,12.97725],[77.68203,12.9775],[77.68158,12.97758],[77.68161,12.97764]]]},"properties":{"osm_id":1443942980,"name":null}},{"type":"Feature","geometry":{"type":"Polygon","coordinates":[[[77.68317,12.97702],[77.68421,12.97655],[77.68414,12.97647],[77.68378,12.97669],[77.68313,12.97696],[77.68317,12.97702]]]},"properties":{"osm_id":1443942983,"name":null}},{"type":"Feature","geometry":{"type":"Polygon","coordinates":[[[77.68879,12.97889],[77.68955,12.98011],[77.68985,12.98032],[77.68988,12.9804],[77.68986,12.98106],[77.69007,12.98213],[77.69029,12.98287],[77.69028,12.98305],[77.69009,12.98343],[77.68997,12.98351],[77.69,12.9836],[77.69012,12.98354],[77.69037,12.98304],[77.69033,12.98256],[77.69015,12.98209],[77.68995,12.98108],[77.68995,12.98031],[77.68956,12.98],[77.68887,12.97884],[77.68879,12.97889]]]},"properties":{"osm_id":1444469686,"name":null}},{"type":"Feature","geometry":{"type":"Polygon","coordinates":[[[77.68102,12.98021],[77.68208,12.97988],[77.68232,12.97975],[77.68102,12.98021]]]},"properties":{"osm_id":1444500731,"name":null}},{"type":"Feature","geometry":{"type":"Polygon","coordinates":[[[77.58851,12.87419],[77.58853,12.87424],[77.58863,12.87423],[77.58862,12.87411],[77.58852,12.87411],[77.58851,12.87419]]]},"properties":{"osm_id":1445695938,"name":null}},{"type":"Feature","geometry":{"type":"Polygon","coordinates":[[[77.67265,12.96698],[77.67266,12.96694],[77.67182,12.96666],[77.67052,12.96611],[77.67022,12.96607],[77.6702,12.96612],[77.67046,12.96614],[77.67265,12.96698]]]},"properties":{"osm_id":1447903131,"name":null}},{"type":"Feature","geometry":{"type":"Polygon","coordinates":[[[77.67273,12.96703],[77.67328,12.96731],[77.67408,12.96749],[77.67409,12.96744],[77.67365,12.96738],[77.67348,12.96726],[77.67328,12.96726],[77.67274,12.96699],[77.67273,12.96703]]]},"properties":{"osm_id":1447954573,"name":null}},{"type":"Feature","geometry":{"type":"Polygon","coordinates":[[[77.68887,12.96868],[77.68893,12.96867],[77.68892,12.9685],[77.68887,12.96826],[77.68875,12.9681],[77.68872,12.96745],[77.68868,12.96796],[77.68872,12.96816],[77.68883,12.96831],[77.68887,12.96868]]]},"properties":{"osm_id":1450175687,"name":null}},{"type":"Feature","geometry":{"type":"Polygon","coordinates":[[[77.68302,12.96652],[77.68311,12.96659],[77.68337,12.96662],[77.68423,12.9666],[77.68489,12.96678],[77.68537,12.96704],[77.68559,12.96706],[77.68577,12.96698],[77.68582,12.96666],[77.68603,12.96651],[77.68628,12.96651],[77.68673,12.96679],[77.68727,12.96691],[77.68757,12.9669],[77.68771,12.96683],[77.6883,12.96683],[77.68838,12.96678],[77.68841,12.96656],[77.6883,12.9668],[77.68772,12.9668],[77.6875,12.96688],[77.68727,12.96688],[77.68679,12.96677],[77.6863,12.96648],[77.68604,12.96648],[77.68582,12.9666],[77.68579,12.96689],[77.68562,12.96703],[77.68538,12.96701],[77.68493,12.96677],[77.68423,12.96657],[77.68337,12.9666],[77.68302,12.96652]]]},"properties":{"osm_id":1450175950,"name":null}},{"type":"Feature","geometry":{"type":"Polygon","coordinates":[[[77.68871,12.96709],[77.68917,12.9621],[77.68921,12.96122],[77.68906,12.96117],[77.68863,12.96645],[77.68863,12.96697],[77.68871,12.96709]]]},"properties":{"osm_id":1452328747,"name":null}},{"type":"Feature","geometry":{"type":"Polygon","coordinates":[[[77.68792,12.99243],[77.68811,12.99253],[77.68849,12.99247],[77.68852,12.99239],[77.68809,12.99184],[77.68777,12.99175],[77.68773,12.99195],[77.68792,12.99243]]]},"properties":{"osm_id":1452396113,"name":null}},{"type":"Feature","geometry":{"type":"Polygon","coordinates":[[[77.70907,12.86602],[77.70945,12.86649],[77.7096,12.86657],[77.70971,12.86649],[77.70982,12.86518],[77.70976,12.86508],[77.70966,12.86508],[77.70947,12.86529],[77.70907,12.86602]]]},"properties":{"osm_id":1452539255,"name":null}},{"type":"Feature","geometry":{"type":"Polygon","coordinates":[[[77.63147,12.99573],[77.63092,12.99533],[77.63055,12.99448],[77.62973,12.99459],[77.63052,12.99448],[77.63092,12.99538],[77.63147,12.99573]]]},"properties":{"osm_id":1453143637,"name":null}},{"type":"Feature","geometry":{"type":"Polygon","coordinates":[[[77.6297,12.99445],[77.62972,12.99453],[77.62978,12.99452],[77.62976,12.99444],[77.6297,12.99445]]]},"properties":{"osm_id":1453143640,"name":null}},{"type":"Feature","geometry":{"type":"Polygon","coordinates":[[[77.62967,12.99429],[77.62968,12.99435],[77.62974,12.99434],[77.62967,12.99429]]]},"properties":{"osm_id":1453143641,"name":null}},{"type":"Feature","geometry":{"type":"Polygon","coordinates":[[[77.59636,12.95244],[77.59656,12.95259],[77.59653,12.95262],[77.59636,12.95244]]]},"properties":{"osm_id":1455373062,"name":null}},{"type":"Feature","geometry":{"type":"Polygon","coordinates":[[[77.72551,12.99761],[77.72574,12.99761],[77.72575,12.99725],[77.72552,12.99724],[77.72551,12.99761]]]},"properties":{"osm_id":1455401194,"name":null}},{"type":"Feature","geometry":{"type":"Polygon","coordinates":[[[77.7311,12.9983],[77.73093,12.99882],[77.73103,12.99881],[77.73118,12.9983],[77.73142,12.9978],[77.73148,12.9971],[77.73137,12.99707],[77.73137,12.99774],[77.7311,12.9983]]]},"properties":{"osm_id":1455401203,"name":null}},{"type":"Feature","geometry":{"type":"Polygon","coordinates":[[[77.59779,13.09408],[77.59791,13.09404],[77.59784,13.0935],[77.59767,13.09354],[77.59779,13.09408]]]},"properties":{"osm_id":1455433874,"name":null}},{"type":"Feature","geometry":{"type":"Polygon","coordinates":[[[77.59773,13.09286],[77.59756,13.09289],[77.59764,13.09336],[77.59781,13.09333],[77.59773,13.09286]]]},"properties":{"osm_id":1455433875,"name":null}},{"type":"Feature","geometry":{"type":"Polygon","coordinates":[[[77.59752,13.09275],[77.59773,13.0927],[77.59765,13.09215],[77.59763,13.09257],[77.59749,13.09261],[77.59752,13.09275]]]},"properties":{"osm_id":1455433876,"name":null}},{"type":"Feature","geometry":{"type":"Polygon","coordinates":[[[77.59767,13.09209],[77.59777,13.09269],[77.59787,13.09268],[77.59781,13.09209],[77.59797,13.09151],[77.59788,13.09148],[77.59767,13.09209]]]},"properties":{"osm_id":1455433877,"name":null}},{"type":"Feature","geometry":{"type":"Polygon","coordinates":[[[77.71239,12.93815],[77.71338,12.93802],[77.71283,12.93803],[77.71239,12.93815]]]},"properties":{"osm_id":1455980504,"name":null}},{"type":"Feature","geometry":{"type":"Polygon","coordinates":[[[77.7138,12.93817],[77.71425,12.93838],[77.71442,12.93839],[77.71442,12.93833],[77.71429,12.93835],[77.71381,12.93812],[77.7138,12.93817]]]},"properties":{"osm_id":1455980510,"name":null}},{"type":"Feature","geometry":{"type":"Polygon","coordinates":[[[77.7549,13.00911],[77.75521,13.01025],[77.75527,13.01032],[77.7556,13.01029],[77.75653,13.00978],[77.75741,13.0089],[77.7582,13.00857],[77.75813,13.00841],[77.75729,13.00873],[77.7571,13.00889],[77.75664,13.00957],[77.75553,13.01015],[77.75532,13.00997],[77.75506,13.00895],[77.7549,13.00911]]]},"properties":{"osm_id":1456248456,"name":null}},{"type":"Feature","geometry":{"type":"Polygon","coordinates":[[[77.75047,13.01177],[77.75055,13.01163],[77.75088,13.01144],[77.75151,13.01123],[77.75275,13.01068],[77.7535,13.00996],[77.75404,13.0096],[77.75448,13.00907],[77.75483,13.00895],[77.75492,13.00885],[77.75484,13.0088],[77.75427,13.00913],[77.75391,13.00955],[77.75268,13.01052],[77.75193,13.01091],[77.75067,13.01142],[77.7503,13.01164],[77.75029,13.01175],[77.75047,13.01177]]]},"properties":{"osm_id":1456248457,"name":null}},{"type":"Feature","geometry":{"type":"Polygon","coordinates":[[[77.74362,13.01354],[77.74367,13.01366],[77.74438,13.01333],[77.7446,13.01342],[77.74455,13.01363],[77.74474,13.01456],[77.7449,13.01481],[77.74514,13.01564],[77.74511,13.0161],[77.74519,13.0162],[77.74519,13.01636],[77.74508,13.01666],[77.74474,13.01694],[77.74456,13.01696],[77.74423,13.01686],[77.74407,13.01664],[77.74378,13.01677],[77.74396,13.01682],[77.74408,13.01703],[77.74491,13.01718],[77.74496,13.01688],[77.74528,13.01658],[77.74535,13.01623],[77.7459,13.01638],[77.74623,13.01632],[77.74612,13.0161],[77.74586,13.0162],[77.74547,13.01595],[77.74523,13.01517],[77.74478,13.01429],[77.74473,13.01379],[77.74479,13.01359],[77.74464,13.01316],[77.74432,13.01318],[77.74362,13.01354]]]},"properties":{"osm_id":1456248489,"name":null}},{"type":"Feature","geometry":{"type":"Polygon","coordinates":[[[77.7409,13.01295],[77.74114,13.01287],[77.74104,13.01255],[77.74118,13.0122],[77.74148,13.01206],[77.74178,13.01204],[77.74189,13.01258],[77.74205,13.0127],[77.74239,13.01266],[77.74268,13.01272],[77.74306,13.01347],[77.74322,13.01362],[77.74359,13.01368],[77.74357,13.01356],[77.74336,13.01355],[77.74318,13.01338],[77.74298,13.01302],[77.74295,13.01274],[77.74285,13.01263],[77.74263,13.0125],[77.7422,13.01258],[77.74205,13.01203],[77.74181,13.01189],[77.74115,13.01206],[77.74077,13.01239],[77.74038,13.0129],[77.74047,13.01297],[77.7407,13.01269],[77.7409,13.01295]]]},"properties":{"osm_id":1456248492,"name":null}},{"type":"Feature","geometry":{"type":"Polygon","coordinates":[[[77.74614,13.00723],[77.74762,13.00724],[77.74761,13.00718],[77.74676,13.00721],[77.74632,13.00715],[77.74615,13.00716],[77.74614,13.00723]]]},"properties":{"osm_id":1456248496,"name":null}},{"type":"Feature","geometry":{"type":"Polygon","coordinates":[[[77.55176,13.09108],[77.55231,13.09135],[77.55244,13.09117],[77.55243,13.09109],[77.55209,13.09076],[77.55178,13.09081],[77.55171,13.09094],[77.55176,13.09108]]]},"properties":{"osm_id":1456405931,"name":null}},{"type":"Feature","geometry":{"type":"Polygon","coordinates":[[[77.54705,12.97242],[77.54663,12.97387],[77.54669,12.97388],[77.54711,12.97251],[77.54705,12.97242]]]},"properties":{"osm_id":1457126595,"name":null}},{"type":"Feature","geometry":{"type":"Polygon","coordinates":[[[77.75492,12.99558],[77.75483,12.99569],[77.75488,12.99586],[77.755,12.99593],[77.75528,12.99589],[77.75526,12.99561],[77.7552,12.99556],[77.75492,12.99558]]]},"properties":{"osm_id":1457543411,"name":null}},{"type":"Feature","geometry":{"type":"Polygon","coordinates":[[[77.69158,13.07598],[77.6916,13.07686],[77.69172,13.07743],[77.69227,13.07786],[77.69235,13.07815],[77.69248,13.07826],[77.69285,13.07836],[77.69296,13.07813],[77.69289,13.07805],[77.69287,13.07786],[77.69236,13.0774],[77.69224,13.07715],[77.69224,13.07659],[77.69209,13.07602],[77.69177,13.07589],[77.69158,13.07598]]]},"properties":{"osm_id":1457563139,"name":null}},{"type":"Feature","geometry":{"type":"Polygon","coordinates":[[[77.70555,13.01353],[77.70611,13.01305],[77.7055,13.01339],[77.70545,13.01356],[77.70553,13.01359],[77.70555,13.01353]]]},"properties":{"osm_id":1458298320,"name":null}},{"type":"Feature","geometry":{"type":"Polygon","coordinates":[[[77.70614,13.01311],[77.70722,13.01341],[77.70751,13.01379],[77.70851,13.01388],[77.70852,13.01382],[77.7079,13.01381],[77.70756,13.01374],[77.70723,13.01332],[77.70617,13.01304],[77.70614,13.01311]]]},"properties":{"osm_id":1458298476,"name":null}},{"type":"Feature","geometry":{"type":"Polygon","coordinates":[[[77.70914,13.01397],[77.7095,13.01404],[77.70951,13.01398],[77.70915,13.01389],[77.70914,13.01397]]]},"properties":{"osm_id":1458298477,"name":null}},{"type":"Feature","geometry":{"type":"Polygon","coordinates":[[[77.63447,12.9309],[77.63557,12.93025],[77.63623,12.9297],[77.63685,12.92937],[77.6372,12.9293],[77.63717,12.92925],[77.63681,12.92932],[77.63642,12.92952],[77.63603,12.92976],[77.63553,12.93019],[77.6346,12.9307],[77.63444,12.93084],[77.63447,12.9309]]]},"properties":{"osm_id":1458415584,"name":null}},{"type":"Feature","geometry":{"type":"Polygon","coordinates":[[[77.54293,12.99105],[77.54325,12.99097],[77.5435,12.9902],[77.5445,12.98998],[77.54495,12.98984],[77.54493,12.98978],[77.54396,12.99006],[77.54343,12.99013],[77.54319,12.99089],[77.54291,12.99093],[77.54293,12.99105]]]},"properties":{"osm_id":1458507344,"name":null}},{"type":"Feature","geometry":{"type":"Polygon","coordinates":[[[77.49077,12.98524],[77.49074,12.98477],[77.49069,12.98478],[77.49071,12.98526],[77.49033,12.9861],[77.49028,12.98645],[77.49038,12.98646],[77.49042,12.98605],[77.49077,12.98524]]]},"properties":{"osm_id":1458650971,"name":null}},{"type":"Feature","geometry":{"type":"Polygon","coordinates":[[[77.54475,12.99156],[77.54477,12.99193],[77.54478,12.99161],[77.54488,12.99154],[77.54475,12.99156]]]},"properties":{"osm_id":1459089815,"name":null}},{"type":"Feature","geometry":{"type":"Polygon","coordinates":[[[77.58883,13.04317],[77.58896,13.0432],[77.589,13.04305],[77.58887,13.04302],[77.58883,13.04317]]]},"properties":{"osm_id":1460084769,"name":null}},{"type":"Feature","geometry":{"type":"Polygon","coordinates":[[[77.58426,13.04206],[77.58391,13.042],[77.58423,13.04216],[77.58452,13.04268],[77.5845,13.04276],[77.58462,13.0427],[77.58426,13.04206]]]},"properties":{"osm_id":1460084771,"name":null}},{"type":"Feature","geometry":{"type":"Polygon","coordinates":[[[77.62872,13.10776],[77.62895,13.10749],[77.62921,13.10746],[77.62877,13.10688],[77.62867,13.10703],[77.62864,13.10745],[77.62854,13.10753],[77.62872,13.10776]]]},"properties":{"osm_id":1460088555,"name":null}},{"type":"Feature","geometry":{"type":"Polygon","coordinates":[[[77.64266,12.96074],[77.64269,12.96066],[77.64332,12.9611],[77.64338,12.96147],[77.64332,12.96147],[77.6433,12.96117],[77.64266,12.96074]]]},"properties":{"osm_id":1460190393,"name":null}},{"type":"Feature","geometry":{"type":"Polygon","coordinates":[[[77.66791,13.09965],[77.66814,13.09963],[77.66826,13.09975],[77.66894,13.09976],[77.66917,13.09971],[77.66921,13.09958],[77.66882,13.09921],[77.6681,13.09914],[77.66763,13.09924],[77.66773,13.09961],[77.66791,13.09965]]]},"properties":{"osm_id":1460921125,"name":null}},{"type":"Feature","geometry":{"type":"Polygon","coordinates":[[[77.74598,12.89924],[77.74624,12.89949],[77.74649,12.89948],[77.74649,12.89928],[77.74638,12.8992],[77.74607,12.89917],[77.74598,12.89924]]]},"properties":{"osm_id":1462868153,"name":null}},{"type":"Feature","geometry":{"type":"Polygon","coordinates":[[[77.679,13.05648],[77.67966,13.05533],[77.67993,13.05507],[77.68013,13.05474],[77.6798,13.05412],[77.67911,13.05316],[77.67902,13.05248],[77.67891,13.05248],[77.67898,13.05313],[77.68001,13.05466],[77.67987,13.05497],[77.67957,13.05522],[77.67937,13.05555],[77.67906,13.05536],[77.67903,13.05544],[77.67929,13.05564],[77.6793,13.05572],[77.67886,13.05629],[77.679,13.05648]]]},"properties":{"osm_id":1463475434,"name":null}},{"type":"Feature","geometry":{"type":"Polygon","coordinates":[[[77.74657,12.94526],[77.74699,12.94529],[77.74693,12.9448],[77.74675,12.94499],[77.74648,12.9451],[77.74657,12.94526]]]},"properties":{"osm_id":1463892250,"name":null}},{"type":"Feature","geometry":{"type":"Polygon","coordinates":[[[77.74623,12.94552],[77.74652,12.94548],[77.74648,12.94544],[77.74655,12.94531],[77.74648,12.94516],[77.74621,12.9454],[77.74623,12.94552]]]},"properties":{"osm_id":1463892251,"name":null}},{"type":"Feature","geometry":{"type":"Polygon","coordinates":[[[77.5983,13.03307],[77.59881,13.03326],[77.59923,13.0333],[77.59922,13.03322],[77.59882,13.0332],[77.59832,13.03302],[77.5983,13.03307]]]},"properties":{"osm_id":1464867431,"name":null}},{"type":"Feature","geometry":{"type":"Polygon","coordinates":[[[77.7585,13.00836],[77.75878,13.00808],[77.75914,13.00785],[77.75954,13.00773],[77.75971,13.00749],[77.75971,13.00692],[77.75947,13.00626],[77.75952,13.00598],[77.76066,13.00504],[77.761,13.00503],[77.76167,13.00525],[77.76209,13.00524],[77.76274,13.00432],[77.76297,13.0037],[77.76329,13.00341],[77.76346,13.00307],[77.76357,13.00299],[77.7639,13.00307],[77.76409,13.00302],[77.7647,13.00269],[77.76505,13.0024],[77.76528,13.00206],[77.76532,13.00187],[77.7653,13.00114],[77.76568,13.00065],[77.76582,13.00036],[77.76688,13.00019],[77.76715,13.0003],[77.76729,13.00045],[77.76777,13.00127],[77.76824,13.00137],[77.76808,13.00106],[77.76795,13.00111],[77.7678,13.00105],[77.76709,13.00006],[77.76688,13.00002],[77.76569,13.00025],[77.7656,13.00035],[77.76558,13.00056],[77.76516,13.00119],[77.76522,13.00179],[77.76495,13.00229],[77.76457,13.0026],[77.76395,13.00286],[77.76344,13.00266],[77.76287,13.00353],[77.76274,13.00363],[77.76259,13.00391],[77.7626,13.0041],[77.76239,13.00459],[77.762,13.0051],[77.76167,13.00513],[77.76087,13.00479],[77.7605,13.00493],[77.75939,13.00589],[77.75934,13.00623],[77.75956,13.00682],[77.7596,13.0071],[77.75953,13.00757],[77.75925,13.00775],[77.75894,13.00784],[77.75845,13.00825],[77.7585,13.00836]]]},"properties":{"osm_id":1465621948,"name":null}},{"type":"Feature","geometry":{"type":"Polygon","coordinates":[[[77.75878,13.03676],[77.75899,13.03707],[77.75918,13.0371],[77.75925,13.03688],[77.7591,13.03666],[77.75916,13.03647],[77.75912,13.03638],[77.75895,13.0364],[77.75878,13.03676]]]},"properties":{"osm_id":1467203292,"name":null}},{"type":"Feature","geometry":{"type":"Polygon","coordinates":[[[77.66861,12.99079],[77.66863,12.99072],[77.66837,12.99056],[77.66848,12.99043],[77.66842,12.9903],[77.66842,12.99041],[77.66829,12.99059],[77.66861,12.99079]]]},"properties":{"osm_id":1469028616,"name":null}},{"type":"Feature","geometry":{"type":"Polygon","coordinates":[[[77.66897,12.99268],[77.66908,12.9924],[77.66908,12.9921],[77.66893,12.99267],[77.66897,12.99268]]]},"properties":{"osm_id":1469212067,"name":null}},{"type":"Feature","geometry":{"type":"Polygon","coordinates":[[[77.64202,13.08363],[77.64221,13.0836],[77.64226,13.08365],[77.64223,13.08371],[77.64203,13.08372],[77.64202,13.08363]]]},"properties":{"osm_id":1475016475,"name":null}},{"type":"Feature","geometry":{"type":"Polygon","coordinates":[[[77.54653,12.96686],[77.5463,12.96668],[77.5462,12.96683],[77.54635,12.96694],[77.54653,12.96686]]]},"properties":{"osm_id":1481059561,"name":null}},{"type":"Feature","geometry":{"type":"Polygon","coordinates":[[[77.5463,12.96668],[77.54568,12.96644],[77.54552,12.96631],[77.54525,12.9663],[77.54566,12.96661],[77.5462,12.96683],[77.5463,12.96668]]]},"properties":{"osm_id":1481059562,"name":null}},{"type":"Feature","geometry":{"type":"Polygon","coordinates":[[[77.54543,12.96617],[77.54528,12.96607],[77.54515,12.96587],[77.54473,12.96448],[77.54448,12.96439],[77.54501,12.96597],[77.54518,12.96619],[77.54543,12.96617]]]},"properties":{"osm_id":1481059564,"name":null}},{"type":"Feature","geometry":{"type":"Polygon","coordinates":[[[77.54471,12.96417],[77.54477,12.96381],[77.54456,12.96324],[77.54445,12.96338],[77.54463,12.96376],[77.54448,12.96422],[77.54468,12.96424],[77.54471,12.96417]]]},"properties":{"osm_id":1481059565,"name":null}},{"type":"Feature","geometry":{"type":"Polygon","coordinates":[[[77.66395,13.05495],[77.66407,13.05492],[77.66355,13.0538],[77.66311,13.05238],[77.66272,13.05214],[77.66263,13.05158],[77.66264,13.05018],[77.66247,13.04971],[77.66221,13.0496],[77.66222,13.04977],[77.66246,13.04989],[77.66254,13.05012],[77.66253,13.05153],[77.66261,13.05218],[77.66305,13.05245],[77.66344,13.05385],[77.66395,13.05495]]]},"properties":{"osm_id":1481123202,"name":null}},{"type":"Feature","geometry":{"type":"Polygon","coordinates":[[[77.458,12.89841],[77.4581,12.89833],[77.45801,12.89827],[77.45788,12.89836],[77.458,12.89841]]]},"properties":{"osm_id":1482858547,"name":null}},{"type":"Feature","geometry":{"type":"Polygon","coordinates":[[[77.7492,12.9424],[77.74922,12.94228],[77.74934,12.9423],[77.74932,12.94242],[77.7492,12.9424]]]},"properties":{"osm_id":1487667119,"name":null}},{"type":"Feature","geometry":{"type":"Polygon","coordinates":[[[77.7482,12.93946],[77.74815,12.93949],[77.74834,12.93982],[77.74876,12.94023],[77.74887,12.94026],[77.74842,12.93986],[77.7482,12.93946]]]},"properties":{"osm_id":1488021166,"name":null}},{"type":"Feature","geometry":{"type":"Polygon","coordinates":[[[77.74893,12.94033],[77.7491,12.94042],[77.74916,12.94061],[77.74908,12.94044],[77.74893,12.94033]]]},"properties":{"osm_id":1488021167,"name":null}},{"type":"Feature","geometry":{"type":"Polygon","coordinates":[[[77.76528,12.90545],[77.76517,12.90544],[77.76514,12.90519],[77.76525,12.90506],[77.76537,12.90507],[77.76542,12.90516],[77.76528,12.90545]]]},"properties":{"osm_id":1488662374,"name":null}},{"type":"Feature","geometry":{"type":"Polygon","coordinates":[[[77.55387,13.10186],[77.55419,13.10187],[77.5549,13.10172],[77.55491,13.10166],[77.55416,13.1018],[77.55386,13.10179],[77.55387,13.10186]]]},"properties":{"osm_id":1489035912,"name":null}},{"type":"Feature","geometry":{"type":"Polygon","coordinates":[[[77.55116,13.10247],[77.55098,13.10261],[77.55102,13.10266],[77.55129,13.10245],[77.55116,13.10247]]]},"properties":{"osm_id":1489035913,"name":null}},{"type":"Feature","geometry":{"type":"Polygon","coordinates":[[[77.55377,13.10188],[77.55378,13.1018],[77.5537,13.1018],[77.55322,13.10194],[77.55277,13.10199],[77.55246,13.10192],[77.55197,13.10194],[77.55172,13.10203],[77.55133,13.10234],[77.55146,13.10232],[77.55176,13.10208],[77.55202,13.102],[77.55242,13.10198],[77.55284,13.10205],[77.55377,13.10188]]]},"properties":{"osm_id":1489035916,"name":null}},{"type":"Feature","geometry":{"type":"Polygon","coordinates":[[[77.55396,13.10106],[77.55396,13.10113],[77.5551,13.10089],[77.55508,13.10083],[77.55396,13.10106]]]},"properties":{"osm_id":1489035917,"name":null}},{"type":"Feature","geometry":{"type":"Polygon","coordinates":[[[77.55367,13.10074],[77.55373,13.10085],[77.55372,13.10074],[77.55367,13.10074]]]},"properties":{"osm_id":1489035919,"name":null}},{"type":"Feature","geometry":{"type":"Polygon","coordinates":[[[77.55357,13.10014],[77.55371,13.10067],[77.55368,13.10035],[77.55359,13.1001],[77.55357,13.10014]]]},"properties":{"osm_id":1489035920,"name":null}},{"type":"Feature","geometry":{"type":"Polygon","coordinates":[[[77.55699,13.0954],[77.55671,13.09572],[77.55655,13.09613],[77.55611,13.0969],[77.55526,13.09749],[77.55494,13.09754],[77.55458,13.09835],[77.55462,13.09838],[77.55471,13.09825],[77.55494,13.0976],[77.55524,13.09754],[77.55612,13.09694],[77.55659,13.09615],[77.55675,13.09573],[77.55698,13.09549],[77.55699,13.0954]]]},"properties":{"osm_id":1489035924,"name":null}},{"type":"Feature","geometry":{"type":"Polygon","coordinates":[[[77.55374,13.10036],[77.5538,13.10036],[77.55332,13.09921],[77.5531,13.09896],[77.5528,13.09839],[77.55275,13.09841],[77.55304,13.09899],[77.55344,13.09959],[77.55374,13.10036]]]},"properties":{"osm_id":1489035937,"name":null}},{"type":"Feature","geometry":{"type":"Polygon","coordinates":[[[77.6449,13.01787],[77.64517,13.0231],[77.64522,13.02308],[77.64497,13.01788],[77.6449,13.01787]]]},"properties":{"osm_id":1491267339,"name":null}},{"type":"Feature","geometry":{"type":"Polygon","coordinates":[[[77.64475,13.01509],[77.64491,13.01776],[77.64496,13.01776],[77.64475,13.01509]]]},"properties":{"osm_id":1491267340,"name":null}},{"type":"Feature","geometry":{"type":"Polygon","coordinates":[[[77.68912,12.98379],[77.68914,12.98386],[77.68962,12.98371],[77.6896,12.98365],[77.68912,12.98379]]]},"properties":{"osm_id":1492511236,"name":null}},{"type":"Feature","geometry":{"type":"Polygon","coordinates":[[[77.68985,12.98593],[77.6898,12.98572],[77.68931,12.98473],[77.68925,12.98477],[77.68938,12.98508],[77.68978,12.98592],[77.68985,12.98593]]]},"properties":{"osm_id":1492511321,"name":null}},{"type":"Feature","geometry":{"type":"Polygon","coordinates":[[[77.68982,12.99157],[77.69001,12.99141],[77.69004,12.99131],[77.69005,12.99108],[77.68993,12.99071],[77.69002,12.99129],[77.68982,12.99157]]]},"properties":{"osm_id":1492547642,"name":null}},{"type":"Feature","geometry":{"type":"Polygon","coordinates":[[[77.69076,12.98948],[77.69123,12.98927],[77.69133,12.98943],[77.6908,12.98976],[77.691,12.99026],[77.6905,12.99038],[77.69051,12.99043],[77.69104,12.99029],[77.69083,12.98978],[77.69135,12.98948],[77.69127,12.98925],[77.69161,12.98894],[77.69158,12.98889],[77.69128,12.98918],[77.69085,12.98938],[77.69076,12.98948]]]},"properties":{"osm_id":1492547723,"name":null}},{"type":"Feature","geometry":{"type":"Polygon","coordinates":[[[77.69026,12.98627],[77.68997,12.98607],[77.68982,12.98608],[77.6902,12.98632],[77.69026,12.98627]]]},"properties":{"osm_id":1492547738,"name":null}},{"type":"Feature","geometry":{"type":"Polygon","coordinates":[[[77.69075,12.99356],[77.6908,12.99356],[77.69016,12.99242],[77.68989,12.99168],[77.68984,12.99169],[77.69018,12.99253],[77.69075,12.99356]]]},"properties":{"osm_id":1492662978,"name":null}},{"type":"Feature","geometry":{"type":"Polygon","coordinates":[[[77.69088,12.99392],[77.69082,12.99366],[77.6908,12.99389],[77.69088,12.99392]]]},"properties":{"osm_id":1492766578,"name":null}},{"type":"Feature","geometry":{"type":"Polygon","coordinates":[[[77.69116,12.99481],[77.69108,12.99449],[77.69102,12.9945],[77.69112,12.99483],[77.69116,12.99481]]]},"properties":{"osm_id":1492795246,"name":null}},{"type":"Feature","geometry":{"type":"Polygon","coordinates":[[[77.69667,12.99162],[77.69638,12.9912],[77.69675,12.99181],[77.69731,12.99228],[77.69667,12.99162]]]},"properties":{"osm_id":1493374067,"name":null}},{"type":"Feature","geometry":{"type":"Polygon","coordinates":[[[77.57149,13.04489],[77.57144,13.0449],[77.57142,13.04483],[77.57149,13.04489]]]},"properties":{"osm_id":1494554195,"name":null}},{"type":"Feature","geometry":{"type":"Polygon","coordinates":[[[77.57086,13.04665],[77.57086,13.04692],[77.57095,13.04693],[77.57095,13.04666],[77.57086,13.04665]]]},"properties":{"osm_id":1494554326,"name":null}},{"type":"Feature","geometry":{"type":"Polygon","coordinates":[[[77.77428,12.9202],[77.7744,12.91996],[77.77454,12.91986],[77.77479,12.92016],[77.7748,12.92044],[77.77489,12.92066],[77.77475,12.9208],[77.77482,12.92092],[77.77469,12.92095],[77.77469,12.92102],[77.77437,12.92102],[77.77442,12.92098],[77.77436,12.92079],[77.77438,12.92045],[77.77428,12.9202]]]},"properties":{"osm_id":1495902491,"name":null}},{"type":"Feature","geometry":{"type":"Polygon","coordinates":[[[77.66981,12.99429],[77.66968,12.99404],[77.66963,12.99407],[77.66977,12.99431],[77.66979,12.9946],[77.67032,12.99512],[77.67047,12.99559],[77.67051,12.99557],[77.67036,12.99509],[77.67,12.99479],[77.66984,12.99457],[77.66981,12.99429]]]},"properties":{"osm_id":1496004443,"name":null}},{"type":"Feature","geometry":{"type":"Polygon","coordinates":[[[77.5524,13.07398],[77.55241,13.07405],[77.55235,13.07406],[77.55234,13.07398],[77.5524,13.07398]]]},"properties":{"osm_id":1497591124,"name":null}},{"type":"Feature","geometry":{"type":"Polygon","coordinates":[[[77.56702,12.86698],[77.56723,12.86721],[77.56723,12.86708],[77.5671,12.86681],[77.56702,12.86698]]]},"properties":{"osm_id":1499632801,"name":null}},{"type":"Feature","geometry":{"type":"Polygon","coordinates":[[[77.68809,13.0332],[77.68832,13.03349],[77.68828,13.03334],[77.68809,13.0332]]]},"properties":{"osm_id":1500142146,"name":null}},{"type":"Feature","geometry":{"type":"Polygon","coordinates":[[[77.68872,13.0358],[77.68823,13.03505],[77.68818,13.03507],[77.68867,13.03585],[77.68872,13.0358]]]},"properties":{"osm_id":1500142304,"name":null}},{"type":"Feature","geometry":{"type":"Polygon","coordinates":[[[77.46656,13.03198],[77.46652,13.03191],[77.46659,13.03167],[77.46685,13.03163],[77.46703,13.03137],[77.46751,13.03097],[77.46754,13.03073],[77.46763,13.03061],[77.46792,13.03046],[77.46808,13.03072],[77.46775,13.03131],[77.46783,13.03155],[77.4678,13.03187],[77.46773,13.03198],[77.46781,13.03225],[77.46782,13.03267],[77.46826,13.03321],[77.46901,13.03323],[77.46905,13.03348],[77.46943,13.03376],[77.46955,13.03392],[77.46977,13.03409],[77.47016,13.03417],[77.47013,13.03441],[77.46942,13.03463],[77.46727,13.03498],[77.46703,13.03514],[77.46688,13.03513],[77.46687,13.03497],[77.46752,13.03443],[77.46764,13.03414],[77.46768,13.03354],[77.4676,13.03291],[77.46747,13.03249],[77.46714,13.03225],[77.46656,13.03198]]]},"properties":{"osm_id":1501275484,"name":null}},{"type":"Feature","geometry":{"type":"Polygon","coordinates":[[[77.58089,12.87456],[77.58095,12.87462],[77.58084,12.8747],[77.58079,12.87464],[77.58089,12.87456]]]},"properties":{"osm_id":1502467346,"name":null}},{"type":"Feature","geometry":{"type":"Polygon","coordinates":[[[77.52261,13.08802],[77.52266,13.088],[77.52266,13.08651],[77.52263,13.08591],[77.52257,13.08591],[77.52261,13.08802]]]},"properties":{"osm_id":1507512103,"name":null}},{"type":"Feature","geometry":{"type":"Polygon","coordinates":[[[77.52103,13.08235],[77.52238,13.08389],[77.52258,13.08455],[77.52258,13.08575],[77.52264,13.08575],[77.52263,13.08454],[77.52244,13.08388],[77.52115,13.08238],[77.52117,13.08232],[77.52103,13.08235]]]},"properties":{"osm_id":1507512104,"name":null}},{"type":"Feature","geometry":{"type":"Polygon","coordinates":[[[77.52666,13.08551],[77.5267,13.08546],[77.52629,13.08501],[77.52539,13.08378],[77.52529,13.08378],[77.52626,13.08507],[77.52666,13.08551]]]},"properties":{"osm_id":1507512105,"name":null}},{"type":"Feature","geometry":{"type":"Polygon","coordinates":[[[77.516,13.08572],[77.51598,13.08568],[77.51519,13.08585],[77.51525,13.08592],[77.516,13.08572]]]},"properties":{"osm_id":1507512119,"name":null}},{"type":"Feature","geometry":{"type":"Polygon","coordinates":[[[77.51685,13.08685],[77.51686,13.08679],[77.51625,13.08668],[77.51519,13.08585],[77.51497,13.08458],[77.51491,13.08455],[77.51515,13.08591],[77.51632,13.08679],[77.51685,13.08685]]]},"properties":{"osm_id":1507512120,"name":null}},{"type":"Feature","geometry":{"type":"Polygon","coordinates":[[[77.51461,13.08449],[77.51453,13.0843],[77.51446,13.08431],[77.5145,13.08444],[77.51461,13.08449]]]},"properties":{"osm_id":1507512121,"name":null}},{"type":"Feature","geometry":{"type":"Polygon","coordinates":[[[77.51433,13.0835],[77.51415,13.0836],[77.51439,13.08393],[77.51447,13.08391],[77.51428,13.08365],[77.51437,13.0836],[77.51433,13.0835]]]},"properties":{"osm_id":1507512122,"name":null}},{"type":"Feature","geometry":{"type":"Polygon","coordinates":[[[77.51507,13.08322],[77.5144,13.08346],[77.51444,13.08356],[77.51509,13.08333],[77.51507,13.08322]]]},"properties":{"osm_id":1507512123,"name":null}},{"type":"Feature","geometry":{"type":"Polygon","coordinates":[[[77.52041,13.08231],[77.52026,13.08219],[77.51817,13.08211],[77.51774,13.08217],[77.51769,13.08212],[77.51698,13.08241],[77.51669,13.08266],[77.51623,13.08291],[77.51579,13.08303],[77.51564,13.08319],[77.51627,13.08301],[77.51679,13.08273],[77.51706,13.08249],[77.51776,13.08231],[77.51831,13.08223],[77.52041,13.08231]]]},"properties":{"osm_id":1507512127,"name":null}},{"type":"Feature","geometry":{"type":"Polygon","coordinates":[[[77.51794,13.08101],[77.51748,13.0815],[77.51764,13.08215],[77.51769,13.08212],[77.51753,13.08149],[77.51797,13.08105],[77.51794,13.08101]]]},"properties":{"osm_id":1507512130,"name":null}},{"type":"Feature","geometry":{"type":"Polygon","coordinates":[[[77.5212,13.08057],[77.52131,13.08106],[77.52127,13.0811],[77.52138,13.0811],[77.52125,13.08056],[77.5212,13.08057]]]},"properties":{"osm_id":1507512133,"name":null}},{"type":"Feature","geometry":{"type":"Polygon","coordinates":[[[77.52092,13.07932],[77.52118,13.08049],[77.52123,13.08048],[77.52096,13.07931],[77.52092,13.07932]]]},"properties":{"osm_id":1507512134,"name":null}},{"type":"Feature","geometry":{"type":"Polygon","coordinates":[[[77.52187,13.08101],[77.52164,13.08108],[77.5195,13.08122],[77.51939,13.08115],[77.51936,13.08073],[77.51926,13.0806],[77.51866,13.08038],[77.51847,13.0805],[77.51851,13.08054],[77.51869,13.08043],[77.51924,13.08064],[77.51931,13.08073],[77.51936,13.08119],[77.51944,13.08126],[77.52166,13.08113],[77.52189,13.08106],[77.52187,13.08101]]]},"properties":{"osm_id":1507512135,"name":null}},{"type":"Feature","geometry":{"type":"Polygon","coordinates":[[[77.5235,13.08357],[77.52349,13.08314],[77.52331,13.08217],[77.52245,13.08206],[77.521,13.08221],[77.52054,13.0822],[77.52067,13.08231],[77.52103,13.08235],[77.52247,13.08217],[77.52317,13.08225],[77.52324,13.08234],[77.52343,13.08316],[77.52342,13.08351],[77.5235,13.08357]]]},"properties":{"osm_id":1507512145,"name":null}},{"type":"Feature","geometry":{"type":"Polygon","coordinates":[[[77.52868,13.09262],[77.52875,13.09261],[77.52854,13.09196],[77.52842,13.09182],[77.52793,13.09169],[77.52787,13.09172],[77.5284,13.09188],[77.5285,13.092],[77.52868,13.09262]]]},"properties":{"osm_id":1507512160,"name":null}},{"type":"Feature","geometry":{"type":"Polygon","coordinates":[[[77.52778,13.09153],[77.52778,13.09139],[77.52749,13.09078],[77.52728,13.09013],[77.52733,13.08979],[77.52726,13.08977],[77.52721,13.09011],[77.52742,13.0908],[77.52778,13.09153]]]},"properties":{"osm_id":1507512161,"name":null}},{"type":"Feature","geometry":{"type":"Polygon","coordinates":[[[77.52766,13.0887],[77.5289,13.08875],[77.52878,13.08866],[77.52769,13.0886],[77.52766,13.0887]]]},"properties":{"osm_id":1507512162,"name":null}},{"type":"Feature","geometry":{"type":"Polygon","coordinates":[[[77.52738,13.08965],[77.52776,13.08836],[77.5277,13.08834],[77.52733,13.08956],[77.52738,13.08965]]]},"properties":{"osm_id":1507512163,"name":null}},{"type":"Feature","geometry":{"type":"Polygon","coordinates":[[[77.52707,13.08589],[77.52688,13.08568],[77.52684,13.08572],[77.52702,13.08592],[77.52761,13.08742],[77.52778,13.08826],[77.52782,13.08814],[77.52765,13.08739],[77.52707,13.08589]]]},"properties":{"osm_id":1507512164,"name":null}},{"type":"Feature","geometry":{"type":"Polygon","coordinates":[[[77.50542,13.08693],[77.50519,13.08713],[77.50492,13.08726],[77.50475,13.08759],[77.50477,13.0877],[77.50494,13.08767],[77.50518,13.08789],[77.50523,13.08775],[77.50506,13.08756],[77.50495,13.08754],[77.50501,13.08739],[77.50552,13.08705],[77.50542,13.08693]]]},"properties":{"osm_id":1507512187,"name":null}},{"type":"Feature","geometry":{"type":"Polygon","coordinates":[[[77.50206,13.08788],[77.50233,13.08789],[77.50258,13.08775],[77.50309,13.08803],[77.50397,13.08812],[77.50392,13.08794],[77.50384,13.088],[77.50312,13.0879],[77.50259,13.0876],[77.50226,13.08775],[77.502,13.08773],[77.50206,13.08788]]]},"properties":{"osm_id":1507512188,"name":null}},{"type":"Feature","geometry":{"type":"Polygon","coordinates":[[[77.55173,13.0959],[77.55163,13.09577],[77.55119,13.09558],[77.55094,13.09506],[77.55093,13.09471],[77.55112,13.09427],[77.55111,13.09413],[77.55108,13.09426],[77.55092,13.0943],[77.55089,13.09507],[77.55119,13.09569],[77.5515,13.09576],[77.55173,13.0959]]]},"properties":{"osm_id":1507518075,"name":null}},{"type":"Feature","geometry":{"type":"Polygon","coordinates":[[[77.55268,13.09813],[77.55231,13.09627],[77.55184,13.09592],[77.5518,13.09598],[77.55228,13.09636],[77.55257,13.09784],[77.55268,13.09813]]]},"properties":{"osm_id":1507518076,"name":null}},{"type":"Feature","geometry":{"type":"Polygon","coordinates":[[[77.7471,12.95499],[77.74723,12.9549],[77.74769,12.95519],[77.74787,12.95568],[77.74773,12.95624],[77.74767,12.9562],[77.74768,12.9558],[77.74757,12.95565],[77.74764,12.95553],[77.74756,12.9553],[77.7471,12.95499]]]},"properties":{"osm_id":1507768213,"name":null}},{"type":"Feature","geometry":{"type":"Polygon","coordinates":[[[77.748,12.95241],[77.74804,12.95224],[77.74755,12.95216],[77.74699,12.95179],[77.74685,12.95162],[77.74629,12.95143],[77.74556,12.95129],[77.74553,12.95144],[77.74636,12.95158],[77.74641,12.95166],[77.74708,12.95199],[77.74759,12.9524],[77.748,12.95241]]]},"properties":{"osm_id":1507768217,"name":null}},{"type":"Feature","geometry":{"type":"Polygon","coordinates":[[[77.72234,12.94312],[77.72233,12.94321],[77.72256,12.94331],[77.72277,12.94327],[77.7229,12.94332],[77.72483,12.94339],[77.72525,12.94338],[77.72563,12.94322],[77.72603,12.94314],[77.72679,12.94317],[77.72734,12.94337],[77.72781,12.94346],[77.72867,12.94352],[77.72982,12.94316],[77.73048,12.94288],[77.73157,12.94262],[77.73227,12.94189],[77.73232,12.94124],[77.73241,12.94115],[77.73402,12.94107],[77.73409,12.94118],[77.73409,12.94204],[77.73454,12.9428],[77.73546,12.94365],[77.73592,12.94376],[77.73659,12.94427],[77.73676,12.94432],[77.73767,12.94412],[77.73828,12.94422],[77.73871,12.94441],[77.73964,12.94444],[77.74006,12.94461],[77.7411,12.94526],[77.74135,12.94557],[77.74205,12.94607],[77.74216,12.94606],[77.74223,12.94597],[77.74223,12.94557],[77.74228,12.94553],[77.7437,12.94555],[77.74409,12.94559],[77.74445,12.94578],[77.74531,12.94584],[77.74556,12.94582],[77.74623,12.94552],[77.74621,12.9454],[77.74575,12.94568],[77.74549,12.94574],[77.74445,12.94568],[77.74414,12.9455],[77.74394,12.94546],[77.74216,12.94545],[77.74217,12.94589],[77.7421,12.94599],[77.7414,12.94551],[77.74104,12.94512],[77.74019,12.94457],[77.73965,12.94435],[77.73889,12.94435],[77.73828,12.94413],[77.7377,12.94403],[77.73686,12.94424],[77.7367,12.94422],[77.73595,12.94367],[77.73555,12.94359],[77.7347,12.94287],[77.73419,12.94197],[77.73416,12.94115],[77.7341,12.941],[77.73399,12.94098],[77.73227,12.94103],[77.73217,12.94111],[77.73215,12.94124],[77.73217,12.94179],[77.73164,12.94243],[77.73071,12.94267],[77.72866,12.94343],[77.72739,12.94327],[77.72706,12.94316],[77.72691,12.94303],[77.72599,12.94304],[77.72522,12.9433],[77.72475,12.94328],[77.72453,12.94318],[77.7241,12.94312],[77.72378,12.94324],[77.72342,12.94326],[77.72312,12.94308],[77.72252,12.9432],[77.72234,12.94312]]]},"properties":{"osm_id":1507821941,"name":null}},{"type":"Feature","geometry":{"type":"Polygon","coordinates":[[[77.73285,12.93939],[77.73292,12.93974],[77.73275,12.94051],[77.73276,12.94098],[77.73297,12.93992],[77.73296,12.93952],[77.73292,12.9394],[77.73285,12.93939]]]},"properties":{"osm_id":1507821942,"name":null}},{"type":"Feature","geometry":{"type":"Polygon","coordinates":[[[77.7102,12.94299],[77.71071,12.94311],[77.71098,12.94326],[77.71194,12.94414],[77.71215,12.94428],[77.71219,12.94422],[77.71196,12.94409],[77.71116,12.9433],[77.71075,12.94308],[77.71017,12.94294],[77.7102,12.94299]]]},"properties":{"osm_id":1507821943,"name":null}},{"type":"Feature","geometry":{"type":"Polygon","coordinates":[[[77.74372,12.90092],[77.74441,12.90061],[77.74439,12.90036],[77.74432,12.90033],[77.74399,12.90072],[77.74372,12.90092]]]},"properties":{"osm_id":1507821949,"name":null}},{"type":"Feature","geometry":{"type":"Polygon","coordinates":[[[77.6467,13.04915],[77.64667,13.04893],[77.64676,13.04869],[77.64751,13.0482],[77.64747,13.04812],[77.64668,13.0486],[77.64655,13.04887],[77.64658,13.04914],[77.6467,13.04915]]]},"properties":{"osm_id":1507879040,"name":null}},{"type":"Feature","geometry":{"type":"Polygon","coordinates":[[[77.60159,13.10265],[77.60173,13.1025],[77.60292,13.10197],[77.60334,13.10188],[77.60369,13.10191],[77.60393,13.10181],[77.60383,13.10124],[77.60396,13.10093],[77.60431,13.10069],[77.60456,13.09925],[77.60438,13.09802],[77.6044,13.09778],[77.60513,13.09577],[77.60497,13.0957],[77.6042,13.09786],[77.6044,13.09892],[77.60439,13.09941],[77.60423,13.1005],[77.6039,13.10076],[77.60376,13.10106],[77.60374,13.10173],[77.60321,13.10177],[77.60246,13.10201],[77.60159,13.10242],[77.6013,13.10276],[77.60159,13.10265]]]},"properties":{"osm_id":1507880203,"name":null}},{"type":"Feature","geometry":{"type":"Polygon","coordinates":[[[77.68977,12.98369],[77.68986,12.98367],[77.68984,12.98359],[77.68975,12.98362],[77.68977,12.98369]]]},"properties":{"osm_id":1508386882,"name":null}},{"type":"Feature","geometry":{"type":"Polygon","coordinates":[[[77.59791,13.108],[77.59852,13.10876],[77.59913,13.10911],[77.59982,13.10929],[77.59969,13.10906],[77.59948,13.10898],[77.59946,13.10905],[77.59924,13.109],[77.59855,13.10859],[77.5984,13.10842],[77.59848,13.10837],[77.59774,13.10739],[77.59748,13.1075],[77.59779,13.10794],[77.59791,13.108]]]},"properties":{"osm_id":1508978591,"name":null}},{"type":"Feature","geometry":{"type":"Polygon","coordinates":[[[77.76832,13.00136],[77.76882,13.00077],[77.76949,13.00016],[77.77074,12.99956],[77.77082,12.99951],[77.77086,12.99931],[77.77053,12.99953],[77.76933,13.00006],[77.76864,13.00062],[77.76857,13.00077],[77.76813,13.00097],[77.76832,13.00136]]]},"properties":{"osm_id":1510337397,"name":null}},{"type":"Feature","geometry":{"type":"Polygon","coordinates":[[[77.64526,13.02389],[77.64521,13.02391],[77.64531,13.02446],[77.64524,13.02472],[77.64437,13.02618],[77.64346,13.02786],[77.64348,13.02791],[77.64454,13.02596],[77.64528,13.02478],[77.64536,13.02439],[77.64526,13.02389]]]},"properties":{"osm_id":1510438592,"name":null}},{"type":"Feature","geometry":{"type":"Polygon","coordinates":[[[77.64376,13.02634],[77.64371,13.0266],[77.64398,13.02665],[77.64403,13.02639],[77.64376,13.02634]]]},"properties":{"osm_id":1510438594,"name":null}},{"type":"Feature","geometry":{"type":"Polygon","coordinates":[[[77.73833,12.97129],[77.73824,12.97069],[77.7383,12.97049],[77.73839,12.97045],[77.73846,12.9705],[77.73848,12.97083],[77.73856,12.97099],[77.73852,12.97128],[77.73833,12.97129]]]},"properties":{"osm_id":1511058424,"name":null}},{"type":"Feature","geometry":{"type":"Polygon","coordinates":[[[77.73729,12.97136],[77.73742,12.97126],[77.73758,12.97125],[77.73766,12.97143],[77.73762,12.97155],[77.73736,12.97164],[77.73729,12.97136]]]},"properties":{"osm_id":1511058427,"name":null}},{"type":"Feature","geometry":{"type":"Polygon","coordinates":[[[77.73726,12.97262],[77.73763,12.97268],[77.73775,12.97276],[77.73773,12.97289],[77.73781,12.97296],[77.73745,12.97281],[77.73736,12.97266],[77.73726,12.97262]]]},"properties":{"osm_id":1511058428,"name":null}},{"type":"Feature","geometry":{"type":"Polygon","coordinates":[[[77.54391,12.95892],[77.54402,12.95886],[77.54374,12.95836],[77.54372,12.9581],[77.54384,12.95768],[77.5437,12.95733],[77.5434,12.95699],[77.54296,12.95672],[77.54278,12.95643],[77.54246,12.9562],[77.54237,12.95632],[77.54268,12.95658],[77.54278,12.95682],[77.5434,12.9572],[77.54358,12.9575],[77.54366,12.95773],[77.54357,12.95829],[77.54362,12.95851],[77.54391,12.95892]]]},"properties":{"osm_id":1511182492,"name":null}},{"type":"Feature","geometry":{"type":"Polygon","coordinates":[[[77.5441,12.95897],[77.54457,12.95886],[77.54453,12.95878],[77.54408,12.95893],[77.5441,12.95897]]]},"properties":{"osm_id":1511182493,"name":null}},{"type":"Feature","geometry":{"type":"Polygon","coordinates":[[[77.54604,12.95862],[77.54584,12.95857],[77.54554,12.95875],[77.54508,12.95875],[77.54471,12.9589],[77.54461,12.95888],[77.54457,12.95877],[77.54486,12.95884],[77.54506,12.95874],[77.54553,12.95873],[77.54582,12.95855],[77.54604,12.95862]]]},"properties":{"osm_id":1511182502,"name":null}},{"type":"Feature","geometry":{"type":"Polygon","coordinates":[[[77.5463,12.95899],[77.54633,12.95871],[77.54615,12.95866],[77.54636,12.9587],[77.54637,12.9588],[77.54697,12.95873],[77.54636,12.95882],[77.5463,12.95899]]]},"properties":{"osm_id":1511182503,"name":null}},{"type":"Feature","geometry":{"type":"Polygon","coordinates":[[[77.5451,12.96231],[77.54522,12.96213],[77.54481,12.96167],[77.54446,12.96095],[77.54442,12.96066],[77.54457,12.95988],[77.54454,12.95971],[77.54408,12.95893],[77.54396,12.95899],[77.54437,12.95976],[77.5444,12.96016],[77.54422,12.96045],[77.54421,12.96082],[77.54448,12.96143],[77.5451,12.96231]]]},"properties":{"osm_id":1511182504,"name":null}},{"type":"Feature","geometry":{"type":"Polygon","coordinates":[[[77.54483,12.96319],[77.54488,12.96309],[77.5453,12.96296],[77.54566,12.96274],[77.54562,12.9625],[77.54526,12.9622],[77.54519,12.9623],[77.54534,12.96243],[77.54531,12.96256],[77.54543,12.9627],[77.5447,12.9631],[77.54477,12.96321],[77.54483,12.96319]]]},"properties":{"osm_id":1511182505,"name":null}},{"type":"Feature","geometry":{"type":"Polygon","coordinates":[[[77.54172,12.95915],[77.54204,12.95899],[77.54224,12.95879],[77.54345,12.9585],[77.54318,12.9585],[77.5426,12.95867],[77.5423,12.95868],[77.54201,12.95897],[77.54171,12.9591],[77.54172,12.95915]]]},"properties":{"osm_id":1511182506,"name":null}},{"type":"Feature","geometry":{"type":"Polygon","coordinates":[[[77.54128,12.95988],[77.54167,12.95918],[77.54138,12.95958],[77.54128,12.95988]]]},"properties":{"osm_id":1511182508,"name":null}},{"type":"Feature","geometry":{"type":"Polygon","coordinates":[[[77.70237,12.98209],[77.70212,12.98165],[77.70086,12.98],[77.70079,12.98004],[77.70237,12.98209]]]},"properties":{"osm_id":1512670042,"name":null}},{"type":"Feature","geometry":{"type":"Polygon","coordinates":[[[77.67457,13.0343],[77.6747,13.03431],[77.67472,13.03418],[77.67458,13.03417],[77.67457,13.0343]]]},"properties":{"osm_id":1512948235,"name":null}},{"type":"Feature","geometry":{"type":"Polygon","coordinates":[[[77.6514,12.92554],[77.65187,12.92606],[77.65204,12.92693],[77.65239,12.92712],[77.65301,12.92789],[77.65393,12.92921],[77.65413,12.92933],[77.65445,12.92927],[77.65412,12.92922],[77.65295,12.92755],[77.65253,12.92708],[77.65213,12.92691],[77.65197,12.92607],[77.65182,12.92584],[77.65145,12.92551],[77.6514,12.92554]]]},"properties":{"osm_id":1513448490,"name":null}},{"type":"Feature","geometry":{"type":"Polygon","coordinates":[[[77.65137,12.92549],[77.65142,12.92547],[77.65106,12.92481],[77.65103,12.92461],[77.65102,12.92479],[77.65137,12.92549]]]},"properties":{"osm_id":1513451443,"name":null}},{"type":"Feature","geometry":{"type":"Polygon","coordinates":[[[77.65179,12.92594],[77.64978,12.92501],[77.64977,12.92508],[77.65184,12.92602],[77.65179,12.92594]]]},"properties":{"osm_id":1513451453,"name":null}},{"type":"Feature","geometry":{"type":"Polygon","coordinates":[[[77.68508,13.04512],[77.68378,13.04574],[77.68297,13.04646],[77.68077,13.04655],[77.68078,13.04661],[77.68294,13.04651],[77.68385,13.04575],[77.68506,13.04519],[77.68508,13.04512]]]},"properties":{"osm_id":1523273651,"name":null}},{"type":"Feature","geometry":{"type":"Polygon","coordinates":[[[77.70505,13.02571],[77.70583,13.02596],[77.7059,13.02613],[77.70597,13.02613],[77.70586,13.02594],[77.70506,13.02567],[77.70442,13.02569],[77.70505,13.02571]]]},"properties":{"osm_id":1523892151,"name":null}},{"type":"Feature","geometry":{"type":"Polygon","coordinates":[[[77.71743,13.02269],[77.7175,13.02254],[77.71745,13.02254],[77.71735,13.02282],[77.71743,13.02269]]]},"properties":{"osm_id":1523892157,"name":null}},{"type":"Feature","geometry":{"type":"Polygon","coordinates":[[[77.71825,13.02202],[77.71847,13.02203],[77.71847,13.02198],[77.71824,13.02198],[77.71825,13.02202]]]},"properties":{"osm_id":1523892158,"name":null}},{"type":"Feature","geometry":{"type":"Polygon","coordinates":[[[77.71752,13.02249],[77.71759,13.02231],[77.71817,13.02199],[77.7176,13.02224],[77.71748,13.02247],[77.71752,13.02249]]]},"properties":{"osm_id":1523892159,"name":null}},{"type":"Feature","geometry":{"type":"Polygon","coordinates":[[[77.71736,13.02668],[77.71739,13.02606],[77.71734,13.02604],[77.71731,13.02668],[77.71736,13.02668]]]},"properties":{"osm_id":1523892174,"name":null}},{"type":"Feature","geometry":{"type":"Polygon","coordinates":[[[77.71714,13.0247],[77.71742,13.02575],[77.71737,13.02598],[77.71742,13.026],[77.71747,13.02573],[77.7172,13.02473],[77.71714,13.0247]]]},"properties":{"osm_id":1523892175,"name":null}},{"type":"Feature","geometry":{"type":"Polygon","coordinates":[[[77.57079,13.1079],[77.57068,13.10723],[77.57056,13.1071],[77.57048,13.1067],[77.57079,13.1079]]]},"properties":{"osm_id":1524020834,"name":null}},{"type":"Feature","geometry":{"type":"Polygon","coordinates":[[[77.53545,12.90006],[77.53396,12.89909],[77.53275,12.89817],[77.53244,12.89781],[77.53165,12.89627],[77.53174,12.89621],[77.53219,12.89703],[77.53249,12.89775],[77.53273,12.89803],[77.53409,12.89903],[77.53549,12.89996],[77.53545,12.90006]]]},"properties":{"osm_id":1525500127,"name":null}},{"type":"Feature","geometry":{"type":"Polygon","coordinates":[[[77.64342,12.96246],[77.64335,12.96248],[77.64352,12.96318],[77.64359,12.96317],[77.64342,12.96246]]]},"properties":{"osm_id":1525677629,"name":null}},{"type":"Feature","geometry":{"type":"Polygon","coordinates":[[[77.64335,12.96146],[77.64334,12.96239],[77.6434,12.96238],[77.64335,12.96146]]]},"properties":{"osm_id":1525677632,"name":null}},{"type":"Feature","geometry":{"type":"Polygon","coordinates":[[[77.71662,13.02078],[77.71704,13.02077],[77.71704,13.02069],[77.71662,13.02069],[77.71662,13.02078]]]},"properties":{"osm_id":1526014634,"name":null}},{"type":"Feature","geometry":{"type":"Polygon","coordinates":[[[77.7205,13.02105],[77.72059,13.02003],[77.72053,13.02001],[77.72043,13.02105],[77.7205,13.02105]]]},"properties":{"osm_id":1526014663,"name":null}},{"type":"Feature","geometry":{"type":"Polygon","coordinates":[[[77.72148,13.01777],[77.72118,13.01833],[77.72114,13.01869],[77.72091,13.0191],[77.72077,13.01973],[77.7206,13.01992],[77.72077,13.01982],[77.72084,13.01967],[77.72098,13.01905],[77.72119,13.01868],[77.72121,13.01837],[77.72152,13.01786],[77.72153,13.01777],[77.72148,13.01777]]]},"properties":{"osm_id":1526014709,"name":null}},{"type":"Feature","geometry":{"type":"Polygon","coordinates":[[[77.72149,13.01703],[77.72154,13.01704],[77.7216,13.01651],[77.72188,13.01623],[77.72237,13.0159],[77.72244,13.01577],[77.72156,13.01648],[77.72149,13.01703]]]},"properties":{"osm_id":1526146004,"name":null}},{"type":"Feature","geometry":{"type":"Polygon","coordinates":[[[77.72147,13.01767],[77.72152,13.01767],[77.72153,13.01739],[77.72153,13.01714],[77.72148,13.01713],[77.72147,13.01767]]]},"properties":{"osm_id":1526146005,"name":null}},{"type":"Feature","geometry":{"type":"Polygon","coordinates":[[[77.71854,13.02203],[77.71927,13.02206],[77.71927,13.02198],[77.71854,13.02198],[77.71854,13.02203]]]},"properties":{"osm_id":1526189448,"name":null}},{"type":"Feature","geometry":{"type":"Polygon","coordinates":[[[77.58549,12.83194],[77.58546,12.8316],[77.5856,12.83138],[77.58575,12.83148],[77.58575,12.83205],[77.58566,12.83211],[77.58549,12.83194]]]},"properties":{"osm_id":1528087642,"name":null}},{"type":"Feature","geometry":{"type":"Polygon","coordinates":[[[77.68455,12.92053],[77.68505,12.92052],[77.68505,12.92025],[77.68502,12.92048],[77.68455,12.92053]]]},"properties":{"osm_id":1528352400,"name":null}},{"type":"Feature","geometry":{"type":"Polygon","coordinates":[[[77.68368,12.92039],[77.68368,12.92026],[77.68376,12.92026],[77.68377,12.92039],[77.68368,12.92039]]]},"properties":{"osm_id":1528352403,"name":null}},{"type":"Feature","geometry":{"type":"Polygon","coordinates":[[[77.6837,12.92075],[77.68369,12.92044],[77.68377,12.92044],[77.68378,12.92075],[77.6837,12.92075]]]},"properties":{"osm_id":1528352404,"name":null}},{"type":"Feature","geometry":{"type":"Polygon","coordinates":[[[77.68368,12.92024],[77.68376,12.92024],[77.68376,12.92019],[77.68368,12.92019],[77.68368,12.92024]]]},"properties":{"osm_id":1528352407,"name":null}},{"type":"Feature","geometry":{"type":"Polygon","coordinates":[[[77.68418,12.92022],[77.68427,12.92022],[77.68426,12.92017],[77.68418,12.92017],[77.68418,12.92022]]]},"properties":{"osm_id":1528352408,"name":null}},{"type":"Feature","geometry":{"type":"Polygon","coordinates":[[[77.68402,12.92023],[77.68416,12.92022],[77.68416,12.92017],[77.68402,12.92018],[77.68402,12.92023]]]},"properties":{"osm_id":1528352409,"name":null}},{"type":"Feature","geometry":{"type":"Polygon","coordinates":[[[77.68381,12.92023],[77.684,12.92023],[77.684,12.92017],[77.68381,12.92018],[77.68381,12.92023]]]},"properties":{"osm_id":1528352410,"name":null}},{"type":"Feature","geometry":{"type":"Polygon","coordinates":[[[77.68874,12.92321],[77.68872,12.9231],[77.68878,12.92309],[77.6888,12.9232],[77.68874,12.92321]]]},"properties":{"osm_id":1528352425,"name":"Kalyani"}},{"type":"Feature","geometry":{"type":"Polygon","coordinates":[[[77.71447,12.99753],[77.71459,12.99767],[77.71525,12.99935],[77.71533,12.9993],[77.71489,12.9982],[77.71462,12.99761],[77.71453,12.99748],[77.71447,12.99753]]]},"properties":{"osm_id":1530002014,"name":null}},{"type":"Feature","geometry":{"type":"Polygon","coordinates":[[[77.7059,12.99998],[77.70465,13.00018],[77.70474,13.00085],[77.70441,13.00093],[77.70475,13.00088],[77.70467,13.0002],[77.7059,12.99998]]]},"properties":{"osm_id":1530398660,"name":null}},{"type":"Feature","geometry":{"type":"Polygon","coordinates":[[[77.7051,13.00447],[77.70489,13.00319],[77.70484,13.0032],[77.7051,13.00447]]]},"properties":{"osm_id":1530513200,"name":null}},{"type":"Feature","geometry":{"type":"Polygon","coordinates":[[[77.69539,13.01632],[77.6947,13.01621],[77.6938,13.01583],[77.69299,13.01563],[77.69299,13.01554],[77.69268,13.01552],[77.69267,13.01557],[77.69295,13.01558],[77.69294,13.01567],[77.69373,13.01586],[77.6948,13.01629],[77.69542,13.01642],[77.69539,13.01632]]]},"properties":{"osm_id":1534254303,"name":null}},{"type":"Feature","geometry":{"type":"Polygon","coordinates":[[[77.73009,13.01528],[77.73009,13.01566],[77.73018,13.01585],[77.73022,13.01582],[77.73013,13.01563],[77.73016,13.01502],[77.73005,13.01432],[77.72996,13.01434],[77.73011,13.01503],[77.73009,13.01528]]]},"properties":{"osm_id":1537101540,"name":null}},{"type":"Feature","geometry":{"type":"Polygon","coordinates":[[[77.53619,13.01045],[77.53602,13.01002],[77.5363,13.01004],[77.53663,13.01032],[77.5367,13.0103],[77.53649,13.01007],[77.53632,13.00998],[77.53584,13.00991],[77.53569,13.00983],[77.53533,13.00915],[77.53525,13.00921],[77.53554,13.00978],[77.53568,13.00994],[77.53597,13.01006],[77.53614,13.01046],[77.53619,13.01045]]]},"properties":{"osm_id":1537436856,"name":null}},{"type":"Feature","geometry":{"type":"Polygon","coordinates":[[[77.50702,12.95654],[77.50712,12.9565],[77.50745,12.95655],[77.50757,12.95666],[77.50777,12.95658],[77.50785,12.9564],[77.5078,12.95623],[77.5077,12.95615],[77.50704,12.95635],[77.50693,12.95651],[77.50702,12.95654]]]},"properties":{"osm_id":1537476844,"name":null}},{"type":"Feature","geometry":{"type":"Polygon","coordinates":[[[77.5117,12.95699],[77.51201,12.95689],[77.51197,12.95747],[77.51204,12.95833],[77.51192,12.95869],[77.51181,12.95881],[77.51179,12.95909],[77.51186,12.95922],[77.512,12.95929],[77.51222,12.95922],[77.5133,12.95821],[77.51441,12.95772],[77.51464,12.95775],[77.5148,12.95808],[77.51501,12.95889],[77.51547,12.95957],[77.51591,12.96048],[77.51604,12.96178],[77.51626,12.96188],[77.5175,12.96183],[77.51773,12.96195],[77.5178,12.96219],[77.51777,12.96252],[77.51755,12.96318],[77.51752,12.96366],[77.51769,12.96389],[77.51818,12.96427],[77.51842,12.96502],[77.51845,12.96542],[77.51835,12.96558],[77.51756,12.96602],[77.51757,12.9666],[77.51811,12.96698],[77.51819,12.96764],[77.51758,12.96836],[77.51758,12.96906],[77.51732,12.9691],[77.51741,12.96821],[77.51764,12.96804],[77.51789,12.96772],[77.51796,12.96752],[77.5179,12.96723],[77.51737,12.96655],[77.51737,12.96608],[77.51753,12.96586],[77.51822,12.96553],[77.51831,12.96537],[77.51803,12.9644],[77.51738,12.96392],[77.51735,12.96299],[77.51748,12.96256],[77.51745,12.96215],[77.51728,12.96202],[77.51608,12.96211],[77.51588,12.96204],[77.51578,12.96186],[77.51576,12.96109],[77.51563,12.96042],[77.51496,12.95931],[77.5145,12.958],[77.51306,12.95865],[77.51254,12.95938],[77.51191,12.9595],[77.51176,12.95947],[77.51159,12.95916],[77.51155,12.95885],[77.51162,12.95862],[77.51184,12.95848],[77.5117,12.95699]]]},"properties":{"osm_id":1537476866,"name":"Nagarbhavi Thorai"}},{"type":"Feature","geometry":{"type":"Polygon","coordinates":[[[77.51062,12.96163],[77.51071,12.96124],[77.51067,12.96123],[77.51062,12.96163]]]},"properties":{"osm_id":1537503358,"name":null}},{"type":"Feature","geometry":{"type":"Polygon","coordinates":[[[77.51292,12.96396],[77.51285,12.96376],[77.51279,12.96376],[77.51292,12.96396]]]},"properties":{"osm_id":1539943357,"name":null}},{"type":"Feature","geometry":{"type":"Polygon","coordinates":[[[77.51325,12.96809],[77.51327,12.96718],[77.51314,12.96531],[77.51325,12.96809]]]},"properties":{"osm_id":1539943359,"name":null}},{"type":"Feature","geometry":{"type":"Polygon","coordinates":[[[77.51002,12.96389],[77.51017,12.96403],[77.51022,12.96398],[77.51006,12.96385],[77.51002,12.96389]]]},"properties":{"osm_id":1540188800,"name":null}},{"type":"Feature","geometry":{"type":"Polygon","coordinates":[[[77.50993,12.96493],[77.51032,12.96445],[77.5104,12.96423],[77.51027,12.96407],[77.51035,12.96422],[77.50989,12.9649],[77.50993,12.96493]]]},"properties":{"osm_id":1540188801,"name":null}},{"type":"Feature","geometry":{"type":"Polygon","coordinates":[[[77.49409,12.97288],[77.49427,12.97214],[77.49446,12.97195],[77.49464,12.97043],[77.49457,12.97045],[77.49444,12.97177],[77.49419,12.97218],[77.49404,12.97264],[77.49403,12.97286],[77.49409,12.97288]]]},"properties":{"osm_id":1543999374,"name":null}},{"type":"Feature","geometry":{"type":"Polygon","coordinates":[[[77.49371,12.96834],[77.49393,12.96913],[77.49424,12.96954],[77.49454,12.9703],[77.49461,12.97029],[77.49431,12.96951],[77.494,12.9691],[77.49378,12.96833],[77.49371,12.96834]]]},"properties":{"osm_id":1543999390,"name":null}},{"type":"Feature","geometry":{"type":"Polygon","coordinates":[[[77.49003,12.95474],[77.48994,12.95478],[77.49006,12.95512],[77.49072,12.9566],[77.49082,12.95655],[77.49003,12.95474]]]},"properties":{"osm_id":1545167097,"name":null}},{"type":"Feature","geometry":{"type":"Polygon","coordinates":[[[77.49166,12.95928],[77.49148,12.95854],[77.4916,12.95823],[77.49146,12.95804],[77.49085,12.95666],[77.49077,12.95669],[77.49139,12.95804],[77.49152,12.95817],[77.49149,12.95843],[77.49142,12.95851],[77.4916,12.9593],[77.49166,12.95928]]]},"properties":{"osm_id":1545325782,"name":null}},{"type":"Feature","geometry":{"type":"Polygon","coordinates":[[[77.49213,12.96165],[77.49213,12.96041],[77.49207,12.96016],[77.4917,12.95942],[77.49163,12.95944],[77.49183,12.95993],[77.49205,12.96028],[77.49206,12.96165],[77.49213,12.96165]]]},"properties":{"osm_id":1545326032,"name":null}},{"type":"Feature","geometry":{"type":"Polygon","coordinates":[[[77.63554,13.05524],[77.63575,13.05524],[77.63575,13.05501],[77.63554,13.05501],[77.63554,13.05524]]]},"properties":{"osm_id":1545450033,"name":null}},{"type":"Feature","geometry":{"type":"Polygon","coordinates":[[[77.48998,12.95465],[77.48896,12.95236],[77.48887,12.9524],[77.4899,12.95468],[77.48998,12.95465]]]},"properties":{"osm_id":1547251602,"name":null}},{"type":"Feature","geometry":{"type":"Polygon","coordinates":[[[77.49024,12.9548],[77.49116,12.95458],[77.49114,12.9545],[77.49022,12.95472],[77.49024,12.9548]]]},"properties":{"osm_id":1547389219,"name":null}},{"type":"Feature","geometry":{"type":"Polygon","coordinates":[[[77.48419,12.94693],[77.48408,12.94643],[77.48353,12.94539],[77.48375,12.94516],[77.48385,12.94487],[77.48376,12.9446],[77.48347,12.94427],[77.48349,12.94388],[77.48339,12.94386],[77.48336,12.94429],[77.48373,12.94478],[77.4837,12.94501],[77.48345,12.9453],[77.48343,12.94542],[77.48364,12.94573],[77.48398,12.94646],[77.4841,12.94694],[77.48419,12.94693]]]},"properties":{"osm_id":1547422296,"name":null}},{"type":"Feature","geometry":{"type":"Polygon","coordinates":[[[77.76999,12.83448],[77.76919,12.83228],[77.76905,12.83233],[77.76904,12.83263],[77.76892,12.83297],[77.76879,12.83316],[77.76854,12.83333],[77.76808,12.83338],[77.76732,12.8333],[77.76736,12.83344],[77.76748,12.83353],[77.768,12.83362],[77.76812,12.8338],[77.76851,12.83394],[77.76909,12.83462],[77.76987,12.83454],[77.76999,12.83448]]]},"properties":{"osm_id":1547872070,"name":null}},{"type":"Feature","geometry":{"type":"Polygon","coordinates":[[[77.49645,12.93553],[77.49663,12.93548],[77.49662,12.93544],[77.49637,12.9355],[77.49635,12.93595],[77.49585,12.93676],[77.49593,12.93676],[77.49637,12.936],[77.49645,12.93583],[77.49645,12.93553]]]},"properties":{"osm_id":1548236291,"name":null}},{"type":"Feature","geometry":{"type":"Polygon","coordinates":[[[77.49771,12.93962],[77.49735,12.93894],[77.49715,12.93894],[77.49691,12.93869],[77.49715,12.93899],[77.49734,12.93897],[77.49767,12.93965],[77.49771,12.93962]]]},"properties":{"osm_id":1548236292,"name":null}},{"type":"Feature","geometry":{"type":"Polygon","coordinates":[[[77.49598,12.93714],[77.49595,12.93684],[77.4959,12.93685],[77.49594,12.93715],[77.49598,12.93714]]]},"properties":{"osm_id":1548236306,"name":null}},{"type":"Feature","geometry":{"type":"Polygon","coordinates":[[[77.49631,12.93788],[77.49596,12.93723],[77.49627,12.9379],[77.49631,12.93788]]]},"properties":{"osm_id":1548236307,"name":null}},{"type":"Feature","geometry":{"type":"Polygon","coordinates":[[[77.49671,12.9386],[77.49638,12.93799],[77.49633,12.93802],[77.49667,12.93862],[77.49671,12.9386]]]},"properties":{"osm_id":1548236308,"name":null}},{"type":"Feature","geometry":{"type":"Polygon","coordinates":[[[77.48383,12.93443],[77.48378,12.93445],[77.48437,12.93798],[77.48467,12.9388],[77.48478,12.93954],[77.48488,12.93956],[77.48476,12.93874],[77.48441,12.93771],[77.48387,12.93442],[77.48383,12.93443]]]},"properties":{"osm_id":1548272101,"name":null}},{"type":"Feature","geometry":{"type":"Polygon","coordinates":[[[77.49073,12.98471],[77.49071,12.98454],[77.49067,12.98455],[77.49073,12.98471]]]},"properties":{"osm_id":1548560796,"name":null}},{"type":"Feature","geometry":{"type":"Polygon","coordinates":[[[77.57625,13.09167],[77.57612,13.09097],[77.57685,13.0908],[77.577,13.09145],[77.57625,13.09167]]]},"properties":{"osm_id":1548865635,"name":null}},{"type":"Feature","geometry":{"type":"Polygon","coordinates":[[[77.47999,13.04373],[77.47986,13.04417],[77.47996,13.0442],[77.48006,13.04375],[77.47999,13.04373]]]},"properties":{"osm_id":1549432367,"name":null}},{"type":"Feature","geometry":{"type":"Polygon","coordinates":[[[77.65483,13.01584],[77.65477,13.01564],[77.65458,13.01569],[77.65464,13.01589],[77.65483,13.01584]]]},"properties":{"osm_id":1551919266,"name":null}},{"type":"Feature","geometry":{"type":"Polygon","coordinates":[[[77.60599,13.04659],[77.60603,13.04677],[77.6062,13.04676],[77.6062,13.04657],[77.6061,13.04653],[77.60599,13.04659]]]},"properties":{"osm_id":1552804496,"name":null}}]}