{"type":"FeatureCollection","features":[{"type":"Feature","geometry":{"type":"Polygon","coordinates":[[[77.68793,12.86815],[77.69175,12.86721],[77.698,12.8641],[77.69909,12.86396],[77.70149,12.86334],[77.70205,12.86311],[77.70283,12.86253],[77.70317,12.86198],[77.70345,12.86183],[77.7047,12.86145],[77.70565,12.8615],[77.7055,12.86187],[77.70548,12.86361],[77.70502,12.86435],[77.70474,12.86584],[77.70365,12.86807],[77.70335,12.86913],[77.7028,12.86961],[77.70176,12.87145],[77.70165,12.87199],[77.70171,12.87347],[77.70143,12.87434],[77.70056,12.87561],[77.69986,12.87618],[77.69961,12.87706],[77.69854,12.87872],[77.69812,12.88097],[77.69704,12.88376],[77.69535,12.88294],[77.69256,12.88198],[77.69234,12.88139],[77.6922,12.88133],[77.68922,12.88202],[77.68886,12.88196],[77.6868,12.88093],[77.68685,12.87985],[77.68665,12.87676],[77.68626,12.87613],[77.68696,12.87452],[77.68793,12.86815]]]},"properties":{"osm_id":10475787,"zone_id":"W10475787","label":"Gattahalli","admin_level":"10"}},{"type":"Feature","geometry":{"type":"Polygon","coordinates":[[[77.45853,12.98554],[77.45846,12.98538],[77.45115,12.98277],[77.45108,12.982],[77.45292,12.97747],[77.45413,12.97331],[77.45427,12.97311],[77.45673,12.97206],[77.4588,12.97152],[77.46019,12.97093],[77.46393,12.96585],[77.46542,12.96515],[77.46892,12.96841],[77.46759,12.96414],[77.4684,12.96372],[77.47016,12.96387],[77.47177,12.96356],[77.47228,12.96367],[77.47319,12.96354],[77.47324,12.9657],[77.4735,12.96731],[77.47501,12.97011],[77.47509,12.97294],[77.47427,12.97978],[77.47373,12.98248],[77.47345,12.98332],[77.47306,12.984],[77.47226,12.98485],[77.47086,12.98572],[77.4698,12.9863],[77.46845,12.9867],[77.46803,12.98588],[77.46655,12.98462],[77.46492,12.98457],[77.46255,12.98504],[77.45853,12.98554]]]},"properties":{"osm_id":17416109,"zone_id":"W17416109","label":"Kodigehalli","admin_level":"9"}},{"type":"Feature","geometry":{"type":"Polygon","coordinates":[[[77.46124,12.95561],[77.46136,12.95577],[77.46394,12.95549],[77.46426,12.95585],[77.46416,12.95707],[77.46468,12.95717],[77.46478,12.95751],[77.4649,12.95752],[77.4661,12.9614],[77.46759,12.96414],[77.46892,12.96841],[77.46542,12.96515],[77.46393,12.96585],[77.46019,12.97093],[77.4588,12.97152],[77.45673,12.97206],[77.45427,12.97311],[77.45413,12.97331],[77.46124,12.95561]]]},"properties":{"osm_id":17416110,"zone_id":"W17416110","label":"Kannahalli","admin_level":"9"}},{"type":"Feature","geometry":{"type":"Polygon","coordinates":[[[77.47319,12.96354],[77.47228,12.96367],[77.47177,12.96356],[77.47016,12.96387],[77.4684,12.96372],[77.46759,12.96414],[77.4661,12.9614],[77.4649,12.95752],[77.46478,12.95751],[77.46468,12.95717],[77.46416,12.95707],[77.46426,12.95585],[77.46394,12.95549],[77.46136,12.95577],[77.46124,12.95561],[77.46112,12.9549],[77.46201,12.95053],[77.464,12.94982],[77.46538,12.94955],[77.46801,12.94967],[77.46827,12.94944],[77.4708,12.94943],[77.47106,12.94959],[77.47112,12.95072],[77.47214,12.95087],[77.47251,12.9516],[77.47251,12.95181],[77.47155,12.95224],[77.47164,12.95377],[77.47189,12.95435],[77.472,12.95504],[77.4721,12.95505],[77.47247,12.95595],[77.47504,12.96045],[77.47367,12.96201],[77.47319,12.96354]]]},"properties":{"osm_id":17416111,"zone_id":"W17416111","label":"Manganahalli","admin_level":"9"}},{"type":"Feature","geometry":{"type":"Polygon","coordinates":[[[77.46111,12.95515],[77.45822,12.95148],[77.45744,12.94663],[77.45644,12.94663],[77.4565,12.94476],[77.45529,12.94273],[77.4549,12.94278],[77.45439,12.94225],[77.4544,12.94023],[77.45426,12.93936],[77.45438,12.93857],[77.45424,12.93823],[77.45378,12.93771],[77.4531,12.93734],[77.45225,12.93743],[77.45149,12.93673],[77.45132,12.93607],[77.45206,12.93541],[77.45213,12.93515],[77.45207,12.93338],[77.4522,12.93222],[77.45261,12.93213],[77.45308,12.93241],[77.45327,12.93239],[77.45614,12.93046],[77.45646,12.92937],[77.45639,12.92802],[77.45718,12.92788],[77.45708,12.92981],[77.45684,12.92991],[77.45674,12.931],[77.45689,12.93128],[77.45651,12.93162],[77.45662,12.93227],[77.45682,12.93217],[77.45744,12.93223],[77.45908,12.93282],[77.45923,12.9333],[77.46031,12.93333],[77.46189,12.93261],[77.46227,12.93278],[77.46324,12.93195],[77.46368,12.93186],[77.46514,12.93094],[77.46558,12.93016],[77.46808,12.92857],[77.47145,12.92698],[77.47319,12.92666],[77.47589,12.9267],[77.4774,12.92647],[77.4796,12.92592],[77.47971,12.92646],[77.47911,12.92701],[77.4792,12.92733],[77.48026,12.92764],[77.48099,12.92741],[77.48192,12.92891],[77.48222,12.92895],[77.48252,12.92927],[77.48287,12.93014],[77.4832,12.9306],[77.4832,12.93088],[77.48289,12.93126],[77.48347,12.93156],[77.48347,12.93184],[77.48307,12.93268],[77.48353,12.93292],[77.48362,12.93394],[77.48404,12.93527],[77.48413,12.93616],[77.48404,12.93624],[77.48418,12.93689],[77.47836,12.93756],[77.47627,12.93831],[77.47639,12.9386],[77.47474,12.93991],[77.47325,12.94033],[77.47423,12.94212],[77.47475,12.94342],[77.47507,12.94547],[77.47628,12.94882],[77.47552,12.94912],[77.47273,12.94927],[77.47243,12.94955],[77.46827,12.94944],[77.46801,12.94967],[77.46695,12.94969],[77.46538,12.94955],[77.464,12.94982],[77.46201,12.95053],[77.46111,12.95515]]]},"properties":{"osm_id":17416112,"zone_id":"W17416112","label":"Ramasandra","admin_level":"9"}},{"type":"Feature","geometry":{"type":"Polygon","coordinates":[[[77.46124,12.95561],[77.46111,12.95515],[77.45822,12.95148],[77.45744,12.94663],[77.45644,12.94663],[77.46124,12.95561]]]},"properties":{"osm_id":17416113,"zone_id":"W17416113","label":"Kenchanapura","admin_level":"9"}},{"type":"Feature","geometry":{"type":"Polygon","coordinates":[[[77.45644,12.94663],[77.4565,12.94476],[77.45529,12.94273],[77.4549,12.94278],[77.45439,12.94225],[77.4544,12.94023],[77.45426,12.93936],[77.45438,12.93857],[77.45424,12.93823],[77.45378,12.93771],[77.4531,12.93734],[77.45225,12.93743],[77.45149,12.93673],[77.45132,12.93607],[77.45206,12.93541],[77.45213,12.93515],[77.45207,12.93338],[77.4522,12.93222],[77.45644,12.94663]]]},"properties":{"osm_id":17416114,"zone_id":"W17416114","label":"Sulikere","admin_level":"9"}},{"type":"Feature","geometry":{"type":"Polygon","coordinates":[[[77.45115,12.98277],[77.45108,12.982],[77.45292,12.97747],[77.45413,12.97331],[77.45115,12.98277]]]},"properties":{"osm_id":17416115,"zone_id":"W17416115","label":"Shigehalli","admin_level":"9"}},{"type":"Feature","geometry":{"type":"Polygon","coordinates":[[[77.45097,12.88824],[77.45096,12.8884],[77.45493,12.89206],[77.45586,12.89237],[77.45587,12.89228],[77.45616,12.89234],[77.45612,12.89327],[77.45593,12.89355],[77.45675,12.89489],[77.45746,12.89501],[77.45787,12.89483],[77.4583,12.89493],[77.45964,12.89597],[77.46004,12.89644],[77.45997,12.89718],[77.46012,12.89721],[77.46068,12.8985],[77.46071,12.90003],[77.46032,12.90019],[77.4602,12.90039],[77.46005,12.90507],[77.46032,12.90661],[77.45697,12.90639],[77.45097,12.88824]]]},"properties":{"osm_id":17416118,"zone_id":"W17416118","label":"Challagatta","admin_level":"9"}},{"type":"Feature","geometry":{"type":"Polygon","coordinates":[[[77.45697,12.90639],[77.45743,12.90673],[77.45749,12.90786],[77.45789,12.90844],[77.45833,12.90999],[77.45762,12.9109],[77.45728,12.91171],[77.45739,12.91188],[77.4573,12.91191],[77.45724,12.91358],[77.45706,12.91359],[77.45148,12.91732],[77.45697,12.90639]]]},"properties":{"osm_id":17416119,"zone_id":"W17416119","label":"K Krishnasagara","admin_level":"9"}},{"type":"Feature","geometry":{"type":"Polygon","coordinates":[[[77.45148,12.91732],[77.45706,12.91359],[77.45724,12.91358],[77.4573,12.91191],[77.45739,12.91188],[77.45728,12.91171],[77.45762,12.9109],[77.45833,12.90999],[77.45789,12.90844],[77.45749,12.90786],[77.45743,12.90673],[77.45697,12.90639],[77.46032,12.90661],[77.46223,12.90644],[77.46372,12.90648],[77.46667,12.90688],[77.4665,12.91015],[77.46721,12.91126],[77.46819,12.91229],[77.47003,12.91513],[77.4709,12.91857],[77.4722,12.92262],[77.47319,12.92666],[77.47145,12.92698],[77.46835,12.92842],[77.46558,12.93016],[77.46514,12.93094],[77.46368,12.93186],[77.46324,12.93195],[77.46227,12.93278],[77.46189,12.93261],[77.46031,12.93333],[77.45923,12.9333],[77.45908,12.93282],[77.45744,12.93223],[77.45682,12.93217],[77.45662,12.93227],[77.45651,12.93162],[77.45689,12.93128],[77.45674,12.931],[77.45684,12.92991],[77.45708,12.92981],[77.45718,12.92788],[77.45639,12.92802],[77.45646,12.92937],[77.45614,12.93046],[77.45327,12.93239],[77.45308,12.93241],[77.45261,12.93213],[77.4522,12.93222],[77.45148,12.91732]]]},"properties":{"osm_id":17416120,"zone_id":"W17416120","label":"Kommagatta","admin_level":"9"}},{"type":"Feature","geometry":{"type":"Polygon","coordinates":[[[77.47583,12.87843],[77.47482,12.88005],[77.47494,12.88068],[77.47735,12.88275],[77.4789,12.88445],[77.47901,12.88474],[77.47877,12.88612],[77.47934,12.88623],[77.48014,12.88595],[77.48113,12.88595],[77.48249,12.88575],[77.48285,12.88595],[77.48297,12.8864],[77.48251,12.88755],[77.48224,12.88878],[77.48184,12.88956],[77.48134,12.89003],[77.481,12.89015],[77.48056,12.89008],[77.47999,12.88976],[77.47931,12.88979],[77.47921,12.89186],[77.47909,12.89214],[77.47783,12.89302],[77.47679,12.89443],[77.47664,12.8945],[77.47586,12.8942],[77.47549,12.89442],[77.47547,12.89469],[77.47587,12.89559],[77.47733,12.8965],[77.47669,12.897],[77.47469,12.89813],[77.47336,12.8984],[77.4724,12.89682],[77.47022,12.8941],[77.46938,12.89192],[77.46837,12.88848],[77.47151,12.88515],[77.47247,12.87925],[77.47479,12.87826],[77.47583,12.87843]]]},"properties":{"osm_id":17416121,"zone_id":"W17416121","label":"Doddabele","admin_level":"9"}},{"type":"Feature","geometry":{"type":"Polygon","coordinates":[[[77.46837,12.88848],[77.46868,12.88595],[77.46914,12.88588],[77.46882,12.88524],[77.46894,12.88423],[77.46867,12.882],[77.46885,12.88184],[77.46837,12.88043],[77.46853,12.88019],[77.47077,12.87974],[77.47247,12.87925],[77.47151,12.88515],[77.46837,12.88848]]]},"properties":{"osm_id":17416122,"zone_id":"W17416122","label":"Venkatapura","admin_level":"9"}},{"type":"Feature","geometry":{"type":"Polygon","coordinates":[[[77.46837,12.88848],[77.46868,12.88595],[77.46914,12.88588],[77.46882,12.88524],[77.46894,12.88423],[77.46867,12.882],[77.46885,12.88184],[77.46837,12.88043],[77.46853,12.88019],[77.47077,12.87974],[77.47247,12.87925],[77.47278,12.8789],[77.4731,12.87728],[77.47321,12.87724],[77.47322,12.87602],[77.47289,12.87223],[77.47055,12.8678],[77.47013,12.86777],[77.46974,12.86814],[77.46786,12.86924],[77.4668,12.86951],[77.46569,12.8692],[77.46406,12.87059],[77.46356,12.87045],[77.46186,12.86847],[77.46101,12.86614],[77.46077,12.86602],[77.45981,12.86599],[77.45886,12.86766],[77.45857,12.86794],[77.45791,12.86732],[77.45716,12.86734],[77.45712,12.86721],[77.45693,12.86719],[77.45653,12.86837],[77.45683,12.8688],[77.45704,12.86947],[77.45621,12.87057],[77.45453,12.87047],[77.45432,12.86979],[77.45378,12.86971],[77.45258,12.87013],[77.45208,12.87053],[77.45069,12.87311],[77.45198,12.87699],[77.45307,12.88687],[77.45145,12.88797],[77.45128,12.88774],[77.45102,12.88808],[77.45096,12.8884],[77.45493,12.89206],[77.45586,12.89237],[77.45587,12.89228],[77.45616,12.89234],[77.45612,12.89327],[77.45593,12.89355],[77.45666,12.8948],[77.45708,12.895],[77.45746,12.89501],[77.45787,12.89483],[77.4583,12.89493],[77.45908,12.8955],[77.46004,12.89644],[77.45997,12.89718],[77.46012,12.89721],[77.46068,12.8985],[77.46154,12.89872],[77.46223,12.89737],[77.46217,12.89729],[77.46586,12.89181],[77.46837,12.88848]]]},"properties":{"osm_id":17416123,"zone_id":"W17416123","label":"Kambipura","admin_level":"9"}},{"type":"Feature","geometry":{"type":"Polygon","coordinates":[[[77.47247,12.87925],[77.47278,12.8789],[77.4731,12.87728],[77.47321,12.87724],[77.47313,12.87471],[77.47348,12.87457],[77.47355,12.8744],[77.47444,12.87424],[77.47454,12.87473],[77.47538,12.87448],[77.47593,12.87323],[77.47542,12.87275],[77.47475,12.87128],[77.47544,12.87114],[77.47582,12.87087],[77.47625,12.87088],[77.47646,12.87198],[77.47654,12.87195],[77.47803,12.87118],[77.47826,12.86988],[77.47888,12.86953],[77.47948,12.86863],[77.48057,12.86891],[77.48085,12.86879],[77.48173,12.86886],[77.48382,12.86848],[77.48495,12.86843],[77.48483,12.86683],[77.48633,12.86668],[77.486,12.86894],[77.48669,12.86937],[77.4862,12.87117],[77.48461,12.8716],[77.48311,12.87412],[77.48271,12.87394],[77.48109,12.87411],[77.48113,12.87466],[77.48127,12.87456],[77.48134,12.87519],[77.48115,12.87527],[77.48151,12.87662],[77.48169,12.878],[77.47951,12.87793],[77.47865,12.87807],[77.47822,12.8779],[77.47775,12.87814],[77.477,12.87816],[77.47583,12.87843],[77.47479,12.87826],[77.47247,12.87925]]]},"properties":{"osm_id":17416540,"zone_id":"W17416540","label":"Kengeri Gollarahalli","admin_level":"9"}},{"type":"Feature","geometry":{"type":"Polygon","coordinates":[[[77.48707,12.84842],[77.48717,12.8485],[77.48689,12.8485],[77.48638,12.84813],[77.48659,12.84777],[77.48738,12.84779],[77.48751,12.84796],[77.48729,12.84821],[77.48709,12.84823],[77.48707,12.84842]]]},"properties":{"osm_id":17416554,"zone_id":"W17416554","label":"Badamanavarthekaval","admin_level":"9"}},{"type":"Feature","geometry":{"type":"Polygon","coordinates":[[[77.48707,12.84842],[77.48717,12.8485],[77.48689,12.8485],[77.48638,12.84813],[77.48659,12.84777],[77.48738,12.84779],[77.48751,12.84796],[77.48729,12.84821],[77.48709,12.84823],[77.48707,12.84842]]]},"properties":{"osm_id":17416555,"zone_id":"W17416555","label":"Agara","admin_level":"9"}},{"type":"Feature","geometry":{"type":"Polygon","coordinates":[[[77.55143,12.84792],[77.54571,12.84774],[77.54487,12.8476],[77.54478,12.84769],[77.54436,12.84699],[77.54458,12.84631],[77.54431,12.84437],[77.54277,12.84337],[77.54168,12.84333],[77.54149,12.84353],[77.54127,12.84427],[77.54049,12.84496],[77.53904,12.84532],[77.53833,12.8453],[77.53835,12.84489],[77.53793,12.84341],[77.53788,12.84247],[77.53757,12.84174],[77.53511,12.84095],[77.53391,12.83992],[77.53361,12.83991],[77.53343,12.8397],[77.52606,12.84064],[77.52352,12.83995],[77.52226,12.84541],[77.5216,12.84893],[77.51915,12.855],[77.51842,12.86108],[77.51891,12.86165],[77.51955,12.86212],[77.51975,12.86396],[77.52022,12.86634],[77.52292,12.87056],[77.52027,12.87218],[77.51944,12.87179],[77.51544,12.86788],[77.51241,12.86827],[77.51172,12.86811],[77.51069,12.869],[77.51027,12.86895],[77.50948,12.86996],[77.50846,12.87097],[77.50713,12.87297],[77.50626,12.87456],[77.50542,12.87659],[77.5051,12.87662],[77.50466,12.87699],[77.50321,12.87642],[77.50274,12.87609],[77.50233,12.87606],[77.50228,12.87583],[77.50155,12.87548],[77.50031,12.87453],[77.50031,12.8743],[77.49847,12.87328],[77.49753,12.87222],[77.49671,12.87323],[77.49521,12.8734],[77.49483,12.87193],[77.49291,12.87218],[77.49284,12.87235],[77.49255,12.87223],[77.49182,12.87075],[77.48902,12.87178],[77.4862,12.87117],[77.48669,12.86937],[77.486,12.86894],[77.48633,12.86668],[77.48483,12.86683],[77.48495,12.86843],[77.48382,12.86848],[77.48173,12.86886],[77.48085,12.86879],[77.48057,12.86891],[77.47948,12.86863],[77.47888,12.86953],[77.47826,12.86988],[77.47803,12.87118],[77.47654,12.87195],[77.47646,12.87198],[77.47625,12.87088],[77.47582,12.87087],[77.47544,12.87114],[77.47475,12.87128],[77.47542,12.87275],[77.47593,12.87323],[77.47574,12.87374],[77.47538,12.87448],[77.47472,12.87473],[77.47454,12.87473],[77.47444,12.87424],[77.47355,12.8744],[77.47348,12.87457],[77.47313,12.87471],[77.47289,12.87223],[77.47271,12.8718],[77.47055,12.8678],[77.47013,12.86777],[77.46908,12.86503],[77.46802,12.86473],[77.46811,12.8645],[77.46872,12.86431],[77.4689,12.86406],[77.46966,12.86376],[77.47004,12.86341],[77.46981,12.86288],[77.47032,12.86266],[77.47077,12.86216],[77.4707,12.86148],[77.4713,12.86018],[77.47136,12.85944],[77.47174,12.85939],[77.47128,12.85725],[77.47134,12.85526],[77.47147,12.85524],[77.47127,12.85423],[77.47154,12.85422],[77.47175,12.85341],[77.47278,12.85271],[77.47226,12.85121],[77.47133,12.84938],[77.47189,12.84871],[77.47185,12.84844],[77.47299,12.84806],[77.4729,12.84758],[77.47352,12.84737],[77.47349,12.84721],[77.47377,12.84718],[77.47405,12.84694],[77.47432,12.84706],[77.47526,12.84647],[77.47507,12.84478],[77.47463,12.84285],[77.4743,12.84203],[77.47368,12.84145],[77.47414,12.84101],[77.47374,12.83961],[77.47312,12.83954],[77.4728,12.8392],[77.47227,12.83821],[77.47091,12.83779],[77.4695,12.83687],[77.46958,12.83668],[77.55143,12.84792]]]},"properties":{"osm_id":17416556,"zone_id":"W17416556","label":"Badamanavarthekaval","admin_level":"9"}},{"type":"Feature","geometry":{"type":"Polygon","coordinates":[[[77.51544,12.86788],[77.51522,12.86761],[77.51541,12.86754],[77.51559,12.86701],[77.51481,12.86556],[77.51378,12.86591],[77.5135,12.86589],[77.51333,12.86557],[77.51286,12.86556],[77.51278,12.86531],[77.51224,12.86566],[77.51172,12.86441],[77.51182,12.86419],[77.51203,12.86415],[77.51243,12.86465],[77.51268,12.86462],[77.51301,12.86325],[77.5129,12.86119],[77.51256,12.86117],[77.51236,12.86095],[77.5124,12.86075],[77.51163,12.86074],[77.51129,12.8598],[77.51168,12.85897],[77.51173,12.85811],[77.5125,12.85788],[77.5129,12.8579],[77.51278,12.85752],[77.51215,12.85755],[77.51194,12.85738],[77.51165,12.85736],[77.51167,12.85712],[77.51191,12.85695],[77.51186,12.85679],[77.51141,12.85702],[77.51131,12.85723],[77.51062,12.85742],[77.51054,12.85717],[77.51143,12.85595],[77.511,12.85473],[77.51028,12.85487],[77.50935,12.85464],[77.50929,12.85504],[77.50908,12.855],[77.50906,12.85549],[77.50926,12.85701],[77.50912,12.85705],[77.50899,12.85619],[77.50851,12.85647],[77.50783,12.85642],[77.50749,12.85587],[77.50658,12.85625],[77.50672,12.85766],[77.50753,12.85908],[77.50757,12.85951],[77.50729,12.85962],[77.50734,12.85989],[77.50701,12.86004],[77.50639,12.85999],[77.50695,12.86179],[77.50787,12.86144],[77.50778,12.86116],[77.50801,12.86106],[77.50804,12.8609],[77.50837,12.8612],[77.50833,12.8624],[77.50823,12.86244],[77.50822,12.86283],[77.50805,12.86284],[77.50818,12.86368],[77.50909,12.86358],[77.50922,12.86388],[77.50955,12.86381],[77.50975,12.86481],[77.51114,12.8647],[77.51119,12.865],[77.51141,12.86497],[77.51155,12.8655],[77.51207,12.86611],[77.5121,12.86633],[77.51195,12.86684],[77.51163,12.86729],[77.51171,12.86742],[77.51152,12.86757],[77.51172,12.86811],[77.51241,12.86827],[77.51544,12.86788]]]},"properties":{"osm_id":17416557,"zone_id":"W17416557","label":"Rachanamadu","admin_level":"9"}},{"type":"Feature","geometry":{"type":"Polygon","coordinates":[[[77.47133,12.84938],[77.46967,12.84823],[77.46914,12.84804],[77.46866,12.84762],[77.46712,12.84728],[77.46713,12.84699],[77.46141,12.84637],[77.45965,12.84465],[77.45925,12.84242],[77.4593,12.84229],[77.46014,12.84185],[77.46049,12.84148],[77.46073,12.84082],[77.46055,12.84042],[77.46079,12.83963],[77.46066,12.83937],[77.46183,12.8382],[77.46194,12.83763],[77.46186,12.83739],[77.46161,12.83728],[77.46188,12.83663],[77.46334,12.83617],[77.46355,12.83641],[77.46383,12.83735],[77.46454,12.83826],[77.46554,12.83897],[77.46601,12.83909],[77.46643,12.83904],[77.46665,12.83811],[77.46697,12.83744],[77.46842,12.83691],[77.46958,12.83668],[77.4695,12.83687],[77.47091,12.83779],[77.47227,12.83821],[77.4728,12.8392],[77.47312,12.83954],[77.47374,12.83961],[77.47414,12.84101],[77.47368,12.84145],[77.4743,12.84203],[77.47463,12.84285],[77.47507,12.84478],[77.47526,12.84647],[77.47432,12.84706],[77.47405,12.84694],[77.47377,12.84718],[77.47349,12.84721],[77.47352,12.84737],[77.4729,12.84758],[77.47299,12.84806],[77.47185,12.84844],[77.47189,12.84871],[77.47133,12.84938]]]},"properties":{"osm_id":17416558,"zone_id":"W17416558","label":"Gangasandra","admin_level":"9"}},{"type":"Feature","geometry":{"type":"Polygon","coordinates":[[[77.46188,12.83663],[77.46161,12.83728],[77.46186,12.83739],[77.46194,12.83763],[77.46183,12.8382],[77.46066,12.83937],[77.46079,12.83963],[77.46055,12.84042],[77.46073,12.84082],[77.46049,12.84148],[77.46014,12.84185],[77.4593,12.84229],[77.45925,12.84242],[77.4584,12.84221],[77.45839,12.84177],[77.45817,12.84149],[77.45692,12.84031],[77.45651,12.84029],[77.45625,12.83968],[77.45452,12.84027],[77.45383,12.83889],[77.45325,12.83887],[77.46188,12.83663]]]},"properties":{"osm_id":17416559,"zone_id":"W17416559","label":"Vasanthanahalli","admin_level":"9"}},{"type":"Feature","geometry":{"type":"Polygon","coordinates":[[[77.47133,12.84938],[77.46967,12.84823],[77.46914,12.84804],[77.46866,12.84762],[77.46712,12.84728],[77.46713,12.84699],[77.46141,12.84637],[77.46151,12.84642],[77.45887,12.84843],[77.45654,12.85118],[77.45686,12.85326],[77.45677,12.85424],[77.45699,12.85464],[77.45817,12.85845],[77.4587,12.8591],[77.45936,12.85956],[77.46097,12.86219],[77.4621,12.86339],[77.46237,12.86348],[77.46487,12.86349],[77.46525,12.86376],[77.46552,12.86431],[77.46609,12.86446],[77.46599,12.86462],[77.46802,12.86473],[77.46811,12.8645],[77.46872,12.86431],[77.4689,12.86406],[77.46966,12.86376],[77.47004,12.86341],[77.46981,12.86288],[77.47032,12.86266],[77.47077,12.86216],[77.4707,12.86148],[77.4713,12.86018],[77.47136,12.85944],[77.47174,12.85939],[77.47128,12.85725],[77.47134,12.85526],[77.47147,12.85524],[77.47127,12.85423],[77.47154,12.85422],[77.47175,12.85341],[77.47278,12.85271],[77.47226,12.85121],[77.47133,12.84938]]]},"properties":{"osm_id":17416560,"zone_id":"W17416560","label":"Devagere","admin_level":"9"}},{"type":"Feature","geometry":{"type":"Polygon","coordinates":[[[77.47013,12.86777],[77.46908,12.86503],[77.46802,12.86473],[77.46599,12.86462],[77.46609,12.86446],[77.46552,12.86431],[77.46525,12.86376],[77.46487,12.86349],[77.46237,12.86348],[77.46185,12.86317],[77.46057,12.86162],[77.45936,12.85956],[77.4587,12.8591],[77.45817,12.85845],[77.45699,12.85464],[77.45677,12.85424],[77.45683,12.8531],[77.454,12.85474],[77.4535,12.85534],[77.45259,12.85548],[77.4522,12.85574],[77.45267,12.85586],[77.45334,12.85709],[77.45367,12.85825],[77.45483,12.85991],[77.45484,12.86049],[77.4546,12.8615],[77.45447,12.86159],[77.45514,12.86239],[77.45568,12.8645],[77.45614,12.86459],[77.45643,12.86524],[77.45685,12.86573],[77.45677,12.86583],[77.45695,12.86645],[77.45716,12.86647],[77.45724,12.86689],[77.45736,12.8668],[77.45743,12.8671],[77.45767,12.86705],[77.45768,12.86731],[77.45817,12.86748],[77.45857,12.86794],[77.45886,12.86766],[77.45981,12.86599],[77.46077,12.86602],[77.46101,12.86614],[77.46186,12.86847],[77.46356,12.87045],[77.46406,12.87059],[77.46569,12.8692],[77.4668,12.86951],[77.46786,12.86924],[77.46974,12.86814],[77.47013,12.86777]]]},"properties":{"osm_id":17416561,"zone_id":"W17416561","label":"Gudimavu","admin_level":"9"}},{"type":"Feature","geometry":{"type":"Polygon","coordinates":[[[77.45069,12.87311],[77.45208,12.87053],[77.45258,12.87013],[77.45378,12.86971],[77.45432,12.86979],[77.45453,12.87047],[77.45621,12.87057],[77.45704,12.86947],[77.45683,12.8688],[77.45653,12.86837],[77.45693,12.86719],[77.45712,12.86721],[77.45716,12.86734],[77.45768,12.86731],[77.45767,12.86705],[77.45743,12.8671],[77.45736,12.8668],[77.45724,12.86689],[77.45716,12.86647],[77.45695,12.86645],[77.45677,12.86583],[77.45685,12.86573],[77.45643,12.86524],[77.45614,12.86459],[77.45568,12.8645],[77.45514,12.86239],[77.45447,12.86159],[77.4546,12.8615],[77.45484,12.86049],[77.45483,12.85991],[77.45367,12.85825],[77.45334,12.85709],[77.45267,12.85586],[77.4525,12.85576],[77.4522,12.85575],[77.45069,12.87311]]]},"properties":{"osm_id":17416562,"zone_id":"W17416562","label":"Thagachakuppe","admin_level":"9"}},{"type":"Feature","geometry":{"type":"Polygon","coordinates":[[[77.4522,12.85575],[77.45259,12.85548],[77.4535,12.85534],[77.454,12.85474],[77.45683,12.8531],[77.45654,12.85118],[77.45887,12.84843],[77.46151,12.84642],[77.45965,12.84465],[77.45925,12.84242],[77.4584,12.84221],[77.45839,12.84177],[77.45817,12.84149],[77.45692,12.84031],[77.45651,12.84029],[77.45625,12.83968],[77.45452,12.84027],[77.45383,12.83889],[77.45343,12.83884],[77.45325,12.83887],[77.4522,12.85575]]]},"properties":{"osm_id":17416566,"zone_id":"W17416566","label":"Kumbalagodu Gollahalli","admin_level":"9"}},{"type":"Feature","geometry":{"type":"Polygon","coordinates":[[[77.46188,12.83663],[77.46334,12.83617],[77.46355,12.83641],[77.46383,12.83735],[77.46454,12.83826],[77.46554,12.83897],[77.46601,12.83909],[77.46643,12.83904],[77.46665,12.83811],[77.46697,12.83744],[77.46842,12.83691],[77.46958,12.83668],[77.46188,12.83663]]]},"properties":{"osm_id":17416571,"zone_id":"W17416571","label":"Chinna Kuruchi","admin_level":"9"}},{"type":"Feature","geometry":{"type":"Polygon","coordinates":[[[77.45069,12.87311],[77.45198,12.87699],[77.45307,12.88687],[77.45145,12.88797],[77.45128,12.88774],[77.45097,12.88824],[77.45069,12.87311]]]},"properties":{"osm_id":17416624,"zone_id":"W17416624","label":"Kumbalagodu","admin_level":"9"}},{"type":"Feature","geometry":{"type":"Polygon","coordinates":[[[77.47785,13.10558],[77.48187,13.10492],[77.48307,13.10483],[77.48704,13.10549],[77.49271,13.10736],[77.49775,13.1088],[77.47785,13.10558]]]},"properties":{"osm_id":17417748,"zone_id":"W17417748","label":"Huralichikkanahalli","admin_level":"9"}},{"type":"Feature","geometry":{"type":"Polygon","coordinates":[[[77.49775,13.1088],[77.49965,13.10773],[77.49962,13.1076],[77.50188,13.10594],[77.50552,13.1042],[77.49775,13.1088]]]},"properties":{"osm_id":17417749,"zone_id":"W17417749","label":"Kasaghattapura","admin_level":"9"}},{"type":"Feature","geometry":{"type":"Polygon","coordinates":[[[77.52534,13.10253],[77.5255,13.10238],[77.52761,13.10588],[77.52809,13.10647],[77.52837,13.10661],[77.53159,13.10693],[77.53614,13.10685],[77.53618,13.10699],[77.52534,13.10253]]]},"properties":{"osm_id":17417752,"zone_id":"W17417752","label":"Byalakere","admin_level":"9"}},{"type":"Feature","geometry":{"type":"Polygon","coordinates":[[[77.53618,13.10699],[77.53858,13.10672],[77.54099,13.10626],[77.54412,13.10598],[77.54645,13.10628],[77.53618,13.10699]]]},"properties":{"osm_id":17417757,"zone_id":"W17417757","label":"Jarakabandekaval","admin_level":"9"}},{"type":"Feature","geometry":{"type":"Polygon","coordinates":[[[77.53,13.08217],[77.52859,13.08217],[77.52799,13.08237],[77.52749,13.08276],[77.52565,13.08294],[77.52566,13.08353],[77.52547,13.08361],[77.52354,13.08357],[77.52345,13.08811],[77.52378,13.09307],[77.52969,13.09245],[77.53439,13.09214],[77.53545,13.09017],[77.54071,13.08997],[77.53909,13.08701],[77.53795,13.08576],[77.53688,13.08379],[77.53507,13.0838],[77.53172,13.08307],[77.53084,13.08281],[77.53,13.08217]]]},"properties":{"osm_id":17417779,"zone_id":"W17417779","label":"Lakshmipura","admin_level":"9"}},{"type":"Feature","geometry":{"type":"Polygon","coordinates":[[[77.54071,13.08997],[77.54077,13.09188],[77.54221,13.09429],[77.5424,13.09566],[77.54443,13.10079],[77.54424,13.1008],[77.54415,13.10145],[77.53817,13.10445],[77.53564,13.09971],[77.53543,13.09908],[77.53517,13.09822],[77.53495,13.09556],[77.5342,13.09428],[77.5344,13.09429],[77.53434,13.09213],[77.53545,13.09017],[77.54071,13.08997]]]},"properties":{"osm_id":17417780,"zone_id":"W17417780","label":"Vaderahalli","admin_level":"9"}},{"type":"Feature","geometry":{"type":"Polygon","coordinates":[[[77.53628,13.10702],[77.53826,13.10435],[77.5406,13.1033],[77.54423,13.10132],[77.5449,13.10138],[77.54807,13.10103],[77.55079,13.10095],[77.55098,13.10276],[77.55066,13.10373],[77.55042,13.10398],[77.54949,13.10419],[77.54935,13.10521],[77.54948,13.10623],[77.54769,13.10646],[77.54412,13.10598],[77.54099,13.10626],[77.53628,13.10702]]]},"properties":{"osm_id":17417781,"zone_id":"W17417781","label":"Shyamarajapura","admin_level":"9"}},{"type":"Feature","geometry":{"type":"Polygon","coordinates":[[[77.54645,13.10628],[77.54796,13.10646],[77.54948,13.10623],[77.54935,13.10521],[77.54949,13.10419],[77.55042,13.10398],[77.55066,13.10373],[77.55098,13.10276],[77.55079,13.10095],[77.55508,13.10034],[77.55514,13.10044],[77.55555,13.10032],[77.55561,13.10041],[77.55616,13.10023],[77.55655,13.10071],[77.55733,13.10042],[77.55746,13.10073],[77.55713,13.10087],[77.5573,13.10117],[77.55898,13.10308],[77.55931,13.10331],[77.55892,13.10334],[77.55903,13.10434],[77.55996,13.10584],[77.56066,13.10737],[77.54645,13.10628]]]},"properties":{"osm_id":17417782,"zone_id":"W17417782","label":"Veerasagara","admin_level":"9"}},{"type":"Feature","geometry":{"type":"Polygon","coordinates":[[[77.53628,13.10702],[77.53817,13.10445],[77.53564,13.09971],[77.53517,13.09822],[77.535,13.09621],[77.53392,13.09696],[77.52811,13.09914],[77.52753,13.09947],[77.52787,13.1001],[77.52721,13.10037],[77.5269,13.10037],[77.52637,13.1009],[77.52606,13.10211],[77.52558,13.10251],[77.52761,13.10588],[77.52818,13.10653],[77.53139,13.10692],[77.53614,13.10685],[77.53628,13.10702]]]},"properties":{"osm_id":17417783,"zone_id":"W17417783","label":"Modi Agrahara","admin_level":"9"}},{"type":"Feature","geometry":{"type":"Polygon","coordinates":[[[77.52534,13.10253],[77.5255,13.10238],[77.52558,13.10251],[77.52606,13.10211],[77.52626,13.10111],[77.5269,13.10037],[77.52721,13.10037],[77.52787,13.1001],[77.52753,13.09947],[77.52918,13.09869],[77.53392,13.09696],[77.535,13.09621],[77.53495,13.09556],[77.5342,13.09428],[77.5344,13.09429],[77.53434,13.09213],[77.52969,13.09245],[77.52378,13.09307],[77.52173,13.09336],[77.51984,13.09388],[77.51814,13.09381],[77.51598,13.09352],[77.51554,13.09368],[77.51497,13.09491],[77.51506,13.09487],[77.51621,13.0957],[77.51718,13.09729],[77.52143,13.10186],[77.5233,13.10182],[77.52372,13.10191],[77.52401,13.1018],[77.52486,13.10206],[77.52534,13.10253]]]},"properties":{"osm_id":17417784,"zone_id":"W17417784","label":"Gune Agrahara","admin_level":"9"}},{"type":"Feature","geometry":{"type":"Polygon","coordinates":[[[77.52534,13.10253],[77.52486,13.10206],[77.52401,13.1018],[77.52372,13.10191],[77.5233,13.10182],[77.52143,13.10186],[77.51718,13.09729],[77.51621,13.0957],[77.51506,13.09487],[77.50817,13.09795],[77.50493,13.09893],[77.50485,13.09925],[77.50552,13.1042],[77.52534,13.10253]]]},"properties":{"osm_id":17417785,"zone_id":"W17417785","label":"Kalathammanahalli","admin_level":"9"}},{"type":"Feature","geometry":{"type":"Polygon","coordinates":[[[77.48448,13.09794],[77.48411,13.0979],[77.48426,13.09712],[77.48407,13.0969],[77.48328,13.09442],[77.48327,13.09225],[77.48296,13.0905],[77.48238,13.08829],[77.48177,13.08373],[77.48423,13.0835],[77.48628,13.08411],[77.48807,13.0843],[77.48876,13.08437],[77.49027,13.08418],[77.49102,13.08421],[77.49111,13.08499],[77.49158,13.08612],[77.49236,13.08945],[77.49309,13.09072],[77.49354,13.09117],[77.49276,13.09194],[77.49401,13.09453],[77.49384,13.09468],[77.49391,13.09559],[77.49351,13.09656],[77.49361,13.09662],[77.4929,13.09715],[77.49191,13.09718],[77.4918,13.09697],[77.4913,13.097],[77.4912,13.09639],[77.49057,13.09639],[77.48987,13.09686],[77.48938,13.09624],[77.48783,13.09676],[77.48668,13.09745],[77.48672,13.09758],[77.48448,13.09794]]]},"properties":{"osm_id":17417786,"zone_id":"W17417786","label":"Soladevanahalli","admin_level":"9"}},{"type":"Feature","geometry":{"type":"Polygon","coordinates":[[[77.49361,13.09662],[77.4929,13.09715],[77.49191,13.09718],[77.4918,13.09697],[77.4913,13.097],[77.4912,13.09639],[77.49057,13.09639],[77.48987,13.09686],[77.48938,13.09624],[77.48783,13.09676],[77.48668,13.09745],[77.48672,13.09758],[77.48448,13.09794],[77.48512,13.1007],[77.48504,13.10096],[77.4854,13.10365],[77.48583,13.10529],[77.48704,13.10549],[77.48904,13.10622],[77.49773,13.10882],[77.49965,13.10773],[77.49943,13.10702],[77.49828,13.10519],[77.49817,13.10475],[77.49751,13.10494],[77.49631,13.10071],[77.49422,13.09645],[77.49399,13.09683],[77.49361,13.09662]]]},"properties":{"osm_id":17417787,"zone_id":"W17417787","label":"Kumbarahalli","admin_level":"9"}},{"type":"Feature","geometry":{"type":"Polygon","coordinates":[[[77.50552,13.1042],[77.5049,13.09905],[77.50365,13.09668],[77.50333,13.0949],[77.50328,13.09388],[77.49843,13.09454],[77.49628,13.09453],[77.49535,13.09435],[77.49481,13.09411],[77.49384,13.09468],[77.49391,13.09559],[77.49351,13.09656],[77.49399,13.09683],[77.49422,13.09645],[77.49631,13.10071],[77.49751,13.10494],[77.49817,13.10475],[77.49828,13.10519],[77.49943,13.10702],[77.49961,13.10761],[77.50188,13.10594],[77.50552,13.1042]]]},"properties":{"osm_id":17417788,"zone_id":"W17417788","label":"Kempapura","admin_level":"9"}},{"type":"Feature","geometry":{"type":"Polygon","coordinates":[[[77.47588,13.10575],[77.47544,13.10557],[77.47511,13.10584],[77.47513,13.10601],[77.47588,13.10575]]]},"properties":{"osm_id":17417789,"zone_id":"W17417789","label":"Thorenagasandra","admin_level":"9"}},{"type":"Feature","geometry":{"type":"Polygon","coordinates":[[[77.47438,13.10847],[77.47304,13.10636],[77.47265,13.10508],[77.47202,13.10382],[77.47248,13.10308],[77.4726,13.10189],[77.47238,13.09943],[77.47213,13.0981],[77.47231,13.09781],[77.47229,13.09714],[77.47301,13.09724],[77.47392,13.09712],[77.47424,13.09731],[77.47429,13.09761],[77.47459,13.0979],[77.47461,13.099],[77.47501,13.09935],[77.47558,13.09957],[77.47566,13.10038],[77.47557,13.10062],[77.47459,13.10157],[77.47377,13.10349],[77.47382,13.10409],[77.47426,13.10481],[77.4748,13.10524],[77.47572,13.10555],[77.47785,13.10558],[77.47438,13.10847]]]},"properties":{"osm_id":17417790,"zone_id":"W17417790","label":"Hesaraghatta","admin_level":"9"}},{"type":"Feature","geometry":{"type":"Polygon","coordinates":[[[77.47785,13.10558],[77.48187,13.10492],[77.48307,13.10483],[77.48583,13.10529],[77.4854,13.10365],[77.4849,13.09951],[77.48465,13.09887],[77.48456,13.09802],[77.48443,13.09789],[77.48048,13.09814],[77.47967,13.09836],[77.47926,13.09866],[77.47809,13.09891],[77.47792,13.09879],[77.47735,13.09884],[77.47651,13.09909],[77.47558,13.09957],[77.47566,13.10038],[77.47557,13.10062],[77.47459,13.10157],[77.47377,13.10349],[77.47382,13.10409],[77.47426,13.10481],[77.4748,13.10524],[77.47572,13.10555],[77.47785,13.10558]]]},"properties":{"osm_id":17417791,"zone_id":"W17417791","label":"Tharabanahalli","admin_level":"9"}},{"type":"Feature","geometry":{"type":"Polygon","coordinates":[[[77.48411,13.0979],[77.48426,13.09712],[77.48407,13.0969],[77.48328,13.09442],[77.48327,13.09225],[77.48296,13.0905],[77.48238,13.08829],[77.48177,13.08373],[77.47913,13.08385],[77.47504,13.08471],[77.47377,13.08518],[77.47333,13.08518],[77.47191,13.08567],[77.47107,13.08624],[77.4696,13.08665],[77.46934,13.08696],[77.46921,13.08739],[77.46845,13.08808],[77.46836,13.08844],[77.46876,13.08881],[77.47004,13.0892],[77.47019,13.08975],[77.46992,13.09131],[77.46999,13.0922],[77.47024,13.0926],[77.47071,13.09301],[77.4719,13.09322],[77.47275,13.09395],[77.47285,13.09418],[77.47282,13.09516],[77.47251,13.09547],[77.47228,13.09619],[77.47239,13.09716],[77.47301,13.09724],[77.47392,13.09712],[77.47424,13.09731],[77.47429,13.09761],[77.47459,13.0979],[77.47461,13.099],[77.47501,13.09935],[77.47558,13.09957],[77.47651,13.09909],[77.47735,13.09884],[77.47792,13.09879],[77.47809,13.09891],[77.47926,13.09866],[77.47967,13.09836],[77.48048,13.09814],[77.48411,13.0979]]]},"properties":{"osm_id":17417792,"zone_id":"W17417792","label":"Sasiveghatta","admin_level":"9"}},{"type":"Feature","geometry":{"type":"Polygon","coordinates":[[[77.70237,13.10839],[77.70118,13.10331],[77.70054,13.10319],[77.70051,13.10309],[77.7005,13.10289],[77.70183,13.10033],[77.70826,13.09748],[77.70995,13.0966],[77.71068,13.09643],[77.7107,13.09584],[77.71147,13.09573],[77.71152,13.09535],[77.71178,13.09531],[77.71265,13.09437],[77.71349,13.09383],[77.7138,13.09266],[77.71389,13.09098],[77.71625,13.09091],[77.71945,13.09133],[77.71987,13.09155],[77.71989,13.09175],[77.72195,13.093],[77.72159,13.0967],[77.7215,13.10657],[77.70237,13.10839]]]},"properties":{"osm_id":17417793,"zone_id":"W17417793","label":"Marasandra","admin_level":"9"}},{"type":"Feature","geometry":{"type":"Polygon","coordinates":[[[77.66443,13.10881],[77.66437,13.10822],[77.66018,13.10844],[77.66443,13.10881]]]},"properties":{"osm_id":17417794,"zone_id":"W17417794","label":"Bagaluru","admin_level":"9"}},{"type":"Feature","geometry":{"type":"Polygon","coordinates":[[[77.70237,13.10839],[77.70118,13.10331],[77.70054,13.10319],[77.7005,13.10289],[77.67979,13.10025],[77.67855,13.10019],[77.6788,13.10046],[77.67262,13.107],[77.67251,13.10677],[77.67181,13.10732],[77.67008,13.10941],[77.67012,13.10953],[77.70237,13.10839]]]},"properties":{"osm_id":17417810,"zone_id":"W17417810","label":"Marenahalli","admin_level":"9"}},{"type":"Feature","geometry":{"type":"Polygon","coordinates":[[[77.69788,12.88504],[77.6974,12.88603],[77.69715,12.88935],[77.69722,12.88959],[77.6969,12.89008],[77.69684,12.89119],[77.69659,12.89125],[77.69637,12.89174],[77.69713,12.89288],[77.69744,12.89382],[77.69613,12.89468],[77.69614,12.89491],[77.69488,12.89537],[77.69566,12.89655],[77.69554,12.89699],[77.69464,12.89744],[77.69401,12.89816],[77.69454,12.89908],[77.69448,12.89944],[77.69362,12.8995],[77.69217,12.8993],[77.69221,12.89688],[77.6921,12.89622],[77.69102,12.89375],[77.69078,12.89215],[77.69047,12.89149],[77.68909,12.8866],[77.68818,12.88433],[77.68757,12.88241],[77.68861,12.88218],[77.69051,12.88071],[77.68985,12.8793],[77.69129,12.87915],[77.69152,12.87992],[77.69665,12.87868],[77.69985,12.87864],[77.69891,12.88186],[77.69863,12.88351],[77.69788,12.88504]]]},"properties":{"osm_id":17421294,"zone_id":"W17421294","label":"Chikkanayakanahalli","admin_level":"9"}},{"type":"Feature","geometry":{"type":"Polygon","coordinates":[[[77.69132,12.90235],[77.69132,12.90144],[77.69075,12.90144],[77.69075,12.90224],[77.6925,12.90237],[77.69216,12.89929],[77.69221,12.89688],[77.6921,12.89622],[77.69102,12.89375],[77.69078,12.89215],[77.69047,12.89149],[77.68903,12.88665],[77.68508,12.89014],[77.68476,12.89022],[77.68212,12.89208],[77.67837,12.89308],[77.67724,12.89429],[77.67959,12.8976],[77.68228,12.89996],[77.68217,12.90016],[77.68222,12.90087],[77.68245,12.90143],[77.68422,12.90164],[77.68445,12.90187],[77.68532,12.90188],[77.68553,12.90218],[77.68621,12.90237],[77.68745,12.90245],[77.68758,12.90334],[77.68632,12.90388],[77.68578,12.90443],[77.68731,12.90473],[77.68685,12.90645],[77.68737,12.90654],[77.68775,12.90644],[77.68812,12.90613],[77.68826,12.90549],[77.69093,12.90553],[77.69108,12.90492],[77.69119,12.90491],[77.6912,12.90441],[77.6889,12.90449],[77.68909,12.90423],[77.69145,12.9042],[77.69162,12.90359],[77.69115,12.90293],[77.69132,12.90235]]]},"properties":{"osm_id":17421295,"zone_id":"W17421295","label":"Halanayakanahalli","admin_level":"9"}},{"type":"Feature","geometry":{"type":"Polygon","coordinates":[[[77.69132,12.90235],[77.69132,12.90144],[77.69075,12.90144],[77.69075,12.90224],[77.69132,12.90235]]]},"properties":{"osm_id":17421296,"zone_id":"W17421296","label":"Chikkakanneli","admin_level":"9"}},{"type":"Feature","geometry":{"type":"Polygon","coordinates":[[[77.69145,12.9042],[77.6914,12.90439],[77.6889,12.90449],[77.68909,12.90423],[77.69145,12.9042]]]},"properties":{"osm_id":17421297,"zone_id":"W17421297","label":"Chikkakanneli","admin_level":"9"}},{"type":"Feature","geometry":{"type":"Polygon","coordinates":[[[77.74473,12.91372],[77.74436,12.91017],[77.74431,12.90921],[77.74446,12.90901],[77.74401,12.90915],[77.74232,12.90902],[77.74244,12.90861],[77.74012,12.90691],[77.73999,12.90648],[77.73997,12.90547],[77.73925,12.90136],[77.73983,12.89428],[77.73369,12.89833],[77.73323,12.89918],[77.73151,12.90082],[77.72753,12.90312],[77.72794,12.90589],[77.72628,12.90661],[77.72761,12.91089],[77.72766,12.91384],[77.72757,12.91441],[77.7305,12.91421],[77.73207,12.91392],[77.73267,12.91418],[77.73428,12.91413],[77.73445,12.9132],[77.73728,12.9135],[77.73735,12.91464],[77.73751,12.91472],[77.73862,12.9143],[77.7408,12.91455],[77.74318,12.91384],[77.74473,12.91372]]]},"properties":{"osm_id":17421298,"zone_id":"W17421298","label":"Kachamaranahalli","admin_level":"9"}},{"type":"Feature","geometry":{"type":"Polygon","coordinates":[[[77.69132,12.90235],[77.69115,12.90293],[77.69162,12.90359],[77.69153,12.90398],[77.69281,12.90414],[77.69309,12.90445],[77.69339,12.90449],[77.69534,12.90407],[77.69563,12.90424],[77.69588,12.90402],[77.69626,12.90399],[77.69636,12.90413],[77.69696,12.90407],[77.69766,12.90418],[77.69785,12.90454],[77.70082,12.90403],[77.7024,12.90358],[77.70289,12.90409],[77.70687,12.90194],[77.70475,12.89973],[77.70232,12.90074],[77.7018,12.89997],[77.69895,12.89695],[77.69905,12.89684],[77.69795,12.89505],[77.69744,12.89382],[77.69613,12.89468],[77.69614,12.89491],[77.69488,12.89537],[77.69566,12.89655],[77.69554,12.89699],[77.69464,12.89744],[77.69401,12.89816],[77.69454,12.89908],[77.69448,12.89944],[77.69362,12.8995],[77.69217,12.8993],[77.6925,12.90237],[77.69132,12.90235]]]},"properties":{"osm_id":17421299,"zone_id":"W17421299","label":"Chikkakanneli","admin_level":"9"}},{"type":"Feature","geometry":{"type":"Polygon","coordinates":[[[77.72628,12.90661],[77.72794,12.90589],[77.72753,12.90312],[77.73151,12.90082],[77.73323,12.89918],[77.73355,12.89858],[77.72969,12.9],[77.72859,12.90052],[77.72736,12.90076],[77.7256,12.90069],[77.72489,12.9004],[77.72445,12.89866],[77.7242,12.89673],[77.72241,12.89671],[77.72227,12.89724],[77.72236,12.89761],[77.72319,12.89755],[77.72328,12.89831],[77.72312,12.89881],[77.72324,12.89885],[77.7232,12.89925],[77.72277,12.89928],[77.72272,12.89898],[77.72141,12.89926],[77.72156,12.89934],[77.72143,12.89958],[77.72155,12.89961],[77.72278,12.89951],[77.72275,12.89981],[77.72145,12.89987],[77.72143,12.90017],[77.72282,12.9001],[77.72293,12.90057],[77.72269,12.90113],[77.7227,12.90162],[77.72242,12.90191],[77.7225,12.90336],[77.7221,12.90451],[77.72191,12.90454],[77.72162,12.90421],[77.72155,12.90381],[77.72115,12.90385],[77.72112,12.90409],[77.72005,12.90366],[77.71968,12.90372],[77.71947,12.90362],[77.72057,12.90186],[77.72086,12.90165],[77.72085,12.90132],[77.72126,12.90023],[77.72117,12.8998],[77.72132,12.89926],[77.72095,12.89851],[77.72106,12.89814],[77.72102,12.89696],[77.72086,12.89681],[77.72056,12.89679],[77.72039,12.8965],[77.71891,12.89728],[77.71216,12.89944],[77.7109,12.90029],[77.70699,12.90177],[77.70687,12.90203],[77.70709,12.9033],[77.708,12.90645],[77.70835,12.90815],[77.70949,12.90794],[77.7113,12.90786],[77.71423,12.90808],[77.7156,12.90749],[77.71612,12.90739],[77.71729,12.90875],[77.71764,12.90897],[77.71791,12.90887],[77.71786,12.90837],[77.71921,12.90814],[77.71971,12.90821],[77.71967,12.90875],[77.72075,12.90889],[77.72076,12.90822],[77.72281,12.90726],[77.7233,12.90727],[77.72628,12.90661]]]},"properties":{"osm_id":17421300,"zone_id":"W17421300","label":"Mulluru","admin_level":"9"}},{"type":"Feature","geometry":{"type":"Polygon","coordinates":[[[77.7221,12.8984],[77.72215,12.89881],[77.72155,12.89891],[77.72144,12.89841],[77.7221,12.8984]]]},"properties":{"osm_id":17421301,"zone_id":"W17421301","label":"Mulluru","admin_level":"9"}},{"type":"Feature","geometry":{"type":"Polygon","coordinates":[[[77.70687,12.90203],[77.70676,12.90173],[77.70688,12.89985],[77.704,12.89603],[77.70359,12.894],[77.70314,12.89332],[77.70292,12.89187],[77.7034,12.89068],[77.70371,12.89035],[77.70341,12.88948],[77.70153,12.88935],[77.70133,12.88884],[77.69998,12.8868],[77.69788,12.88504],[77.69863,12.88351],[77.69891,12.88186],[77.69985,12.87864],[77.70416,12.878],[77.70427,12.87836],[77.70737,12.87726],[77.71247,12.87741],[77.71244,12.87804],[77.71592,12.87679],[77.71654,12.87846],[77.71826,12.87783],[77.71871,12.87718],[77.72129,12.878],[77.72204,12.8809],[77.72266,12.88412],[77.72252,12.88421],[77.72267,12.88479],[77.72254,12.88495],[77.72329,12.89185],[77.7236,12.89317],[77.72409,12.89366],[77.72393,12.89447],[77.72375,12.89479],[77.72401,12.89669],[77.72241,12.89671],[77.72227,12.89724],[77.72236,12.89761],[77.72319,12.89755],[77.72329,12.8981],[77.72312,12.89881],[77.72324,12.89885],[77.7232,12.89925],[77.72277,12.89928],[77.72272,12.89898],[77.72141,12.89926],[77.72156,12.89934],[77.72143,12.89958],[77.72155,12.89961],[77.72278,12.89951],[77.72275,12.89981],[77.72145,12.89987],[77.72143,12.90017],[77.72282,12.9001],[77.72293,12.90057],[77.72269,12.90113],[77.7227,12.90162],[77.72242,12.90191],[77.7225,12.90336],[77.7221,12.90451],[77.72191,12.90454],[77.72162,12.90421],[77.72155,12.90381],[77.72115,12.90385],[77.72112,12.90409],[77.72005,12.90366],[77.71968,12.90372],[77.71947,12.90362],[77.72057,12.90186],[77.72086,12.90165],[77.72085,12.90132],[77.72126,12.90023],[77.72117,12.8998],[77.72132,12.89926],[77.72095,12.89851],[77.72106,12.89814],[77.72102,12.89696],[77.72086,12.89681],[77.72056,12.89679],[77.72039,12.8965],[77.71891,12.89728],[77.71216,12.89944],[77.7109,12.90029],[77.70699,12.90177],[77.70687,12.90203]]]},"properties":{"osm_id":17421302,"zone_id":"W17421302","label":"Kodathi","admin_level":"9"}},{"type":"Feature","geometry":{"type":"Polygon","coordinates":[[[77.69788,12.88504],[77.6974,12.88603],[77.69715,12.88935],[77.69722,12.88959],[77.6969,12.89008],[77.69684,12.89119],[77.69659,12.89125],[77.69637,12.89174],[77.69713,12.89288],[77.69782,12.8948],[77.69905,12.89684],[77.69895,12.89695],[77.7018,12.89997],[77.70232,12.90074],[77.70475,12.89973],[77.70676,12.90173],[77.70688,12.89985],[77.704,12.89603],[77.70359,12.894],[77.70314,12.89332],[77.70292,12.89187],[77.7034,12.89068],[77.70371,12.89035],[77.70341,12.88948],[77.70153,12.88935],[77.70133,12.88884],[77.69998,12.8868],[77.69788,12.88504]]]},"properties":{"osm_id":17421303,"zone_id":"W17421303","label":"Hadosiddapura","admin_level":"9"}},{"type":"Feature","geometry":{"type":"Polygon","coordinates":[[[77.73406,12.8736],[77.73117,12.87375],[77.72764,12.87532],[77.72531,12.87683],[77.72122,12.87803],[77.72204,12.8809],[77.72266,12.88412],[77.72252,12.88421],[77.72267,12.88479],[77.72254,12.88495],[77.72338,12.89235],[77.7236,12.89317],[77.72409,12.89366],[77.72393,12.89447],[77.72375,12.89479],[77.72401,12.89669],[77.7242,12.89673],[77.72432,12.89715],[77.72445,12.89866],[77.72489,12.9004],[77.7256,12.90069],[77.72736,12.90076],[77.72859,12.90052],[77.72969,12.9],[77.73355,12.89858],[77.73369,12.89833],[77.73981,12.89429],[77.73808,12.88614],[77.73691,12.88299],[77.73702,12.88293],[77.73546,12.87799],[77.73434,12.87488],[77.73406,12.8736]]]},"properties":{"osm_id":17421304,"zone_id":"W17421304","label":"Sulakunte","admin_level":"9"}},{"type":"Feature","geometry":{"type":"Polygon","coordinates":[[[77.77337,13.00638],[77.7703,13.0066],[77.77045,13.00724],[77.77037,13.00772],[77.77282,13.0075],[77.77348,13.00756],[77.77337,13.00638]]]},"properties":{"osm_id":17421305,"zone_id":"W17421305","label":"Shigehalli","admin_level":"9"}},{"type":"Feature","geometry":{"type":"Polygon","coordinates":[[[77.7666,13.00689],[77.76625,13.0055],[77.76798,13.00503],[77.76843,13.00542],[77.76882,13.00625],[77.76899,13.00619],[77.76914,13.00638],[77.76924,13.0069],[77.76676,13.00751],[77.7666,13.00689]]]},"properties":{"osm_id":17421306,"zone_id":"W17421306","label":"Kumbena Agrahara","admin_level":"9"}},{"type":"Feature","geometry":{"type":"Polygon","coordinates":[[[77.76608,13.00519],[77.76603,13.00478],[77.76694,13.00467],[77.76748,13.00479],[77.76729,13.00497],[77.76608,13.00519]]]},"properties":{"osm_id":17421307,"zone_id":"W17421307","label":"Kumbena Agrahara","admin_level":"9"}},{"type":"Feature","geometry":{"type":"Polygon","coordinates":[[[77.76501,13.00922],[77.76481,13.00829],[77.76393,13.00627],[77.76428,13.00604],[77.76483,13.00675],[77.7655,13.00917],[77.76501,13.00922]]]},"properties":{"osm_id":17421308,"zone_id":"W17421308","label":"Kumbena Agrahara","admin_level":"9"}},{"type":"Feature","geometry":{"type":"Polygon","coordinates":[[[77.75415,13.03401],[77.75368,13.03033],[77.75308,13.0271],[77.75256,13.02552],[77.75805,13.02793],[77.7579,13.02352],[77.75823,13.02104],[77.76201,13.01999],[77.76441,13.01913],[77.76599,13.01811],[77.76682,13.01742],[77.76991,13.0158],[77.77151,13.0151],[77.77283,13.01721],[77.77344,13.01895],[77.77338,13.01971],[77.7737,13.01969],[77.77443,13.01936],[77.77457,13.01957],[77.77476,13.02003],[77.77486,13.02205],[77.77508,13.02258],[77.77632,13.02234],[77.77695,13.02436],[77.77698,13.02517],[77.77712,13.02555],[77.77676,13.02551],[77.77679,13.02578],[77.77733,13.028],[77.77729,13.02829],[77.77746,13.02828],[77.77781,13.02981],[77.77674,13.02979],[77.77556,13.03015],[77.77517,13.03049],[77.7729,13.03123],[77.77059,13.03157],[77.76999,13.03182],[77.76945,13.03183],[77.76901,13.03221],[77.76865,13.03231],[77.76763,13.03221],[77.76688,13.03252],[77.7649,13.03301],[77.76267,13.03326],[77.75865,13.03304],[77.75415,13.03401]]]},"properties":{"osm_id":17421309,"zone_id":"W17421309","label":"Kannamangala","admin_level":"9"}},{"type":"Feature","geometry":{"type":"Polygon","coordinates":[[[77.77781,13.02981],[77.77674,13.02979],[77.77556,13.03015],[77.77517,13.03049],[77.7729,13.03123],[77.77059,13.03157],[77.76999,13.03182],[77.76945,13.03183],[77.76901,13.03221],[77.76865,13.03231],[77.76763,13.03221],[77.76688,13.03252],[77.7649,13.03301],[77.76267,13.03326],[77.75865,13.03304],[77.75399,13.03404],[77.75388,13.03426],[77.75371,13.03623],[77.75328,13.03642],[77.75297,13.03724],[77.7572,13.0391],[77.75986,13.03862],[77.76378,13.03893],[77.768,13.03811],[77.77067,13.03814],[77.77404,13.03846],[77.77766,13.03817],[77.7777,13.03838],[77.77781,13.02981]]]},"properties":{"osm_id":17421310,"zone_id":"W17421310","label":"Kajisonnenahalli","admin_level":"9"}},{"type":"Feature","geometry":{"type":"Polygon","coordinates":[[[77.77513,13.04648],[77.77474,13.04552],[77.77623,13.04335],[77.77726,13.0411],[77.77767,13.03981],[77.77766,13.03817],[77.77404,13.03846],[77.77067,13.03814],[77.768,13.03811],[77.76378,13.03893],[77.75986,13.03862],[77.7572,13.0391],[77.7605,13.04206],[77.76312,13.04659],[77.76614,13.04593],[77.76619,13.04617],[77.76709,13.04644],[77.76846,13.04755],[77.76961,13.04794],[77.77002,13.04845],[77.77015,13.04829],[77.77047,13.04829],[77.77195,13.04836],[77.77291,13.04856],[77.77335,13.04779],[77.77499,13.04831],[77.776,13.04834],[77.77617,13.04822],[77.77627,13.04754],[77.77395,13.04682],[77.77477,13.04667],[77.77513,13.04648]]]},"properties":{"osm_id":17421311,"zone_id":"W17421311","label":"Goravigere","admin_level":"9"}},{"type":"Feature","geometry":{"type":"Polygon","coordinates":[[[77.76692,13.08809],[77.76555,13.08147],[77.75998,13.08142],[77.75725,13.08125],[77.75467,13.08079],[77.754,13.0842],[77.75347,13.08621],[77.7534,13.08926],[77.75771,13.08906],[77.75907,13.08881],[77.76692,13.08809]]]},"properties":{"osm_id":17421312,"zone_id":"W17421312","label":"Raghuvanahalli","admin_level":"9"}},{"type":"Feature","geometry":{"type":"Polygon","coordinates":[[[77.75467,13.08079],[77.754,13.0842],[77.75347,13.08621],[77.7534,13.08926],[77.74554,13.09083],[77.74557,13.08829],[77.74524,13.08583],[77.74529,13.08472],[77.74515,13.08455],[77.74502,13.0828],[77.74507,13.07999],[77.74634,13.07981],[77.74692,13.07987],[77.749,13.07969],[77.74969,13.07978],[77.75022,13.07959],[77.75031,13.07928],[77.75138,13.0792],[77.75246,13.07951],[77.75467,13.08079]]]},"properties":{"osm_id":17421313,"zone_id":"W17421313","label":"Kodagihalli","admin_level":"9"}},{"type":"Feature","geometry":{"type":"Polygon","coordinates":[[[77.76495,13.09484],[77.76489,13.09471],[77.76691,13.08841],[77.76692,13.08809],[77.75907,13.08881],[77.75771,13.08906],[77.7534,13.08926],[77.74648,13.09061],[77.74104,13.09194],[77.73996,13.092],[77.73969,13.0915],[77.74084,13.09535],[77.74099,13.09647],[77.74194,13.09718],[77.74246,13.09705],[77.74302,13.09715],[77.74308,13.09768],[77.74324,13.09785],[77.7447,13.09815],[77.74562,13.09823],[77.74564,13.09812],[77.7462,13.09809],[77.74632,13.09778],[77.74669,13.09755],[77.74741,13.09742],[77.75221,13.09756],[77.75241,13.09751],[77.75243,13.09659],[77.75927,13.09509],[77.75936,13.09541],[77.76497,13.09512],[77.76495,13.09484]]]},"properties":{"osm_id":17421314,"zone_id":"W17421314","label":"Hancharahalli","admin_level":"9"}},{"type":"Feature","geometry":{"type":"Polygon","coordinates":[[[77.74099,13.09647],[77.74084,13.09535],[77.73968,13.09149],[77.73842,13.09144],[77.7371,13.09073],[77.73593,13.08979],[77.7322,13.0887],[77.72706,13.0898],[77.72192,13.09302],[77.72159,13.0967],[77.7215,13.10657],[77.73207,13.10569],[77.73506,13.10492],[77.73518,13.10479],[77.73624,13.10029],[77.73913,13.09786],[77.74053,13.09702],[77.74099,13.09647]]]},"properties":{"osm_id":17421315,"zone_id":"W17421315","label":"Kattugollahalli","admin_level":"9"}},{"type":"Feature","geometry":{"type":"Polygon","coordinates":[[[77.74099,13.09647],[77.74053,13.09702],[77.73913,13.09786],[77.73616,13.10043],[77.73518,13.10479],[77.73506,13.10492],[77.73553,13.10603],[77.74573,13.10444],[77.74587,13.10258],[77.74586,13.0998],[77.74562,13.09823],[77.74324,13.09785],[77.74308,13.09768],[77.74302,13.09715],[77.74246,13.09705],[77.74194,13.09718],[77.74099,13.09647]]]},"properties":{"osm_id":17421316,"zone_id":"W17421316","label":"Shringaripura","admin_level":"9"}},{"type":"Feature","geometry":{"type":"Polygon","coordinates":[[[77.76415,13.10874],[77.76453,13.10837],[77.76549,13.10836],[77.7665,13.10763],[77.76533,13.10468],[77.76446,13.10434],[77.76448,13.10341],[77.76414,13.10268],[77.7648,13.10139],[77.76462,13.1005],[77.76468,13.09831],[77.7653,13.09757],[77.76561,13.0968],[77.76522,13.09536],[77.76495,13.09484],[77.76497,13.09512],[77.75936,13.09541],[77.75927,13.09509],[77.75243,13.09659],[77.75241,13.09751],[77.75221,13.09756],[77.74741,13.09742],[77.74669,13.09755],[77.74632,13.09778],[77.7462,13.09809],[77.74564,13.09812],[77.74562,13.09823],[77.74586,13.0998],[77.74587,13.10258],[77.74573,13.10444],[77.73553,13.10603],[77.73506,13.10492],[77.73207,13.10569],[77.7215,13.10657],[77.76415,13.10874]]]},"properties":{"osm_id":17421317,"zone_id":"W17421317","label":"Jyothipura","admin_level":"9"}},{"type":"Feature","geometry":{"type":"Polygon","coordinates":[[[77.7005,13.10289],[77.69859,13.09504],[77.69706,13.08976],[77.70148,13.08986],[77.70812,13.09182],[77.70873,13.09182],[77.7088,13.09191],[77.70921,13.0916],[77.7096,13.09162],[77.71083,13.09119],[77.71227,13.09112],[77.71333,13.09074],[77.71428,13.09072],[77.71389,13.09098],[77.7138,13.09266],[77.71349,13.09383],[77.71265,13.09437],[77.71178,13.09531],[77.71152,13.09535],[77.71147,13.09573],[77.7107,13.09584],[77.71068,13.09643],[77.70995,13.0966],[77.70826,13.09748],[77.70183,13.10033],[77.7005,13.10289]]]},"properties":{"osm_id":17421318,"zone_id":"W17421318","label":"Chikkasandra","admin_level":"9"}},{"type":"Feature","geometry":{"type":"Polygon","coordinates":[[[77.70148,13.08986],[77.69706,13.08976],[77.69341,13.08984],[77.69027,13.08525],[77.68857,13.08345],[77.68852,13.08305],[77.68769,13.08166],[77.68685,13.08135],[77.68572,13.07916],[77.68509,13.07823],[77.68487,13.0781],[77.68537,13.07775],[77.68459,13.07684],[77.68473,13.07633],[77.68633,13.07565],[77.68823,13.07517],[77.69032,13.07483],[77.69279,13.07399],[77.69434,13.07371],[77.69746,13.07348],[77.69946,13.07311],[77.70374,13.07315],[77.70415,13.07535],[77.70395,13.07536],[77.70385,13.07769],[77.70235,13.0833],[77.70167,13.08503],[77.70121,13.08671],[77.70108,13.08748],[77.70158,13.0895],[77.70148,13.08986]]]},"properties":{"osm_id":17421319,"zone_id":"W17421319","label":"Kada Agrahara","admin_level":"9"}},{"type":"Feature","geometry":{"type":"Polygon","coordinates":[[[77.71389,13.09098],[77.71625,13.09091],[77.71795,13.09112],[77.71813,13.08914],[77.71878,13.08702],[77.71866,13.08673],[77.71871,13.08518],[77.71927,13.08305],[77.7184,13.08298],[77.71563,13.08217],[77.71552,13.08201],[77.71446,13.08169],[77.71444,13.08146],[77.71219,13.08094],[77.70916,13.0807],[77.70677,13.08138],[77.70232,13.08338],[77.70153,13.08546],[77.70108,13.08748],[77.70158,13.0895],[77.70148,13.08986],[77.70812,13.09182],[77.70873,13.09182],[77.7088,13.09191],[77.70921,13.0916],[77.7096,13.09162],[77.71083,13.09119],[77.71227,13.09112],[77.71333,13.09074],[77.71428,13.09072],[77.71389,13.09098]]]},"properties":{"osm_id":17421320,"zone_id":"W17421320","label":"Gunduru","admin_level":"9"}},{"type":"Feature","geometry":{"type":"Polygon","coordinates":[[[77.71987,13.09155],[77.71945,13.09133],[77.71795,13.09112],[77.71813,13.08914],[77.71878,13.08702],[77.71866,13.08673],[77.71871,13.08518],[77.71927,13.08305],[77.72011,13.08316],[77.72194,13.08367],[77.72329,13.08386],[77.72256,13.08538],[77.72293,13.08877],[77.72254,13.08872],[77.72255,13.0889],[77.72271,13.08884],[77.72283,13.08962],[77.72263,13.08971],[77.72277,13.09123],[77.72236,13.09159],[77.71987,13.09155]]]},"properties":{"osm_id":17421321,"zone_id":"W17421321","label":"Vanachenahalli","admin_level":"9"}},{"type":"Feature","geometry":{"type":"Polygon","coordinates":[[[77.70444,13.07534],[77.70754,13.07287],[77.71222,13.0694],[77.7123,13.06962],[77.71655,13.06621],[77.71652,13.06607],[77.71692,13.06568],[77.71722,13.06555],[77.71804,13.06555],[77.71905,13.06484],[77.72104,13.06462],[77.72228,13.06379],[77.72414,13.06096],[77.72415,13.06055],[77.72505,13.06025],[77.72678,13.0602],[77.72673,13.06008],[77.72828,13.05926],[77.73338,13.05602],[77.73477,13.05947],[77.73619,13.06257],[77.73585,13.06602],[77.73325,13.06976],[77.73071,13.07081],[77.72639,13.07005],[77.7259,13.0697],[77.72532,13.06971],[77.72401,13.07464],[77.72346,13.07472],[77.72346,13.07487],[77.72276,13.07496],[77.72156,13.0748],[77.71894,13.07512],[77.71815,13.07486],[77.71807,13.07466],[77.71677,13.07444],[77.7136,13.07495],[77.70444,13.07534]]]},"properties":{"osm_id":17421322,"zone_id":"W17421322","label":"Byyappanahalli","admin_level":"9"}},{"type":"Feature","geometry":{"type":"Polygon","coordinates":[[[77.71927,13.08305],[77.7184,13.08298],[77.71563,13.08217],[77.71552,13.08201],[77.71446,13.08169],[77.71444,13.08146],[77.71219,13.08094],[77.70916,13.0807],[77.70677,13.08138],[77.70232,13.08338],[77.70385,13.07769],[77.70395,13.07536],[77.7136,13.07495],[77.71677,13.07444],[77.71807,13.07466],[77.71815,13.07486],[77.71894,13.07512],[77.72156,13.0748],[77.72279,13.07496],[77.72411,13.07462],[77.72403,13.07741],[77.72329,13.08386],[77.72194,13.08367],[77.72011,13.08316],[77.71927,13.08305]]]},"properties":{"osm_id":17421323,"zone_id":"W17421323","label":"Kammasandra","admin_level":"9"}},{"type":"Feature","geometry":{"type":"Polygon","coordinates":[[[77.70374,13.07315],[77.69957,13.07311],[77.69715,13.07103],[77.69606,13.07049],[77.69601,13.07021],[77.69614,13.07024],[77.69516,13.0651],[77.69516,13.06441],[77.69452,13.06004],[77.69884,13.0586],[77.69838,13.05524],[77.69844,13.05268],[77.69862,13.0523],[77.6985,13.05017],[77.69861,13.04998],[77.69757,13.04908],[77.69728,13.04872],[77.69738,13.04876],[77.69745,13.0486],[77.69861,13.04926],[77.69946,13.04895],[77.70125,13.04951],[77.70192,13.05016],[77.70196,13.04963],[77.70214,13.04932],[77.70388,13.04868],[77.70404,13.04929],[77.70392,13.04934],[77.70381,13.05052],[77.70394,13.05098],[77.70561,13.05105],[77.70594,13.05116],[77.70605,13.05141],[77.70749,13.05136],[77.70751,13.05153],[77.70793,13.05152],[77.70796,13.05184],[77.70824,13.05188],[77.70815,13.05191],[77.70824,13.0527],[77.70809,13.05511],[77.70854,13.0552],[77.70865,13.05631],[77.70906,13.05686],[77.70939,13.05787],[77.70796,13.0583],[77.70785,13.05846],[77.70843,13.06179],[77.70675,13.06552],[77.70374,13.07315]]]},"properties":{"osm_id":17421324,"zone_id":"W17421324","label":"Adhuru","admin_level":"9"}},{"type":"Feature","geometry":{"type":"Polygon","coordinates":[[[77.70444,13.07534],[77.70415,13.07535],[77.70374,13.07315],[77.70675,13.06552],[77.70843,13.06179],[77.70785,13.05846],[77.70796,13.0583],[77.70939,13.05787],[77.70906,13.05686],[77.70865,13.05631],[77.70854,13.0552],[77.70809,13.05511],[77.70824,13.0527],[77.70815,13.05191],[77.70847,13.05178],[77.70818,13.0502],[77.70882,13.04869],[77.70895,13.04895],[77.71141,13.04865],[77.71302,13.04859],[77.71314,13.04915],[77.71411,13.05111],[77.71567,13.05137],[77.71638,13.05176],[77.71722,13.05182],[77.71735,13.05256],[77.71766,13.0533],[77.71899,13.05326],[77.72004,13.05274],[77.72087,13.05262],[77.72132,13.05278],[77.72146,13.05367],[77.72232,13.0543],[77.73338,13.05602],[77.72828,13.05926],[77.72673,13.06008],[77.72678,13.0602],[77.72505,13.06025],[77.72415,13.06055],[77.72414,13.06096],[77.72228,13.06379],[77.72104,13.06462],[77.71905,13.06484],[77.71804,13.06555],[77.71722,13.06555],[77.71692,13.06568],[77.71652,13.06607],[77.71655,13.06621],[77.7123,13.06962],[77.71222,13.0694],[77.70754,13.07287],[77.70444,13.07534]]]},"properties":{"osm_id":17421325,"zone_id":"W17421325","label":"Bidarahalli","admin_level":"9"}},{"type":"Feature","geometry":{"type":"Polygon","coordinates":[[[77.72188,13.06268],[77.72176,13.06263],[77.72168,13.06213],[77.72229,13.06203],[77.72233,13.06169],[77.72289,13.06134],[77.72215,13.06018],[77.72195,13.06031],[77.72171,13.06013],[77.72116,13.06012],[77.72055,13.0603],[77.72065,13.06077],[77.72088,13.06108],[77.72054,13.06128],[77.72085,13.06217],[77.721,13.06229],[77.72134,13.06228],[77.72163,13.06278],[77.72188,13.06268]]]},"properties":{"osm_id":17421326,"zone_id":"W17421326","label":"Byyappanahalli","admin_level":"9"}},{"type":"Feature","geometry":{"type":"Polygon","coordinates":[[[77.74953,13.04771],[77.74296,13.06151],[77.73595,13.06201],[77.73477,13.05947],[77.73338,13.05602],[77.73322,13.0523],[77.73263,13.04619],[77.73466,13.0397],[77.73498,13.03952],[77.7364,13.03996],[77.73874,13.04005],[77.73898,13.04018],[77.73929,13.04069],[77.7391,13.0411],[77.73927,13.04108],[77.74036,13.0419],[77.7416,13.04261],[77.74197,13.04291],[77.74185,13.04309],[77.74229,13.04348],[77.7429,13.04371],[77.74321,13.04417],[77.74352,13.04413],[77.74419,13.0449],[77.74515,13.04553],[77.74953,13.04771]]]},"properties":{"osm_id":17421327,"zone_id":"W17421327","label":"Cheemasandra","admin_level":"9"}},{"type":"Feature","geometry":{"type":"Polygon","coordinates":[[[77.73969,13.0915],[77.73996,13.092],[77.74104,13.09194],[77.74554,13.09083],[77.74557,13.08829],[77.74524,13.08583],[77.74529,13.08472],[77.74515,13.08455],[77.74502,13.0828],[77.74507,13.07999],[77.7447,13.07984],[77.74446,13.07935],[77.74343,13.07555],[77.74297,13.07469],[77.74306,13.07447],[77.74262,13.07443],[77.7424,13.07381],[77.74181,13.07369],[77.74075,13.07321],[77.73619,13.06257],[77.73585,13.06602],[77.73325,13.06976],[77.73071,13.07081],[77.72639,13.07005],[77.7259,13.0697],[77.72532,13.06971],[77.72401,13.07464],[77.72411,13.07462],[77.72403,13.07741],[77.72329,13.08386],[77.72256,13.08538],[77.72293,13.08877],[77.72254,13.08872],[77.72255,13.0889],[77.72271,13.08884],[77.72283,13.08962],[77.72263,13.08971],[77.72277,13.09123],[77.72236,13.09159],[77.71987,13.09155],[77.71989,13.09175],[77.72195,13.093],[77.72706,13.0898],[77.7322,13.0887],[77.73593,13.08979],[77.7371,13.09073],[77.73842,13.09144],[77.73969,13.0915]]]},"properties":{"osm_id":17421328,"zone_id":"W17421328","label":"Manduru","admin_level":"9"}},{"type":"Feature","geometry":{"type":"Polygon","coordinates":[[[77.74565,13.07941],[77.74553,13.07945],[77.74521,13.07885],[77.74508,13.07885],[77.74473,13.07839],[77.74547,13.07767],[77.74583,13.07816],[77.74619,13.07928],[77.74565,13.07941]]]},"properties":{"osm_id":17421329,"zone_id":"W17421329","label":"Manduru","admin_level":"9"}},{"type":"Feature","geometry":{"type":"Polygon","coordinates":[[[77.76016,13.08142],[77.75725,13.08125],[77.75497,13.08087],[77.75428,13.08063],[77.75246,13.07951],[77.75138,13.0792],[77.75031,13.07928],[77.75022,13.07959],[77.74969,13.07978],[77.749,13.07969],[77.74692,13.07987],[77.74634,13.07981],[77.74507,13.07999],[77.7447,13.07984],[77.74446,13.07935],[77.74343,13.07555],[77.74297,13.07469],[77.74306,13.07447],[77.74262,13.07443],[77.7424,13.07381],[77.74181,13.07369],[77.74075,13.07321],[77.73666,13.06348],[77.73594,13.06202],[77.74304,13.0615],[77.75074,13.06235],[77.75385,13.06486],[77.75329,13.06536],[77.75214,13.06774],[77.75231,13.07013],[77.75301,13.07013],[77.75433,13.07218],[77.75392,13.07282],[77.75396,13.07427],[77.75464,13.07434],[77.7552,13.0753],[77.75568,13.07673],[77.75572,13.07762],[77.75894,13.07741],[77.75918,13.07757],[77.7609,13.07775],[77.76016,13.08142]]]},"properties":{"osm_id":17421330,"zone_id":"W17421330","label":"Bommenehalli","admin_level":"9"}},{"type":"Feature","geometry":{"type":"Polygon","coordinates":[[[77.75894,13.07741],[77.75938,13.07573],[77.75869,13.07533],[77.75842,13.07501],[77.75835,13.07374],[77.76026,13.07294],[77.75916,13.07091],[77.75508,13.07178],[77.75421,13.07224],[77.75423,13.07245],[77.75392,13.07282],[77.75396,13.07427],[77.75464,13.07434],[77.7552,13.0753],[77.75568,13.07673],[77.75572,13.07762],[77.75894,13.07741]]]},"properties":{"osm_id":17421331,"zone_id":"W17421331","label":"Lagumenahalli","admin_level":"9"}},{"type":"Feature","geometry":{"type":"Polygon","coordinates":[[[77.76011,13.07269],[77.75916,13.07091],[77.75508,13.07178],[77.75433,13.07218],[77.75301,13.07013],[77.75231,13.07013],[77.75214,13.06774],[77.75329,13.06536],[77.75385,13.06486],[77.75752,13.066],[77.75848,13.06599],[77.76174,13.06637],[77.76326,13.06606],[77.76456,13.06562],[77.76617,13.06574],[77.76562,13.06684],[77.76382,13.06902],[77.76294,13.07042],[77.76284,13.07077],[77.76011,13.07269]]]},"properties":{"osm_id":17421332,"zone_id":"W17421332","label":"Bendiganahalli","admin_level":"9"}},{"type":"Feature","geometry":{"type":"Polygon","coordinates":[[[77.76617,13.06574],[77.76672,13.06513],[77.76688,13.06463],[77.76725,13.06463],[77.76794,13.0629],[77.76784,13.06282],[77.76799,13.05697],[77.76834,13.05663],[77.76841,13.05633],[77.76911,13.05669],[77.77001,13.05599],[77.76989,13.05569],[77.76988,13.05496],[77.77052,13.05422],[77.77015,13.05428],[77.77021,13.05359],[77.7699,13.05345],[77.76835,13.05339],[77.76828,13.0535],[77.76627,13.0538],[77.76475,13.05388],[77.76258,13.05374],[77.76235,13.05396],[77.76205,13.05381],[77.76222,13.05341],[77.76188,13.05331],[77.76169,13.05363],[77.7609,13.05324],[77.76047,13.05699],[77.76015,13.05797],[77.75849,13.0601],[77.75397,13.06146],[77.75312,13.06184],[77.75121,13.06201],[77.75075,13.06236],[77.75385,13.06486],[77.75752,13.066],[77.75848,13.06599],[77.76174,13.06637],[77.76326,13.06606],[77.76456,13.06562],[77.76617,13.06574]]]},"properties":{"osm_id":17421333,"zone_id":"W17421333","label":"Huskuru","admin_level":"9"}},{"type":"Feature","geometry":{"type":"Polygon","coordinates":[[[77.75075,13.06236],[77.74296,13.06151],[77.74959,13.0475],[77.75143,13.05127],[77.75451,13.05039],[77.7551,13.05012],[77.75584,13.05032],[77.76099,13.05302],[77.76047,13.05699],[77.76015,13.05797],[77.75849,13.0601],[77.75397,13.06146],[77.75312,13.06184],[77.75121,13.06201],[77.75075,13.06236]]]},"properties":{"osm_id":17421334,"zone_id":"W17421334","label":"Nimbekayipura","admin_level":"9"}},{"type":"Feature","geometry":{"type":"Polygon","coordinates":[[[77.77021,13.05359],[77.77052,13.05017],[77.77044,13.04949],[77.77032,13.04942],[77.77007,13.04838],[77.77002,13.04845],[77.76961,13.04794],[77.76846,13.04755],[77.76709,13.04644],[77.76619,13.04617],[77.76614,13.04593],[77.76301,13.04657],[77.76247,13.04692],[77.76235,13.04715],[77.76075,13.04759],[77.75764,13.04929],[77.75732,13.04958],[77.7551,13.05012],[77.75584,13.05032],[77.75909,13.05199],[77.76099,13.05302],[77.7609,13.05324],[77.76169,13.05363],[77.76188,13.05331],[77.76222,13.05341],[77.76205,13.05381],[77.76235,13.05396],[77.76258,13.05374],[77.76475,13.05388],[77.76627,13.0538],[77.76828,13.0535],[77.76835,13.05339],[77.7699,13.05345],[77.77021,13.05359]]]},"properties":{"osm_id":17421335,"zone_id":"W17421335","label":"Katamnaluru","admin_level":"9"}},{"type":"Feature","geometry":{"type":"Polygon","coordinates":[[[77.7551,13.05012],[77.75732,13.04958],[77.75764,13.04929],[77.76075,13.04759],[77.76235,13.04715],[77.76247,13.04692],[77.7631,13.04655],[77.7605,13.04206],[77.75724,13.03912],[77.75301,13.03733],[77.75232,13.0381],[77.75171,13.04094],[77.7505,13.04434],[77.74979,13.04583],[77.74959,13.0475],[77.75143,13.05127],[77.75451,13.05039],[77.7551,13.05012]]]},"properties":{"osm_id":17421336,"zone_id":"W17421336","label":"Konadasanapura","admin_level":"9"}},{"type":"Feature","geometry":{"type":"Polygon","coordinates":[[[77.74959,13.0475],[77.74953,13.04771],[77.74515,13.04553],[77.74419,13.0449],[77.74352,13.04413],[77.74321,13.04417],[77.7429,13.04371],[77.74229,13.04348],[77.74185,13.04309],[77.74197,13.04291],[77.7416,13.04261],[77.74036,13.0419],[77.73927,13.04108],[77.7391,13.0411],[77.73929,13.04069],[77.73898,13.04018],[77.73874,13.04005],[77.73893,13.03889],[77.73967,13.03828],[77.74336,13.03684],[77.74503,13.03769],[77.74723,13.038],[77.75232,13.0381],[77.75171,13.04094],[77.7505,13.04434],[77.74979,13.04583],[77.74959,13.0475]]]},"properties":{"osm_id":17421337,"zone_id":"W17421337","label":"Bhandarpura","admin_level":"9"}},{"type":"Feature","geometry":{"type":"Polygon","coordinates":[[[77.75232,13.0381],[77.753,13.0373],[77.75164,13.03464],[77.75121,13.03348],[77.74822,13.02946],[77.7477,13.02755],[77.74745,13.02728],[77.74688,13.02778],[77.74402,13.02866],[77.74025,13.02621],[77.7391,13.027],[77.74074,13.02995],[77.74186,13.03358],[77.74332,13.03682],[77.74503,13.03769],[77.74779,13.03806],[77.75232,13.0381]]]},"properties":{"osm_id":17421338,"zone_id":"W17421338","label":"Bidare Agrahara","admin_level":"9"}},{"type":"Feature","geometry":{"type":"Polygon","coordinates":[[[77.75415,13.03401],[77.75399,13.03404],[77.75388,13.03426],[77.75371,13.03623],[77.75328,13.03642],[77.75297,13.03724],[77.75164,13.03464],[77.75121,13.03348],[77.74822,13.02946],[77.7477,13.02755],[77.74745,13.02728],[77.74688,13.02778],[77.74402,13.02866],[77.7402,13.02616],[77.7398,13.02462],[77.73991,13.02439],[77.7393,13.02281],[77.73862,13.02153],[77.73815,13.02128],[77.73809,13.02003],[77.73877,13.01959],[77.73892,13.01998],[77.74037,13.01949],[77.7403,13.01908],[77.74083,13.0189],[77.74109,13.01891],[77.74137,13.01917],[77.74197,13.01905],[77.74195,13.01846],[77.74242,13.0185],[77.74283,13.01841],[77.74297,13.01821],[77.74347,13.01814],[77.74356,13.01851],[77.7443,13.01801],[77.74505,13.018],[77.74585,13.01764],[77.74602,13.01771],[77.7461,13.018],[77.74668,13.01863],[77.74866,13.01853],[77.74861,13.01764],[77.74814,13.01759],[77.7481,13.01727],[77.74851,13.01716],[77.74848,13.01747],[77.74951,13.01753],[77.74985,13.01919],[77.74973,13.01925],[77.7498,13.01983],[77.75114,13.0198],[77.75133,13.02024],[77.75159,13.02207],[77.7523,13.02405],[77.75256,13.02552],[77.75308,13.0271],[77.75368,13.03033],[77.75415,13.03401]]]},"properties":{"osm_id":17421339,"zone_id":"W17421339","label":"Doddabanahalli","admin_level":"9"}},{"type":"Feature","geometry":{"type":"Polygon","coordinates":[[[77.74336,13.03684],[77.74186,13.03358],[77.74074,13.02995],[77.7391,13.02699],[77.73704,13.02791],[77.73244,13.02826],[77.73015,13.0281],[77.7294,13.02793],[77.7279,13.03037],[77.72974,13.0367],[77.73249,13.03776],[77.73338,13.03845],[77.73344,13.03875],[77.73432,13.03966],[77.73466,13.0397],[77.73498,13.03952],[77.7364,13.03996],[77.73874,13.04005],[77.73893,13.03889],[77.73967,13.03828],[77.74336,13.03684]]]},"properties":{"osm_id":17421340,"zone_id":"W17421340","label":"Avalahalli","admin_level":"9"}},{"type":"Feature","geometry":{"type":"Polygon","coordinates":[[[77.7391,13.027],[77.74025,13.02619],[77.7398,13.02462],[77.73991,13.02439],[77.7393,13.02281],[77.73862,13.02153],[77.73815,13.02128],[77.7381,13.02008],[77.73776,13.01869],[77.73766,13.01919],[77.73729,13.01933],[77.736,13.0189],[77.73595,13.01905],[77.73517,13.01901],[77.73513,13.01918],[77.73432,13.01942],[77.72932,13.02037],[77.72568,13.02576],[77.7289,13.02768],[77.72956,13.02802],[77.73015,13.0281],[77.73336,13.02824],[77.73704,13.02791],[77.7391,13.027]]]},"properties":{"osm_id":17421341,"zone_id":"W17421341","label":"Veerenahalli","admin_level":"9"}},{"type":"Feature","geometry":{"type":"Polygon","coordinates":[[[77.74877,13.01943],[77.74869,13.01899],[77.74712,13.01901],[77.74717,13.01948],[77.74877,13.01943]]]},"properties":{"osm_id":17421342,"zone_id":"W17421342","label":"Kumbena Agrahara","admin_level":"9"}},{"type":"Feature","geometry":{"type":"Polygon","coordinates":[[[77.75825,13.02103],[77.75713,13.01807],[77.75581,13.01351],[77.75547,13.01032],[77.75644,13.00978],[77.75735,13.00887],[77.75811,13.00857],[77.75889,13.00788],[77.7594,13.00779],[77.75959,13.00751],[77.75964,13.00698],[77.75937,13.00616],[77.75941,13.0059],[77.76076,13.00491],[77.76163,13.00518],[77.76211,13.00503],[77.7624,13.00468],[77.76283,13.0037],[77.76347,13.00285],[77.76368,13.00288],[77.76383,13.00311],[77.76412,13.00408],[77.76742,13.00325],[77.7687,13.00269],[77.76926,13.00398],[77.7694,13.00458],[77.76929,13.0047],[77.76966,13.00591],[77.76976,13.00658],[77.7697,13.00886],[77.76987,13.00885],[77.76993,13.00914],[77.76978,13.00937],[77.77011,13.01014],[77.77037,13.01159],[77.77105,13.01319],[77.77151,13.0151],[77.76991,13.0158],[77.76682,13.01742],[77.76599,13.01811],[77.76441,13.01913],[77.76201,13.01999],[77.75825,13.02103]]]},"properties":{"osm_id":17421343,"zone_id":"W17421343","label":"Shigehalli","admin_level":"9"}},{"type":"Feature","geometry":{"type":"Polygon","coordinates":[[[77.75825,13.02103],[77.7579,13.02352],[77.75805,13.02793],[77.75256,13.02552],[77.7523,13.02405],[77.75159,13.02207],[77.75133,13.02024],[77.75114,13.0198],[77.7498,13.01983],[77.74973,13.01925],[77.74985,13.01919],[77.74956,13.0177],[77.74951,13.01753],[77.7493,13.01749],[77.7493,13.01628],[77.75077,13.01611],[77.75069,13.01568],[77.75123,13.01548],[77.75053,13.01448],[77.75069,13.01366],[77.7511,13.01319],[77.75222,13.0124],[77.75232,13.01213],[77.7521,13.01135],[77.75217,13.01085],[77.75269,13.01066],[77.75412,13.00945],[77.75443,13.00892],[77.75486,13.00888],[77.75525,13.01026],[77.7555,13.01033],[77.75581,13.01351],[77.75713,13.01807],[77.75825,13.02103]]]},"properties":{"osm_id":17421344,"zone_id":"W17421344","label":"Chikkabanahalli","admin_level":"9"}},{"type":"Feature","geometry":{"type":"Polygon","coordinates":[[[77.75123,13.01548],[77.75055,13.01437],[77.75003,13.01467],[77.74967,13.01523],[77.74804,13.01538],[77.74672,13.01582],[77.74684,13.01633],[77.74711,13.01632],[77.74919,13.01578],[77.74985,13.01545],[77.75123,13.01548]]]},"properties":{"osm_id":17421345,"zone_id":"W17421345","label":"Doddabanahalli","admin_level":"9"}},{"type":"Feature","geometry":{"type":"Polygon","coordinates":[[[77.75232,13.01213],[77.7521,13.01135],[77.75217,13.01085],[77.7517,13.0109],[77.75069,13.01136],[77.75033,13.01128],[77.74972,13.01151],[77.74974,13.01165],[77.74932,13.012],[77.74797,13.01262],[77.74807,13.01374],[77.74815,13.01383],[77.7487,13.01315],[77.74961,13.01256],[77.75001,13.012],[77.75046,13.01284],[77.7512,13.0128],[77.75154,13.0125],[77.75135,13.01187],[77.75153,13.01183],[77.7517,13.01254],[77.75219,13.01212],[77.75232,13.01213]]]},"properties":{"osm_id":17421346,"zone_id":"W17421346","label":"Doddabanahalli","admin_level":"9"}},{"type":"Feature","geometry":{"type":"Polygon","coordinates":[[[77.73768,13.01735],[77.73753,13.01667],[77.73705,13.01582],[77.73582,13.01293],[77.73535,13.01145],[77.73567,13.01093],[77.73623,13.01076],[77.7361,13.00749],[77.73652,13.00783],[77.73814,13.00758],[77.74077,13.00813],[77.74099,13.00715],[77.74327,13.00707],[77.74515,13.00717],[77.74717,13.00671],[77.7472,13.00701],[77.74697,13.0071],[77.74706,13.00965],[77.74693,13.01044],[77.74736,13.01163],[77.74783,13.01157],[77.74797,13.01262],[77.74698,13.01429],[77.74424,13.01469],[77.74386,13.01491],[77.74342,13.01489],[77.74205,13.01543],[77.74064,13.01568],[77.74028,13.01586],[77.74018,13.01578],[77.73768,13.01735]]]},"properties":{"osm_id":17421347,"zone_id":"W17421347","label":"Dommasandra","admin_level":"9"}},{"type":"Feature","geometry":{"type":"Polygon","coordinates":[[[77.74466,13.0147],[77.74424,13.01469],[77.74386,13.01491],[77.74329,13.01494],[77.74341,13.01549],[77.74183,13.01624],[77.74203,13.01663],[77.7437,13.0159],[77.74387,13.01634],[77.74526,13.01597],[77.74509,13.01528],[77.74466,13.0147]]]},"properties":{"osm_id":17421348,"zone_id":"W17421348","label":"Doddabanahalli","admin_level":"9"}},{"type":"Feature","geometry":{"type":"Polygon","coordinates":[[[77.74797,13.01262],[77.74698,13.01429],[77.74499,13.01455],[77.74466,13.0147],[77.74509,13.01528],[77.74526,13.01597],[77.74387,13.01634],[77.7437,13.0159],[77.74203,13.01663],[77.74183,13.01624],[77.74341,13.01549],[77.74329,13.01494],[77.74205,13.01543],[77.74064,13.01568],[77.74028,13.01586],[77.74018,13.01578],[77.73768,13.01735],[77.73779,13.01893],[77.73809,13.02003],[77.73877,13.01959],[77.73892,13.01998],[77.74037,13.01949],[77.7403,13.01908],[77.74083,13.0189],[77.74109,13.01891],[77.74137,13.01917],[77.74197,13.01905],[77.74195,13.01846],[77.74242,13.0185],[77.74283,13.01841],[77.74297,13.01821],[77.74347,13.01814],[77.74356,13.01851],[77.7443,13.01801],[77.74505,13.018],[77.74585,13.01764],[77.74602,13.01771],[77.7461,13.018],[77.74668,13.01863],[77.74866,13.01853],[77.74861,13.01764],[77.74814,13.01759],[77.7481,13.01727],[77.74851,13.01716],[77.74848,13.01747],[77.7493,13.01749],[77.7493,13.01628],[77.75077,13.01611],[77.75069,13.01568],[77.75123,13.01548],[77.74985,13.01545],[77.74919,13.01578],[77.74711,13.01632],[77.74684,13.01633],[77.74672,13.01582],[77.74804,13.01538],[77.74967,13.01523],[77.75003,13.01467],[77.75055,13.01437],[77.75069,13.01366],[77.7511,13.01319],[77.75222,13.0124],[77.75232,13.01213],[77.75219,13.01212],[77.7517,13.01254],[77.75153,13.01183],[77.75135,13.01187],[77.75154,13.0125],[77.7512,13.0128],[77.75046,13.01284],[77.75001,13.012],[77.74961,13.01256],[77.7487,13.01315],[77.74815,13.01383],[77.74797,13.01262]]]},"properties":{"osm_id":17421349,"zone_id":"W17421349","label":"Kumbena Agrahara","admin_level":"9"}},{"type":"Feature","geometry":{"type":"Polygon","coordinates":[[[77.74205,13.01821],[77.742,13.01743],[77.74163,13.01704],[77.74149,13.0166],[77.74114,13.01682],[77.74142,13.01804],[77.74164,13.01822],[77.74205,13.01821]]]},"properties":{"osm_id":17421350,"zone_id":"W17421350","label":"Doddabanahalli","admin_level":"9"}},{"type":"Feature","geometry":{"type":"Polygon","coordinates":[[[77.74027,13.01634],[77.74009,13.01631],[77.73919,13.01681],[77.73789,13.01769],[77.73852,13.01844],[77.74072,13.017],[77.7407,13.0168],[77.74027,13.01634]]]},"properties":{"osm_id":17421351,"zone_id":"W17421351","label":"Doddabanahalli","admin_level":"9"}},{"type":"Feature","geometry":{"type":"Polygon","coordinates":[[[77.73776,13.01869],[77.73753,13.01667],[77.73705,13.01582],[77.73582,13.01293],[77.73535,13.01145],[77.73567,13.01093],[77.73389,13.01012],[77.73307,13.01067],[77.73244,13.0108],[77.73048,13.01078],[77.72801,13.01048],[77.72866,13.01445],[77.72916,13.01564],[77.73006,13.01873],[77.7299,13.01969],[77.72932,13.02037],[77.73432,13.01942],[77.73513,13.01918],[77.73517,13.01901],[77.73595,13.01905],[77.736,13.0189],[77.73729,13.01933],[77.73766,13.01919],[77.73776,13.01869]]]},"properties":{"osm_id":17421352,"zone_id":"W17421352","label":"Kurudusonnenahalli","admin_level":"9"}},{"type":"Feature","geometry":{"type":"Polygon","coordinates":[[[77.69833,13.03494],[77.69701,13.03176],[77.69438,13.02669],[77.70049,13.02743],[77.70174,13.02742],[77.70813,13.02938],[77.70813,13.03045],[77.70837,13.03153],[77.70853,13.0334],[77.70787,13.03448],[77.70631,13.03439],[77.70593,13.03492],[77.70464,13.0361],[77.70185,13.0368],[77.70178,13.03664],[77.70067,13.03669],[77.69833,13.03494]]]},"properties":{"osm_id":17421353,"zone_id":"W17421353","label":"Alehalli","admin_level":"9"}},{"type":"Feature","geometry":{"type":"Polygon","coordinates":[[[77.73466,13.0397],[77.73432,13.03966],[77.73344,13.03875],[77.73338,13.03845],[77.73249,13.03776],[77.72974,13.0367],[77.7279,13.03037],[77.7294,13.02793],[77.72568,13.02576],[77.72517,13.02579],[77.72525,13.02702],[77.725,13.02834],[77.72464,13.02922],[77.72492,13.03044],[77.72485,13.03216],[77.72423,13.0323],[77.72407,13.03332],[77.72343,13.03327],[77.72151,13.03381],[77.72153,13.03441],[77.72141,13.03477],[77.7215,13.03595],[77.72098,13.03611],[77.71968,13.03769],[77.71938,13.03831],[77.7168,13.03961],[77.71686,13.04014],[77.71655,13.04147],[77.71632,13.04175],[77.71503,13.04204],[77.71466,13.04235],[77.71401,13.04305],[77.71375,13.04317],[77.71358,13.04387],[77.7128,13.04447],[77.71274,13.04496],[77.71247,13.04507],[77.71211,13.04593],[77.71286,13.04786],[77.71314,13.04915],[77.71411,13.05111],[77.71567,13.05137],[77.71638,13.05176],[77.71722,13.05182],[77.71735,13.05256],[77.71766,13.0533],[77.71899,13.05326],[77.72004,13.05274],[77.72087,13.05262],[77.72132,13.05278],[77.72146,13.05367],[77.72232,13.0543],[77.73338,13.05602],[77.73322,13.0523],[77.73263,13.04619],[77.73466,13.0397]]]},"properties":{"osm_id":17421354,"zone_id":"W17421354","label":"Hirandahalli","admin_level":"9"}},{"type":"Feature","geometry":{"type":"Polygon","coordinates":[[[77.71247,13.04507],[77.71274,13.04496],[77.7128,13.04447],[77.71358,13.04387],[77.71375,13.04317],[77.71401,13.04305],[77.71466,13.04235],[77.71503,13.04204],[77.71632,13.04175],[77.71655,13.04147],[77.71686,13.04014],[77.7168,13.03961],[77.71938,13.03831],[77.71968,13.03769],[77.72098,13.03611],[77.7215,13.03595],[77.72141,13.03477],[77.72152,13.03412],[77.72118,13.03385],[77.71958,13.03337],[77.71737,13.03292],[77.71739,13.03156],[77.71609,13.03165],[77.71601,13.03183],[77.71508,13.03193],[77.71207,13.02838],[77.71071,13.02614],[77.70924,13.02527],[77.708,13.02588],[77.70594,13.02628],[77.70328,13.02575],[77.70127,13.02497],[77.7017,13.02744],[77.70813,13.02938],[77.70813,13.03045],[77.70837,13.03153],[77.70853,13.0334],[77.70787,13.03448],[77.70631,13.03439],[77.70593,13.03492],[77.70464,13.0361],[77.70229,13.03677],[77.70185,13.0368],[77.70178,13.03664],[77.70067,13.03669],[77.69833,13.03494],[77.69826,13.035],[77.69625,13.03706],[77.69589,13.03801],[77.69555,13.03854],[77.69565,13.03944],[77.69556,13.04096],[77.69518,13.04148],[77.69541,13.04159],[77.69565,13.04227],[77.69575,13.04328],[77.69553,13.04353],[77.69543,13.04416],[77.69487,13.04415],[77.69512,13.04541],[77.69498,13.04589],[77.69654,13.04613],[77.69664,13.0455],[77.69679,13.04523],[77.69703,13.04515],[77.69824,13.04551],[77.69996,13.0456],[77.70111,13.04611],[77.70171,13.04617],[77.70177,13.04683],[77.70092,13.04685],[77.70064,13.04832],[77.70098,13.04851],[77.70163,13.04862],[77.70182,13.04761],[77.70172,13.0473],[77.70182,13.04703],[77.70247,13.04636],[77.70248,13.04605],[77.70544,13.04637],[77.70547,13.04704],[77.70775,13.04677],[77.70781,13.04695],[77.70815,13.04685],[77.70813,13.04675],[77.70887,13.04676],[77.7091,13.04645],[77.71186,13.04514],[77.71198,13.04522],[77.71247,13.04507]]]},"properties":{"osm_id":17421355,"zone_id":"W17421355","label":"Kitthaganur","admin_level":"9"}},{"type":"Feature","geometry":{"type":"Polygon","coordinates":[[[77.71302,13.04859],[77.71286,13.04786],[77.71211,13.04593],[77.71247,13.04507],[77.71198,13.04522],[77.71186,13.04514],[77.7091,13.04645],[77.70887,13.04676],[77.70813,13.04675],[77.70815,13.04685],[77.70781,13.04695],[77.70775,13.04677],[77.70547,13.04704],[77.70544,13.04637],[77.70248,13.04605],[77.70247,13.04636],[77.70182,13.04703],[77.70172,13.0473],[77.70182,13.04761],[77.70161,13.04862],[77.70085,13.04847],[77.70064,13.04832],[77.70092,13.04685],[77.70177,13.04683],[77.70171,13.04617],[77.70111,13.04611],[77.69996,13.0456],[77.69824,13.04551],[77.69703,13.04515],[77.69679,13.04523],[77.69664,13.0455],[77.69654,13.04613],[77.69498,13.04589],[77.69512,13.04541],[77.6949,13.04424],[77.69471,13.04419],[77.69439,13.04423],[77.69423,13.0444],[77.69397,13.04492],[77.69391,13.04572],[77.6929,13.04572],[77.69307,13.04535],[77.69293,13.04517],[77.69294,13.04493],[77.69369,13.04432],[77.69265,13.04398],[77.69266,13.04345],[77.69192,13.04345],[77.69034,13.04407],[77.68911,13.04379],[77.68495,13.04517],[77.68334,13.04995],[77.6838,13.0501],[77.68521,13.05012],[77.68593,13.04999],[77.68697,13.04958],[77.68805,13.04946],[77.68965,13.04972],[77.69098,13.05025],[77.69097,13.05044],[77.69204,13.05063],[77.692,13.05078],[77.69284,13.0512],[77.69345,13.05117],[77.6933,13.05081],[77.69275,13.05064],[77.6927,13.05045],[77.69229,13.05021],[77.69218,13.04836],[77.6923,13.0475],[77.6926,13.04738],[77.69305,13.04748],[77.69306,13.04941],[77.69358,13.0494],[77.69376,13.04924],[77.69375,13.04864],[77.69566,13.04863],[77.69598,13.0485],[77.69678,13.04873],[77.69738,13.04876],[77.69745,13.0486],[77.69693,13.04817],[77.69709,13.04744],[77.69754,13.04751],[77.69774,13.04777],[77.69857,13.04811],[77.69881,13.04861],[77.69922,13.04892],[77.69945,13.04882],[77.69946,13.04895],[77.70125,13.04951],[77.70192,13.05016],[77.70196,13.04963],[77.70214,13.04932],[77.70388,13.04868],[77.70404,13.04929],[77.70392,13.04934],[77.70381,13.05052],[77.70394,13.05098],[77.70561,13.05105],[77.70594,13.05116],[77.70605,13.05141],[77.70749,13.05136],[77.70751,13.05153],[77.70793,13.05152],[77.70796,13.05184],[77.70824,13.05188],[77.70847,13.05178],[77.70818,13.0502],[77.70882,13.04869],[77.70895,13.04895],[77.71141,13.04865],[77.71302,13.04859]]]},"properties":{"osm_id":17421356,"zone_id":"W17421356","label":"Hoovinane","admin_level":"9"}},{"type":"Feature","geometry":{"type":"Polygon","coordinates":[[[77.69946,13.04895],[77.69945,13.04882],[77.69922,13.04892],[77.69881,13.04861],[77.69857,13.04811],[77.69774,13.04777],[77.69754,13.04751],[77.69709,13.04744],[77.69693,13.04817],[77.69781,13.04887],[77.69868,13.04927],[77.69946,13.04895]]]},"properties":{"osm_id":17421357,"zone_id":"W17421357","label":"Ramapura","admin_level":"9"}},{"type":"Feature","geometry":{"type":"Polygon","coordinates":[[[77.6949,13.04424],[77.69487,13.04415],[77.69543,13.04416],[77.69553,13.04353],[77.69575,13.04328],[77.69565,13.04227],[77.69541,13.04159],[77.69518,13.04148],[77.69556,13.04096],[77.69565,13.03944],[77.69555,13.03854],[77.69589,13.03801],[77.69625,13.03706],[77.69833,13.03494],[77.69701,13.03176],[77.69438,13.02669],[77.69385,13.02775],[77.69086,13.03256],[77.68886,13.03294],[77.68688,13.03348],[77.68357,13.03323],[77.68362,13.03476],[77.684,13.03668],[77.68391,13.03733],[77.68415,13.03824],[77.68488,13.04291],[77.68495,13.04517],[77.68911,13.04379],[77.69034,13.04407],[77.69192,13.04345],[77.69266,13.04345],[77.69265,13.04398],[77.69369,13.04432],[77.69294,13.04493],[77.69293,13.04517],[77.69307,13.04535],[77.6929,13.04572],[77.69371,13.04579],[77.69391,13.04572],[77.69397,13.04492],[77.69423,13.0444],[77.69439,13.04423],[77.6949,13.04424]]]},"properties":{"osm_id":17421358,"zone_id":"W17421358","label":"Maragondanahalli","admin_level":"9"}},{"type":"Feature","geometry":{"type":"Polygon","coordinates":[[[77.69728,13.04872],[77.69678,13.04873],[77.69598,13.0485],[77.69566,13.04863],[77.69375,13.04864],[77.69376,13.04924],[77.69358,13.0494],[77.69306,13.04941],[77.69305,13.04748],[77.6926,13.04738],[77.6923,13.0475],[77.69218,13.04836],[77.69229,13.05021],[77.6927,13.05045],[77.69275,13.05064],[77.6933,13.05081],[77.69345,13.05117],[77.69284,13.0512],[77.692,13.05078],[77.69204,13.05063],[77.69097,13.05044],[77.69098,13.05025],[77.68965,13.04972],[77.68805,13.04946],[77.68697,13.04958],[77.68593,13.04999],[77.68521,13.05012],[77.6838,13.0501],[77.68334,13.04995],[77.68106,13.05173],[77.67994,13.05241],[77.67837,13.0524],[77.6789,13.05522],[77.67931,13.05553],[77.67943,13.05577],[77.67933,13.05667],[77.68033,13.05678],[77.68091,13.05527],[77.68261,13.05553],[77.68426,13.05813],[77.68673,13.06165],[77.69445,13.06006],[77.69884,13.0586],[77.69838,13.05524],[77.69844,13.05268],[77.69862,13.0523],[77.6985,13.05017],[77.69861,13.04998],[77.69728,13.04872]]]},"properties":{"osm_id":17421359,"zone_id":"W17421359","label":"Ramapura","admin_level":"9"}},{"type":"Feature","geometry":{"type":"Polygon","coordinates":[[[77.69606,13.07049],[77.69601,13.07021],[77.69614,13.07024],[77.69516,13.0651],[77.69516,13.06441],[77.69452,13.06004],[77.68673,13.06165],[77.68426,13.05813],[77.68261,13.05553],[77.68091,13.05527],[77.68033,13.05678],[77.67933,13.05667],[77.67917,13.05754],[77.67907,13.05753],[77.67896,13.05782],[77.67944,13.05858],[77.67929,13.06027],[77.67951,13.06195],[77.67897,13.06279],[77.67872,13.06352],[77.68054,13.06326],[77.6867,13.06165],[77.69006,13.0687],[77.69606,13.07049]]]},"properties":{"osm_id":17421360,"zone_id":"W17421360","label":"Vaderahalli","admin_level":"9"}},{"type":"Feature","geometry":{"type":"Polygon","coordinates":[[[77.69006,13.0687],[77.68608,13.07078],[77.68408,13.07157],[77.68347,13.07195],[77.68315,13.07256],[77.68157,13.07238],[77.68034,13.07155],[77.6798,13.07086],[77.67977,13.07029],[77.67955,13.06963],[77.67929,13.06933],[77.67905,13.06873],[77.6791,13.06774],[77.67894,13.06756],[77.67887,13.06704],[77.67787,13.06781],[77.67725,13.0678],[77.67749,13.06708],[77.67743,13.06676],[77.67713,13.06655],[77.67739,13.06575],[77.67737,13.06508],[77.67867,13.06478],[77.67872,13.06352],[77.68054,13.06326],[77.6867,13.06165],[77.69006,13.0687]]]},"properties":{"osm_id":17421361,"zone_id":"W17421361","label":"Anagalapura","admin_level":"9"}},{"type":"Feature","geometry":{"type":"Polygon","coordinates":[[[77.68553,13.07902],[77.68509,13.07823],[77.68487,13.0781],[77.68537,13.07775],[77.68459,13.07684],[77.68473,13.07633],[77.68527,13.07602],[77.68823,13.07517],[77.69032,13.07483],[77.69279,13.07399],[77.69497,13.07361],[77.69746,13.07348],[77.69957,13.07311],[77.69715,13.07103],[77.69606,13.07049],[77.69006,13.0687],[77.68608,13.07078],[77.68408,13.07157],[77.68347,13.07195],[77.68315,13.07256],[77.68157,13.07238],[77.68034,13.07155],[77.6798,13.07086],[77.67977,13.07029],[77.67955,13.06963],[77.67911,13.06897],[77.67876,13.06961],[77.67888,13.06994],[77.67879,13.07033],[77.67887,13.07133],[77.67876,13.07175],[77.67786,13.07262],[77.67751,13.07338],[77.67837,13.07368],[77.67844,13.0744],[77.67782,13.07497],[77.67702,13.07734],[77.67733,13.07763],[77.67843,13.078],[77.67922,13.07974],[77.68045,13.08143],[77.68173,13.08142],[77.68182,13.08133],[77.68187,13.08143],[77.68247,13.08121],[77.68425,13.08014],[77.68463,13.07967],[77.68553,13.07902]]]},"properties":{"osm_id":17421362,"zone_id":"W17421362","label":"Bande Bommasandra","admin_level":"9"}},{"type":"Feature","geometry":{"type":"Polygon","coordinates":[[[77.66715,13.06395],[77.67005,13.06596],[77.67241,13.06561],[77.67509,13.06484],[77.67693,13.06506],[77.67717,13.06496],[77.67667,13.06358],[77.67686,13.06353],[77.67684,13.06291],[77.6782,13.06274],[77.67897,13.06279],[77.67865,13.06377],[77.67867,13.06478],[77.6774,13.06503],[77.67739,13.06575],[77.67713,13.06655],[77.67747,13.06689],[77.67725,13.0678],[77.67733,13.06784],[77.67787,13.06781],[77.67887,13.06704],[77.67894,13.06756],[77.6791,13.06774],[77.67899,13.06846],[77.67913,13.06883],[77.67876,13.06961],[77.67888,13.06994],[77.67879,13.07033],[77.67887,13.07133],[77.67876,13.07175],[77.67786,13.07262],[77.67751,13.07338],[77.67837,13.07368],[77.67844,13.0744],[77.67782,13.07497],[77.67702,13.07734],[77.67733,13.07763],[77.6773,13.0783],[77.67611,13.07861],[77.67366,13.07856],[77.67369,13.07882],[77.67278,13.07917],[77.67285,13.07941],[77.67113,13.08011],[77.6712,13.08042],[77.67093,13.08059],[77.6697,13.08098],[77.66961,13.08077],[77.67003,13.07999],[77.6694,13.07627],[77.66913,13.0762],[77.66898,13.07556],[77.66586,13.07607],[77.66392,13.07701],[77.65581,13.07718],[77.65628,13.07588],[77.65643,13.07486],[77.6578,13.07304],[77.65973,13.06804],[77.66015,13.06773],[77.66073,13.06768],[77.66262,13.06707],[77.6636,13.06698],[77.66702,13.0659],[77.66715,13.06395]]]},"properties":{"osm_id":17421363,"zone_id":"W17421363","label":"Doddagubbi","admin_level":"9"}},{"type":"Feature","geometry":{"type":"Polygon","coordinates":[[[77.66327,13.08896],[77.66261,13.08899],[77.66182,13.08852],[77.65671,13.08524],[77.65451,13.08369],[77.65478,13.0826],[77.65472,13.08214],[77.65486,13.08191],[77.65581,13.07718],[77.66392,13.07701],[77.66586,13.07607],[77.66898,13.07556],[77.66913,13.0762],[77.6694,13.07627],[77.67003,13.07999],[77.66961,13.08077],[77.66772,13.08342],[77.66717,13.08387],[77.66665,13.08459],[77.66596,13.08593],[77.66506,13.0889],[77.66327,13.08896]]]},"properties":{"osm_id":17421364,"zone_id":"W17421364","label":"Chikkagubbi","admin_level":"9"}},{"type":"Feature","geometry":{"type":"Polygon","coordinates":[[[77.68045,13.08143],[77.67922,13.07974],[77.67843,13.078],[77.67733,13.07763],[77.6773,13.0783],[77.67628,13.07859],[77.67366,13.07856],[77.67369,13.07882],[77.67278,13.07917],[77.67285,13.07941],[77.67113,13.08011],[77.6712,13.08042],[77.67093,13.08059],[77.6697,13.08098],[77.66961,13.08077],[77.66918,13.08128],[77.66772,13.08342],[77.66717,13.08387],[77.66665,13.08459],[77.66596,13.08593],[77.66506,13.08887],[77.67628,13.0978],[77.67855,13.10019],[77.67949,13.10022],[77.68023,13.09567],[77.67771,13.09286],[77.67732,13.09095],[77.67687,13.08755],[77.68123,13.08694],[77.68134,13.08682],[77.68133,13.08647],[77.6817,13.08609],[77.68161,13.08562],[77.68171,13.08557],[77.68087,13.08294],[77.68057,13.08253],[77.68027,13.08145],[77.68045,13.08143]]]},"properties":{"osm_id":17421365,"zone_id":"W17421365","label":"Nadagowda Gollahalli","admin_level":"9"}},{"type":"Feature","geometry":{"type":"Polygon","coordinates":[[[77.69706,13.08976],[77.69341,13.08984],[77.69027,13.08525],[77.68857,13.08345],[77.68852,13.08305],[77.68769,13.08166],[77.68685,13.08135],[77.68629,13.08011],[77.68553,13.07902],[77.68463,13.07967],[77.68425,13.08014],[77.68247,13.08121],[77.68187,13.08143],[77.68182,13.08133],[77.68173,13.08142],[77.68027,13.08145],[77.68171,13.08557],[77.68161,13.08562],[77.6817,13.08609],[77.68133,13.08647],[77.68134,13.08682],[77.68123,13.08694],[77.67687,13.08755],[77.67732,13.09095],[77.67771,13.09286],[77.68023,13.09567],[77.67949,13.10022],[77.7005,13.10289],[77.69859,13.09504],[77.69706,13.08976]]]},"properties":{"osm_id":17421366,"zone_id":"W17421366","label":"Yarappanahalli","admin_level":"9"}},{"type":"Feature","geometry":{"type":"Polygon","coordinates":[[[77.67855,13.10019],[77.6788,13.10046],[77.67262,13.107],[77.66948,13.10068],[77.66757,13.10012],[77.66693,13.09848],[77.66613,13.09582],[77.66716,13.09569],[77.66753,13.09433],[77.66741,13.09379],[77.66629,13.09138],[77.66566,13.0893],[77.67628,13.0978],[77.67855,13.10019]]]},"properties":{"osm_id":17421367,"zone_id":"W17421367","label":"Doddenahalli","admin_level":"9"}},{"type":"Feature","geometry":{"type":"Polygon","coordinates":[[[77.66148,13.10823],[77.66274,13.10807],[77.66185,13.10495],[77.65973,13.09923],[77.66012,13.09871],[77.65945,13.09699],[77.6602,13.09629],[77.66014,13.0954],[77.66156,13.09479],[77.66145,13.09418],[77.66154,13.09328],[77.66254,13.09169],[77.66352,13.09084],[77.66327,13.08888],[77.66502,13.08888],[77.66566,13.0893],[77.66632,13.09146],[77.66741,13.09379],[77.66752,13.09452],[77.66716,13.09569],[77.66613,13.09582],[77.66693,13.09848],[77.66757,13.10012],[77.66948,13.10068],[77.67251,13.10677],[77.67181,13.10732],[77.67008,13.10941],[77.67012,13.10953],[77.66442,13.10881],[77.66437,13.10822],[77.66018,13.10844],[77.66148,13.10823]]]},"properties":{"osm_id":17421368,"zone_id":"W17421368","label":"Kadasonnappanahalli","admin_level":"9"}},{"type":"Feature","geometry":{"type":"Polygon","coordinates":[[[77.65044,13.10481],[77.64912,13.10163],[77.64907,13.10107],[77.64823,13.09887],[77.64753,13.09763],[77.64673,13.09509],[77.64449,13.09035],[77.64335,13.08822],[77.64275,13.08676],[77.64613,13.08634],[77.64652,13.08615],[77.6466,13.08515],[77.64967,13.08124],[77.65476,13.08197],[77.65478,13.0826],[77.65451,13.08369],[77.65671,13.08524],[77.66182,13.08852],[77.66261,13.08899],[77.66327,13.08896],[77.66353,13.09072],[77.66348,13.0909],[77.66254,13.09169],[77.66154,13.09328],[77.66145,13.09418],[77.66156,13.09479],[77.66014,13.0954],[77.6602,13.09629],[77.65945,13.09699],[77.66012,13.09871],[77.65973,13.09923],[77.66185,13.10495],[77.66274,13.10807],[77.66018,13.10844],[77.65044,13.10481]]]},"properties":{"osm_id":17421370,"zone_id":"W17421370","label":"Kannuru","admin_level":"9"}},{"type":"Feature","geometry":{"type":"Polygon","coordinates":[[[77.58203,12.83708],[77.58061,12.83784],[77.57977,12.83808],[77.57314,12.83913],[77.56568,12.83968],[77.56254,12.83909],[77.58203,12.83708]]]},"properties":{"osm_id":17455734,"zone_id":"W17455734","label":"Bilvaradhahalli","admin_level":"9"}},{"type":"Feature","geometry":{"type":"Polygon","coordinates":[[[77.59478,12.83305],[77.59299,12.83433],[77.59174,12.83491],[77.59154,12.83451],[77.59054,12.83491],[77.59054,12.83554],[77.58956,12.83545],[77.58708,12.83363],[77.58433,12.83538],[77.58267,12.83671],[77.59478,12.83305]]]},"properties":{"osm_id":17455735,"zone_id":"W17455735","label":"Kalkere","admin_level":"9"}},{"type":"Feature","geometry":{"type":"Polygon","coordinates":[[[77.62131,12.83476],[77.62016,12.8366],[77.61776,12.83752],[77.6145,12.83907],[77.61273,12.83814],[77.6091,12.83673],[77.60961,12.83682],[77.60523,12.83523],[77.60355,12.83212],[77.62131,12.83476]]]},"properties":{"osm_id":17455742,"zone_id":"W17455742","label":"Hullahalli","admin_level":"9"}},{"type":"Feature","geometry":{"type":"Polygon","coordinates":[[[77.60355,12.83212],[77.60347,12.832],[77.60269,12.83243],[77.60163,12.83324],[77.6005,12.83385],[77.5975,12.83266],[77.59478,12.83305],[77.60355,12.83212]]]},"properties":{"osm_id":17455744,"zone_id":"W17455744","label":"Vaderahalli","admin_level":"9"}},{"type":"Feature","geometry":{"type":"Polygon","coordinates":[[[77.56254,12.83909],[77.5622,12.83902],[77.55998,12.84032],[77.55728,12.84153],[77.55718,12.84393],[77.55495,12.84767],[77.55448,12.84801],[77.55325,12.84777],[77.55326,12.84754],[77.55303,12.84714],[77.55202,12.84749],[77.55143,12.84792],[77.56254,12.83909]]]},"properties":{"osm_id":17455747,"zone_id":"W17455747","label":"Kannaiakana Agrahara","admin_level":"9"}},{"type":"Feature","geometry":{"type":"Polygon","coordinates":[[[77.68963,12.87489],[77.68863,12.87498],[77.68725,12.87476],[77.68696,12.87501],[77.68621,12.87456],[77.68536,12.87436],[77.68516,12.87414],[77.68523,12.87402],[77.68468,12.87394],[77.68418,12.87369],[77.68413,12.8738],[77.6819,12.87245],[77.68082,12.87207],[77.67992,12.87152],[77.67953,12.87125],[77.68059,12.87024],[77.68062,12.86997],[77.68038,12.86927],[77.6805,12.8692],[77.68045,12.86903],[77.68183,12.86924],[77.68443,12.869],[77.68768,12.86811],[77.68887,12.87268],[77.68963,12.87489]]]},"properties":{"osm_id":17455749,"zone_id":"W17455749","label":"Sriramapura","admin_level":"9"}},{"type":"Feature","geometry":{"type":"Polygon","coordinates":[[[77.68757,12.88241],[77.68047,12.88302],[77.67563,12.88387],[77.67375,12.88437],[77.67434,12.88383],[77.67403,12.87982],[77.67104,12.8803],[77.67247,12.87846],[77.67324,12.87805],[77.67426,12.87578],[77.67458,12.87535],[77.67529,12.87263],[77.67967,12.86919],[77.67967,12.86905],[77.68045,12.86903],[77.6805,12.8692],[77.68038,12.86927],[77.68062,12.86997],[77.68059,12.87024],[77.67953,12.87125],[77.67992,12.87152],[77.68082,12.87207],[77.6819,12.87245],[77.68413,12.8738],[77.68418,12.87369],[77.68468,12.87394],[77.68523,12.87402],[77.68516,12.87414],[77.68536,12.87436],[77.68621,12.87456],[77.68696,12.87501],[77.68725,12.87476],[77.68863,12.87498],[77.68963,12.87489],[77.69129,12.87915],[77.68985,12.8793],[77.69051,12.88071],[77.68861,12.88218],[77.68757,12.88241]]]},"properties":{"osm_id":17455750,"zone_id":"W17455750","label":"Rayasandra","admin_level":"9"}},{"type":"Feature","geometry":{"type":"Polygon","coordinates":[[[77.68757,12.88241],[77.68047,12.88302],[77.67563,12.88387],[77.67233,12.88465],[77.67254,12.88659],[77.67293,12.88813],[77.6729,12.88855],[77.67384,12.89319],[77.67407,12.8937],[77.676,12.89392],[77.67724,12.89429],[77.67837,12.89308],[77.68212,12.89208],[77.68476,12.89022],[77.68508,12.89014],[77.68605,12.88937],[77.68909,12.8866],[77.68818,12.88433],[77.68757,12.88241]]]},"properties":{"osm_id":17455751,"zone_id":"W17455751","label":"Choodasandra","admin_level":"9"}},{"type":"Feature","geometry":{"type":"Polygon","coordinates":[[[77.76465,12.92877],[77.76235,12.92839],[77.76133,12.92793],[77.75665,12.92634],[77.75222,12.92526],[77.75138,12.92208],[77.74569,12.9199],[77.74546,12.91881],[77.74518,12.91616],[77.74463,12.91321],[77.74431,12.90921],[77.74489,12.90889],[77.74832,12.90781],[77.7493,12.90734],[77.75024,12.90707],[77.75023,12.9052],[77.75127,12.90327],[77.75504,12.9109],[77.75676,12.91327],[77.75688,12.91767],[77.75903,12.91778],[77.76147,12.91752],[77.76292,12.91771],[77.76576,12.92082],[77.76592,12.92236],[77.76581,12.92246],[77.76588,12.92384],[77.76603,12.92479],[77.76587,12.92535],[77.76576,12.92534],[77.76538,12.92587],[77.76506,12.92697],[77.76479,12.92861],[77.76465,12.92877]]]},"properties":{"osm_id":17455752,"zone_id":"W17455752","label":"Alanahalli Thippasandra","admin_level":"9"}},{"type":"Feature","geometry":{"type":"Polygon","coordinates":[[[77.75676,12.91327],[77.75504,12.9109],[77.75125,12.90322],[77.75405,12.89907],[77.75394,12.89817],[77.75603,12.89791],[77.76042,12.89873],[77.76282,12.89974],[77.76385,12.90415],[77.76444,12.90829],[77.76476,12.90934],[77.76527,12.9104],[77.76208,12.91061],[77.76106,12.91083],[77.76077,12.91107],[77.76019,12.91121],[77.76027,12.91203],[77.7606,12.91246],[77.76023,12.91279],[77.75999,12.91281],[77.75994,12.91256],[77.75676,12.91327]]]},"properties":{"osm_id":17455753,"zone_id":"W17455753","label":"Ramanayakanahalli","admin_level":"9"}},{"type":"Feature","geometry":{"type":"Polygon","coordinates":[[[77.75126,12.90324],[77.74967,12.9024],[77.74851,12.90102],[77.74498,12.8991],[77.74297,12.89722],[77.74172,12.89583],[77.73982,12.89434],[77.74362,12.89124],[77.74952,12.89242],[77.75109,12.89358],[77.7526,12.89425],[77.75291,12.89478],[77.75399,12.89831],[77.75405,12.89907],[77.75126,12.90324]]]},"properties":{"osm_id":17455754,"zone_id":"W17455754","label":"Chikkavaderapura","admin_level":"9"}},{"type":"Feature","geometry":{"type":"Polygon","coordinates":[[[77.74446,12.90909],[77.75024,12.90707],[77.75023,12.9052],[77.75127,12.90327],[77.74967,12.9024],[77.74851,12.90102],[77.74498,12.8991],[77.74297,12.89722],[77.74172,12.89583],[77.73982,12.89435],[77.73925,12.90136],[77.74012,12.90691],[77.74244,12.90861],[77.74232,12.90902],[77.74446,12.90909]]]},"properties":{"osm_id":17455755,"zone_id":"W17455755","label":"Heggondanahalli","admin_level":"9"}},{"type":"Feature","geometry":{"type":"Polygon","coordinates":[[[77.69985,12.87864],[77.70416,12.878],[77.70427,12.87836],[77.70737,12.87726],[77.70705,12.87578],[77.70729,12.87297],[77.7072,12.87268],[77.70736,12.87241],[77.70723,12.87129],[77.70669,12.87],[77.7067,12.86978],[77.70717,12.86975],[77.70754,12.87048],[77.70845,12.86999],[77.70869,12.86875],[77.70857,12.86862],[77.70872,12.86846],[77.70897,12.86703],[77.70769,12.86686],[77.70764,12.86671],[77.70785,12.86654],[77.70787,12.86617],[77.70723,12.86552],[77.70694,12.86456],[77.70668,12.864],[77.70645,12.86383],[77.70545,12.86373],[77.70455,12.86344],[77.70198,12.8638],[77.70188,12.8635],[77.70172,12.86348],[77.70147,12.86272],[77.70113,12.86272],[77.70101,12.86247],[77.699,12.86377],[77.69614,12.86489],[77.6925,12.86694],[77.68771,12.86815],[77.68887,12.87268],[77.68966,12.875],[77.69154,12.87973],[77.69152,12.87992],[77.69665,12.87868],[77.69985,12.87864]]]},"properties":{"osm_id":17455756,"zone_id":"W17455756","label":"Gettehalli","admin_level":"9"}},{"type":"Feature","geometry":{"type":"Polygon","coordinates":[[[77.70737,12.87726],[77.70705,12.87578],[77.70729,12.87297],[77.7072,12.87268],[77.70736,12.87241],[77.70723,12.87129],[77.70669,12.87],[77.7067,12.86978],[77.70717,12.86975],[77.70754,12.87048],[77.70845,12.86999],[77.70869,12.86875],[77.70857,12.86862],[77.70872,12.86846],[77.70897,12.86703],[77.71368,12.86665],[77.71394,12.8673],[77.71557,12.86721],[77.71616,12.86734],[77.71677,12.86765],[77.71728,12.87087],[77.71775,12.87312],[77.71818,12.87453],[77.71863,12.87731],[77.71826,12.87783],[77.71654,12.87846],[77.71592,12.87679],[77.71244,12.87804],[77.71247,12.87741],[77.70737,12.87726]]]},"properties":{"osm_id":17455757,"zone_id":"W17455757","label":"Avalahalli","admin_level":"9"}},{"type":"Feature","geometry":{"type":"Polygon","coordinates":[[[77.7213,12.87801],[77.71871,12.87718],[77.71863,12.87731],[77.71818,12.87453],[77.71775,12.87312],[77.71728,12.87087],[77.71677,12.86765],[77.71729,12.86766],[77.71834,12.86677],[77.71883,12.86673],[77.72139,12.86712],[77.73318,12.8669],[77.73382,12.87055],[77.73406,12.8736],[77.73117,12.87375],[77.72764,12.87532],[77.72531,12.87683],[77.7213,12.87801]]]},"properties":{"osm_id":17455758,"zone_id":"W17455758","label":"Chokkasandra","admin_level":"9"}},{"type":"Feature","geometry":{"type":"Polygon","coordinates":[[[77.73982,12.89434],[77.73808,12.88614],[77.73691,12.88299],[77.73702,12.88293],[77.73618,12.88025],[77.73434,12.87488],[77.73394,12.87282],[77.73384,12.87087],[77.73757,12.86927],[77.73855,12.86904],[77.73852,12.8689],[77.73903,12.86868],[77.74128,12.86805],[77.74509,12.86739],[77.74618,12.86629],[77.74631,12.86647],[77.74666,12.86628],[77.74675,12.86647],[77.74661,12.86682],[77.74691,12.86727],[77.7479,12.86688],[77.74808,12.86724],[77.74914,12.86681],[77.75019,12.86713],[77.75084,12.86755],[77.75285,12.8674],[77.75302,12.86811],[77.75318,12.86816],[77.75389,12.86964],[77.75413,12.87295],[77.7543,12.87352],[77.75427,12.87434],[77.75486,12.87438],[77.75485,12.87486],[77.75522,12.87497],[77.75533,12.87536],[77.7557,12.87555],[77.75569,12.87575],[77.7575,12.87652],[77.75743,12.87707],[77.75704,12.877],[77.75696,12.87833],[77.7567,12.87874],[77.75588,12.87888],[77.75556,12.87874],[77.75527,12.87902],[77.755,12.87931],[77.75503,12.87951],[77.75448,12.88087],[77.75259,12.88261],[77.74935,12.88359],[77.74884,12.88418],[77.74888,12.88432],[77.74875,12.88436],[77.74852,12.88488],[77.74725,12.88593],[77.74779,12.88659],[77.74772,12.88667],[77.74733,12.88646],[77.74702,12.88651],[77.74673,12.88639],[77.74607,12.88776],[77.74362,12.89124],[77.73982,12.89434]]]},"properties":{"osm_id":17455759,"zone_id":"W17455759","label":"Dommasandra","admin_level":"9"}},{"type":"Feature","geometry":{"type":"Polygon","coordinates":[[[77.76041,12.89873],[77.75603,12.89791],[77.75394,12.89817],[77.75291,12.89478],[77.7526,12.89425],[77.75109,12.89358],[77.74952,12.89242],[77.74362,12.89124],[77.74607,12.88776],[77.74663,12.88649],[77.74673,12.88639],[77.74702,12.88651],[77.74733,12.88646],[77.74772,12.88667],[77.74779,12.88659],[77.74725,12.88593],[77.74852,12.88488],[77.74875,12.88436],[77.74888,12.88432],[77.74884,12.88418],[77.74935,12.88359],[77.75259,12.88261],[77.75456,12.88079],[77.75526,12.88065],[77.75509,12.88024],[77.75584,12.88001],[77.75612,12.8805],[77.75802,12.8801],[77.75858,12.8812],[77.75935,12.88098],[77.76019,12.88265],[77.76031,12.88303],[77.76023,12.88321],[77.76086,12.88413],[77.76159,12.88481],[77.76145,12.88486],[77.76178,12.88532],[77.76249,12.8888],[77.76247,12.89146],[77.7621,12.8918],[77.76201,12.89309],[77.76132,12.89381],[77.76041,12.89873]]]},"properties":{"osm_id":17455760,"zone_id":"W17455760","label":"Thigalachowdadenahalli","admin_level":"9"}},{"type":"Feature","geometry":{"type":"Polygon","coordinates":[[[77.75448,12.88087],[77.75503,12.87951],[77.755,12.87931],[77.75556,12.87874],[77.75588,12.87888],[77.7567,12.87874],[77.75696,12.87833],[77.75704,12.877],[77.75743,12.87707],[77.7575,12.87652],[77.75569,12.87575],[77.7557,12.87555],[77.75533,12.87536],[77.75522,12.87497],[77.75485,12.87486],[77.75486,12.87438],[77.75427,12.87434],[77.7543,12.87352],[77.75413,12.87295],[77.75389,12.86964],[77.75318,12.86816],[77.75302,12.86811],[77.75285,12.8674],[77.75084,12.86755],[77.75019,12.86713],[77.74914,12.86681],[77.74808,12.86724],[77.7479,12.86688],[77.74691,12.86727],[77.74661,12.86682],[77.74675,12.86647],[77.74666,12.86628],[77.74864,12.86463],[77.74855,12.86445],[77.74866,12.86434],[77.7491,12.8643],[77.75105,12.86348],[77.75263,12.86301],[77.75434,12.86293],[77.75536,12.86303],[77.75631,12.86336],[77.75635,12.86369],[77.75746,12.86394],[77.75876,12.86397],[77.76135,12.86357],[77.76246,12.86368],[77.76332,12.86356],[77.7639,12.86375],[77.76454,12.86377],[77.7653,12.8656],[77.76623,12.86727],[77.76697,12.86716],[77.76712,12.8674],[77.7677,12.86922],[77.76805,12.87215],[77.76899,12.87446],[77.76953,12.87522],[77.76998,12.87538],[77.77027,12.8757],[77.77123,12.8759],[77.77238,12.87551],[77.7725,12.87586],[77.77288,12.87603],[77.77295,12.87649],[77.77183,12.8771],[77.77147,12.87789],[77.77124,12.87806],[77.769,12.87881],[77.76819,12.87917],[77.76817,12.87928],[77.76812,12.87911],[77.76793,12.87919],[77.76746,12.87849],[77.76735,12.87811],[77.76724,12.87815],[77.76718,12.87784],[77.76675,12.87794],[77.7666,12.87742],[77.76556,12.87716],[77.76256,12.87713],[77.75935,12.8777],[77.75863,12.87815],[77.75877,12.87983],[77.75797,12.88],[77.75802,12.8801],[77.75704,12.88038],[77.75612,12.8805],[77.75584,12.88001],[77.75509,12.88024],[77.75526,12.88065],[77.75448,12.88087]]]},"properties":{"osm_id":17455761,"zone_id":"W17455761","label":"Yamare","admin_level":"9"}},{"type":"Feature","geometry":{"type":"Polygon","coordinates":[[[77.77295,12.87647],[77.77288,12.87603],[77.7725,12.87586],[77.77238,12.87551],[77.77123,12.8759],[77.77027,12.8757],[77.76998,12.87538],[77.76953,12.87522],[77.76899,12.87446],[77.76805,12.87215],[77.7677,12.86922],[77.76712,12.8674],[77.76697,12.86716],[77.76623,12.86727],[77.7653,12.8656],[77.76446,12.86374],[77.76478,12.8634],[77.76591,12.86312],[77.76618,12.86347],[77.76762,12.86269],[77.76718,12.86005],[77.76589,12.85721],[77.76671,12.85705],[77.76685,12.85756],[77.76698,12.85755],[77.76701,12.85767],[77.76782,12.85718],[77.76885,12.85678],[77.76973,12.85876],[77.76966,12.85883],[77.77021,12.85981],[77.77142,12.86146],[77.7725,12.86262],[77.77425,12.86245],[77.77441,12.86253],[77.77443,12.8628],[77.77545,12.86301],[77.77554,12.86323],[77.77711,12.86347],[77.77703,12.86468],[77.77747,12.86471],[77.7776,12.86509],[77.77752,12.86561],[77.7774,12.86569],[77.77746,12.86583],[77.77788,12.86609],[77.77834,12.86668],[77.77868,12.86653],[77.77907,12.86725],[77.7794,12.86832],[77.77956,12.86841],[77.77974,12.86892],[77.77864,12.86931],[77.7788,12.8698],[77.77884,12.87299],[77.77846,12.87517],[77.77586,12.87563],[77.77547,12.87584],[77.77501,12.87587],[77.77421,12.87618],[77.77403,12.87611],[77.77367,12.87632],[77.77295,12.87647]]]},"properties":{"osm_id":17455762,"zone_id":"W17455762","label":"Somapura","admin_level":"9"}},{"type":"Feature","geometry":{"type":"Polygon","coordinates":[[[77.77846,12.87517],[77.77586,12.87563],[77.77547,12.87584],[77.77501,12.87587],[77.77421,12.87618],[77.77403,12.87611],[77.77367,12.87632],[77.77295,12.87647],[77.77183,12.8771],[77.77147,12.87789],[77.77124,12.87806],[77.76819,12.87917],[77.76827,12.87965],[77.76897,12.8809],[77.769,12.8813],[77.76975,12.8825],[77.76929,12.88274],[77.76964,12.88455],[77.76952,12.88543],[77.771,12.89518],[77.77846,12.87517]]]},"properties":{"osm_id":17455765,"zone_id":"W17455765","label":"Valagere Kallahalli","admin_level":"9"}},{"type":"Feature","geometry":{"type":"Polygon","coordinates":[[[77.76817,12.87928],[77.76812,12.87911],[77.76793,12.87919],[77.76746,12.87849],[77.76735,12.87811],[77.76724,12.87815],[77.76718,12.87784],[77.76675,12.87794],[77.76669,12.87752],[77.76647,12.87735],[77.76556,12.87716],[77.76256,12.87713],[77.75935,12.8777],[77.75863,12.87815],[77.75877,12.87983],[77.75797,12.88],[77.75858,12.8812],[77.75885,12.88119],[77.7593,12.88094],[77.75939,12.88102],[77.76019,12.88265],[77.76031,12.88303],[77.76023,12.88321],[77.76086,12.88413],[77.76159,12.88481],[77.76145,12.88486],[77.76178,12.88532],[77.76249,12.8888],[77.76247,12.89146],[77.7621,12.8918],[77.76201,12.89309],[77.76132,12.89381],[77.76041,12.89873],[77.76282,12.89974],[77.76665,12.90012],[77.76955,12.89887],[77.77101,12.89516],[77.76952,12.88543],[77.76964,12.88455],[77.76929,12.88274],[77.76975,12.8825],[77.769,12.8813],[77.76897,12.8809],[77.76874,12.88063],[77.76817,12.87928]]]},"properties":{"osm_id":17455766,"zone_id":"W17455766","label":"Chambenahalli","admin_level":"9"}},{"type":"Feature","geometry":{"type":"Polygon","coordinates":[[[77.771,12.89518],[77.76955,12.89887],[77.76675,12.90007],[77.76907,12.90991],[77.77025,12.90934],[77.77037,12.90945],[77.77089,12.91172],[77.77122,12.91261],[77.77134,12.9135],[77.77211,12.91541],[77.77268,12.91758],[77.77286,12.91755],[77.77328,12.91913],[77.7732,12.92082],[77.77351,12.92118],[77.77448,12.92107],[77.77562,12.92106],[77.7764,12.92119],[77.77915,12.9211],[77.77928,12.92104],[77.771,12.89518]]]},"properties":{"osm_id":17455767,"zone_id":"W17455767","label":"Nerige","admin_level":"9"}},{"type":"Feature","geometry":{"type":"Polygon","coordinates":[[[77.76675,12.90007],[77.76276,12.89974],[77.76385,12.90415],[77.76444,12.90829],[77.76476,12.90934],[77.76527,12.9104],[77.76208,12.91061],[77.76106,12.91083],[77.76077,12.91107],[77.76019,12.91121],[77.76027,12.91203],[77.7606,12.91246],[77.76023,12.91279],[77.75999,12.91281],[77.75994,12.91256],[77.75676,12.91327],[77.75688,12.91767],[77.75903,12.91778],[77.76147,12.91752],[77.76292,12.91771],[77.76576,12.92082],[77.76592,12.92238],[77.76792,12.92194],[77.76995,12.92129],[77.77159,12.92092],[77.77321,12.92073],[77.77328,12.91913],[77.77286,12.91755],[77.77268,12.91758],[77.77211,12.91541],[77.77134,12.9135],[77.77122,12.91261],[77.77089,12.91172],[77.77037,12.90945],[77.77025,12.90934],[77.76907,12.90991],[77.76675,12.90007]]]},"properties":{"osm_id":17455768,"zone_id":"W17455768","label":"Kattariguppe","admin_level":"9"}},{"type":"Feature","geometry":{"type":"Polygon","coordinates":[[[77.77928,12.92104],[77.7764,12.92119],[77.77562,12.92106],[77.77448,12.92107],[77.77351,12.92118],[77.77321,12.92073],[77.773,12.92074],[77.76995,12.92129],[77.76792,12.92194],[77.76592,12.92236],[77.76581,12.92246],[77.76584,12.92319],[77.76603,12.92479],[77.76587,12.92535],[77.76576,12.92534],[77.76538,12.92587],[77.76506,12.92697],[77.76479,12.92861],[77.76465,12.92877],[77.76511,12.93024],[77.76629,12.92964],[77.77289,12.92831],[77.77308,12.92809],[77.77351,12.92794],[77.77453,12.92781],[77.77509,12.92789],[77.77518,12.92803],[77.77581,12.92807],[77.77593,12.92827],[77.77616,12.92829],[77.77691,12.92793],[77.77746,12.92797],[77.77778,12.92855],[77.7783,12.92852],[77.77857,12.92888],[77.77855,12.92927],[77.77886,12.93002],[77.77889,12.93069],[77.77928,12.92104]]]},"properties":{"osm_id":17455769,"zone_id":"W17455769","label":"Nekkondi Dommasandra","admin_level":"9"}},{"type":"Feature","geometry":{"type":"Polygon","coordinates":[[[77.77607,12.8349],[77.77606,12.835],[77.77509,12.83538],[77.77607,12.8349]]]},"properties":{"osm_id":17455795,"zone_id":"W17455795","label":"Billachikkanahalli","admin_level":"9"}},{"type":"Feature","geometry":{"type":"Polygon","coordinates":[[[77.77837,12.8358],[77.77745,12.83466],[77.77607,12.8349],[77.77837,12.8358]]]},"properties":{"osm_id":17455796,"zone_id":"W17455796","label":"Modihalli","admin_level":"9"}},{"type":"Feature","geometry":{"type":"Polygon","coordinates":[[[77.76973,12.85876],[77.76966,12.85883],[77.77034,12.86],[77.77142,12.86146],[77.7725,12.86262],[77.77425,12.86245],[77.77441,12.86253],[77.77443,12.8628],[77.77545,12.86301],[77.77554,12.86323],[77.77711,12.86347],[77.77703,12.86468],[77.77747,12.86471],[77.7776,12.86509],[77.77752,12.86561],[77.7774,12.86569],[77.77746,12.86583],[77.77788,12.86609],[77.77834,12.86668],[77.77868,12.86653],[77.77974,12.86892],[77.77864,12.86931],[77.7788,12.8698],[77.77884,12.87299],[77.77846,12.87517],[77.76973,12.85876]]]},"properties":{"osm_id":17455801,"zone_id":"W17455801","label":"Sarjapura","admin_level":"9"}},{"type":"Feature","geometry":{"type":"Polygon","coordinates":[[[77.77669,12.84699],[77.77607,12.84687],[77.77316,12.84464],[77.77091,12.84158],[77.77278,12.8407],[77.77427,12.83887],[77.77436,12.83835],[77.77604,12.83675],[77.7785,12.83601],[77.77837,12.8358],[77.77669,12.84699]]]},"properties":{"osm_id":17455803,"zone_id":"W17455803","label":"Bhoragunte","admin_level":"9"}},{"type":"Feature","geometry":{"type":"Polygon","coordinates":[[[77.77669,12.84699],[77.77607,12.84687],[77.77316,12.84464],[77.77091,12.84158],[77.7679,12.8429],[77.76967,12.84641],[77.76956,12.84647],[77.77008,12.84728],[77.77005,12.84918],[77.76835,12.85134],[77.76709,12.85263],[77.76588,12.85323],[77.76589,12.85721],[77.76671,12.85705],[77.76685,12.85756],[77.76698,12.85755],[77.76701,12.85767],[77.76782,12.85718],[77.76885,12.85678],[77.76973,12.85876],[77.77669,12.84699]]]},"properties":{"osm_id":17455804,"zone_id":"W17455804","label":"Chikkadunnasandra","admin_level":"9"}},{"type":"Feature","geometry":{"type":"Polygon","coordinates":[[[77.76446,12.86374],[77.76478,12.8634],[77.76591,12.86312],[77.76618,12.86347],[77.76762,12.86269],[77.76718,12.86005],[77.76599,12.85753],[77.76376,12.85798],[77.76211,12.85795],[77.76197,12.85773],[77.76116,12.85785],[77.76033,12.85758],[77.75717,12.85808],[77.75159,12.85956],[77.7515,12.86182],[77.75196,12.86307],[77.75176,12.86324],[77.75263,12.86301],[77.75497,12.86298],[77.75631,12.86336],[77.75635,12.86369],[77.75746,12.86394],[77.75876,12.86397],[77.76135,12.86357],[77.76246,12.86368],[77.76332,12.86356],[77.7639,12.86375],[77.76446,12.86374]]]},"properties":{"osm_id":17455805,"zone_id":"W17455805","label":"Kada Agrahara","admin_level":"9"}},{"type":"Feature","geometry":{"type":"Polygon","coordinates":[[[77.76599,12.85753],[77.76583,12.85658],[77.76594,12.85471],[77.76588,12.85323],[77.76709,12.85263],[77.76835,12.85134],[77.77005,12.84918],[77.77008,12.84728],[77.76956,12.84647],[77.76967,12.84641],[77.76786,12.84282],[77.76614,12.84351],[77.76397,12.84262],[77.7636,12.843],[77.76285,12.84273],[77.76182,12.84283],[77.76174,12.84267],[77.76022,12.84285],[77.75378,12.84548],[77.7521,12.84554],[77.75099,12.84532],[77.7502,12.84533],[77.74992,12.84671],[77.74978,12.84843],[77.74878,12.85102],[77.75164,12.85955],[77.75717,12.85808],[77.76033,12.85758],[77.76116,12.85785],[77.76197,12.85773],[77.76211,12.85795],[77.76376,12.85798],[77.76599,12.85753]]]},"properties":{"osm_id":17455806,"zone_id":"W17455806","label":"Hosahalli","admin_level":"9"}},{"type":"Feature","geometry":{"type":"Polygon","coordinates":[[[77.74666,12.86628],[77.74864,12.86463],[77.74855,12.86445],[77.74866,12.86434],[77.7491,12.8643],[77.75196,12.86307],[77.7515,12.86182],[77.75164,12.85955],[77.74982,12.85424],[77.74878,12.85077],[77.74699,12.85044],[77.74606,12.85064],[77.74441,12.85069],[77.74384,12.85085],[77.74372,12.85077],[77.74353,12.85091],[77.74186,12.85132],[77.74047,12.85212],[77.73996,12.85228],[77.74004,12.85247],[77.73843,12.85321],[77.73829,12.85308],[77.73721,12.85371],[77.73032,12.85609],[77.73024,12.85623],[77.73323,12.86708],[77.73384,12.87087],[77.73757,12.86927],[77.73855,12.86904],[77.73852,12.8689],[77.73903,12.86868],[77.74128,12.86805],[77.74509,12.86739],[77.74618,12.86629],[77.74631,12.86647],[77.74666,12.86628]]]},"properties":{"osm_id":17455807,"zone_id":"W17455807","label":"Kammasandra","admin_level":"9"}},{"type":"Feature","geometry":{"type":"Polygon","coordinates":[[[77.74883,12.85089],[77.74978,12.84843],[77.74992,12.84671],[77.75023,12.84521],[77.74917,12.84072],[77.74906,12.84073],[77.74835,12.83955],[77.74731,12.83996],[77.74608,12.84006],[77.74503,12.83947],[77.74221,12.83905],[77.74058,12.83869],[77.74049,12.83848],[77.74024,12.83889],[77.74026,12.8395],[77.73973,12.84063],[77.73968,12.84189],[77.74028,12.84311],[77.74103,12.8437],[77.7413,12.84412],[77.74148,12.84402],[77.74253,12.84526],[77.74268,12.84579],[77.74368,12.84692],[77.74355,12.84777],[77.74372,12.84845],[77.74248,12.84915],[77.74236,12.84905],[77.74167,12.84952],[77.74175,12.85139],[77.74372,12.85077],[77.74384,12.85085],[77.74441,12.85069],[77.74606,12.85064],[77.74699,12.85044],[77.7482,12.85062],[77.74878,12.85077],[77.74883,12.85089]]]},"properties":{"osm_id":17455808,"zone_id":"W17455808","label":"Chikkathimmasandra","admin_level":"9"}},{"type":"Feature","geometry":{"type":"Polygon","coordinates":[[[77.74175,12.85139],[77.74167,12.84952],[77.74236,12.84905],[77.74248,12.84915],[77.74372,12.84845],[77.74355,12.84777],[77.74368,12.84692],[77.74268,12.84579],[77.74253,12.84526],[77.74148,12.84402],[77.7413,12.84412],[77.74103,12.8437],[77.74028,12.84311],[77.73968,12.84189],[77.73973,12.84063],[77.74026,12.8395],[77.74024,12.83889],[77.74043,12.83859],[77.73656,12.84086],[77.73668,12.84266],[77.73637,12.84309],[77.73608,12.84322],[77.73571,12.84314],[77.73507,12.84352],[77.73498,12.84398],[77.73459,12.84406],[77.73423,12.84396],[77.7336,12.84359],[77.73129,12.84416],[77.73148,12.84528],[77.7312,12.84529],[77.7312,12.84613],[77.73098,12.84655],[77.73097,12.84757],[77.73054,12.84777],[77.72944,12.84787],[77.72948,12.84885],[77.72841,12.84894],[77.72775,12.84915],[77.72805,12.85114],[77.72891,12.85241],[77.7293,12.85378],[77.72985,12.85488],[77.73024,12.85623],[77.73032,12.85609],[77.73721,12.85371],[77.73829,12.85308],[77.73843,12.85321],[77.74004,12.85247],[77.73996,12.85228],[77.74047,12.85212],[77.74175,12.85139]]]},"properties":{"osm_id":17455809,"zone_id":"W17455809","label":"Gopasandra","admin_level":"9"}},{"type":"Feature","geometry":{"type":"Polygon","coordinates":[[[77.7519,12.83333],[77.75287,12.83649],[77.75336,12.83759],[77.75199,12.83805],[77.74965,12.83918],[77.74836,12.83957],[77.74906,12.84073],[77.74917,12.84072],[77.7502,12.84533],[77.75099,12.84532],[77.7521,12.84554],[77.75378,12.84548],[77.76022,12.84285],[77.76174,12.84267],[77.76182,12.84283],[77.76285,12.84273],[77.7636,12.843],[77.76397,12.84262],[77.76614,12.84351],[77.76786,12.84282],[77.7679,12.8429],[77.77278,12.8407],[77.77427,12.83887],[77.77436,12.83835],[77.77548,12.83719],[77.77608,12.83672],[77.7785,12.83601],[77.77745,12.83466],[77.77613,12.83487],[77.77606,12.835],[77.77513,12.83541],[77.7519,12.83333]]]},"properties":{"osm_id":17455810,"zone_id":"W17455810","label":"Bikkanahalli","admin_level":"9"}},{"type":"Feature","geometry":{"type":"Polygon","coordinates":[[[77.7405,12.8385],[77.74058,12.83869],[77.74221,12.83905],[77.74503,12.83947],[77.74608,12.84006],[77.74731,12.83996],[77.74939,12.83927],[77.75199,12.83805],[77.75336,12.83759],[77.75287,12.83649],[77.7519,12.83333],[77.7405,12.8385]]]},"properties":{"osm_id":17455811,"zone_id":"W17455811","label":"Samenahalli","admin_level":"9"}},{"type":"Feature","geometry":{"type":"Polygon","coordinates":[[[77.72775,12.84915],[77.72841,12.84894],[77.72948,12.84885],[77.72944,12.84787],[77.73054,12.84777],[77.73097,12.84757],[77.73098,12.84655],[77.7312,12.84613],[77.7312,12.84529],[77.73148,12.84528],[77.73129,12.84416],[77.7336,12.84359],[77.73423,12.84396],[77.73459,12.84406],[77.73498,12.84398],[77.73507,12.84352],[77.73571,12.84314],[77.73608,12.84322],[77.73637,12.84309],[77.73668,12.84266],[77.73656,12.84086],[77.74049,12.83848],[77.72775,12.84915]]]},"properties":{"osm_id":17455818,"zone_id":"W17455818","label":"Muttanalluru","admin_level":"9"}},{"type":"Feature","geometry":{"type":"Polygon","coordinates":[[[77.70534,12.8304],[77.70538,12.83049],[77.70431,12.83128],[77.70027,12.8348],[77.70534,12.8304]]]},"properties":{"osm_id":17455822,"zone_id":"W17455822","label":"Andhapura","admin_level":"9"}},{"type":"Feature","geometry":{"type":"Polygon","coordinates":[[[77.70082,12.85611],[77.70063,12.85612],[77.69995,12.85572],[77.69954,12.85462],[77.69807,12.85429],[77.6958,12.8533],[77.69521,12.85287],[77.6932,12.85036],[77.69131,12.84774],[77.68583,12.84498],[77.68717,12.84276],[77.68775,12.84417],[77.69286,12.84271],[77.70335,12.84299],[77.70706,12.84422],[77.7076,12.84587],[77.70748,12.84575],[77.7079,12.84856],[77.70801,12.84869],[77.70786,12.84952],[77.70761,12.84971],[77.70745,12.85017],[77.70741,12.85132],[77.70769,12.85337],[77.70726,12.85514],[77.70685,12.85509],[77.70681,12.85522],[77.70204,12.85613],[77.70082,12.85611]]]},"properties":{"osm_id":17455823,"zone_id":"W17455823","label":"Gulimangala","admin_level":"9"}},{"type":"Feature","geometry":{"type":"Polygon","coordinates":[[[77.70786,12.84952],[77.70801,12.84869],[77.7079,12.84856],[77.70748,12.84575],[77.7076,12.84587],[77.70706,12.84422],[77.70335,12.84299],[77.69286,12.84271],[77.69285,12.84261],[77.69265,12.84261],[77.69816,12.83947],[77.69884,12.83937],[77.70205,12.83914],[77.70631,12.8403],[77.71163,12.84008],[77.7136,12.84048],[77.71466,12.84034],[77.71488,12.84233],[77.71453,12.84237],[77.7146,12.84472],[77.71451,12.84542],[77.71525,12.8454],[77.71559,12.84494],[77.71553,12.84512],[77.71614,12.84671],[77.71572,12.84754],[77.71537,12.84786],[77.71498,12.84895],[77.71412,12.84889],[77.71321,12.84864],[77.71309,12.84922],[77.71279,12.84916],[77.71172,12.84984],[77.71089,12.85001],[77.70982,12.8494],[77.70847,12.8494],[77.70786,12.84952]]]},"properties":{"osm_id":17455824,"zone_id":"W17455824","label":"Gottamaranahalli","admin_level":"9"}},{"type":"Feature","geometry":{"type":"Polygon","coordinates":[[[77.70534,12.8304],[77.70538,12.83049],[77.70056,12.8345],[77.69747,12.83744],[77.69041,12.83933],[77.68714,12.84122],[77.68736,12.84247],[77.68717,12.84276],[77.68775,12.84417],[77.69286,12.84271],[77.69285,12.84261],[77.69265,12.84261],[77.6963,12.84047],[77.69816,12.83947],[77.69884,12.83937],[77.70205,12.83914],[77.70631,12.8403],[77.71163,12.84008],[77.7136,12.84048],[77.71466,12.84034],[77.71488,12.84233],[77.71453,12.84237],[77.7146,12.84472],[77.71451,12.84542],[77.71525,12.8454],[77.71559,12.84494],[77.71553,12.84512],[77.71614,12.84671],[77.71572,12.84754],[77.71537,12.84786],[77.71498,12.84895],[77.71594,12.84869],[77.71623,12.85131],[77.71756,12.85084],[77.70534,12.8304]]]},"properties":{"osm_id":17455825,"zone_id":"W17455825","label":"Singena Agrahara","admin_level":"9"}},{"type":"Feature","geometry":{"type":"Polygon","coordinates":[[[77.71756,12.85084],[77.71909,12.85112],[77.71907,12.85101],[77.71936,12.85074],[77.72427,12.85063],[77.7277,12.85024],[77.72782,12.85015],[77.72775,12.84915],[77.71756,12.85084]]]},"properties":{"osm_id":17455826,"zone_id":"W17455826","label":"Narayanagatta","admin_level":"9"}},{"type":"Feature","geometry":{"type":"Polygon","coordinates":[[[77.71623,12.85131],[77.71594,12.84869],[77.71498,12.84895],[77.71412,12.84889],[77.71321,12.84864],[77.71309,12.84922],[77.71279,12.84916],[77.71172,12.84984],[77.71089,12.85001],[77.70982,12.8494],[77.70847,12.8494],[77.70786,12.84952],[77.70761,12.84971],[77.70745,12.85017],[77.70741,12.85132],[77.70769,12.85337],[77.70758,12.85399],[77.70726,12.85514],[77.70685,12.85509],[77.70681,12.85522],[77.70838,12.85543],[77.71076,12.85437],[77.71207,12.85397],[77.71401,12.85414],[77.71673,12.8536],[77.71684,12.85319],[77.71675,12.85304],[77.71679,12.85231],[77.71643,12.8524],[77.71618,12.85155],[77.71623,12.85131]]]},"properties":{"osm_id":17455827,"zone_id":"W17455827","label":"Chinkala Madinala","admin_level":"9"}},{"type":"Feature","geometry":{"type":"Polygon","coordinates":[[[77.73024,12.85623],[77.72985,12.85488],[77.7293,12.85378],[77.72891,12.85241],[77.72805,12.85114],[77.72782,12.85015],[77.72427,12.85063],[77.72117,12.85077],[77.71976,12.8507],[77.71936,12.85074],[77.71907,12.85101],[77.7192,12.85153],[77.71914,12.85177],[77.71877,12.85303],[77.71833,12.85365],[77.71828,12.85392],[77.71835,12.85426],[77.7189,12.85473],[77.71924,12.8554],[77.71927,12.85601],[77.71911,12.85612],[77.7192,12.8567],[77.71989,12.85687],[77.7203,12.85786],[77.72061,12.85916],[77.72147,12.85913],[77.72281,12.8593],[77.7258,12.86016],[77.727,12.86072],[77.7316,12.86115],[77.73024,12.85623]]]},"properties":{"osm_id":17455828,"zone_id":"W17455828","label":"Kaggalipura","admin_level":"9"}},{"type":"Feature","geometry":{"type":"Polygon","coordinates":[[[77.73318,12.8669],[77.7316,12.86115],[77.727,12.86072],[77.7258,12.86016],[77.72281,12.8593],[77.72147,12.85913],[77.72061,12.85916],[77.7203,12.85786],[77.71989,12.85687],[77.7192,12.8567],[77.71911,12.85627],[77.71897,12.8562],[77.71823,12.85683],[77.71782,12.85754],[77.71762,12.8575],[77.71725,12.8587],[77.71756,12.85895],[77.71735,12.85972],[77.71351,12.8657],[77.71394,12.8673],[77.71557,12.86721],[77.71616,12.86734],[77.71677,12.86765],[77.71729,12.86766],[77.71834,12.86677],[77.71883,12.86673],[77.72139,12.86712],[77.73318,12.8669]]]},"properties":{"osm_id":17455829,"zone_id":"W17455829","label":"Harohalli","admin_level":"9"}},{"type":"Feature","geometry":{"type":"Polygon","coordinates":[[[77.71375,12.86666],[77.71351,12.8657],[77.71741,12.85959],[77.71756,12.85895],[77.71725,12.8587],[77.71762,12.8575],[77.71782,12.85754],[77.71823,12.85683],[77.71867,12.85638],[77.71897,12.8562],[77.71911,12.85627],[77.71927,12.85601],[77.71924,12.8554],[77.71909,12.85504],[77.71835,12.85426],[77.71828,12.85392],[77.71833,12.85365],[77.71877,12.85303],[77.71914,12.85177],[77.7192,12.85153],[77.71907,12.85112],[77.71745,12.85083],[77.71623,12.85131],[77.71618,12.85155],[77.71643,12.8524],[77.71679,12.85231],[77.71675,12.85304],[77.71684,12.85319],[77.71673,12.8536],[77.71401,12.85414],[77.71207,12.85397],[77.71076,12.85437],[77.70838,12.85543],[77.70681,12.85522],[77.70204,12.85613],[77.70082,12.85611],[77.70097,12.85714],[77.70095,12.85826],[77.7012,12.85969],[77.70109,12.86005],[77.70136,12.86089],[77.70132,12.86133],[77.70157,12.86185],[77.701,12.86237],[77.70113,12.86272],[77.70147,12.86272],[77.70172,12.86348],[77.70188,12.8635],[77.70198,12.8638],[77.70455,12.86344],[77.70545,12.86373],[77.70645,12.86383],[77.70668,12.864],[77.70694,12.86456],[77.70723,12.86552],[77.70787,12.86617],[77.70785,12.86654],[77.70764,12.86671],[77.70771,12.86688],[77.70897,12.86703],[77.71375,12.86666]]]},"properties":{"osm_id":17455830,"zone_id":"W17455830","label":"Huskuru","admin_level":"9"}},{"type":"Feature","geometry":{"type":"Polygon","coordinates":[[[77.70082,12.85611],[77.70063,12.85612],[77.69995,12.85572],[77.69954,12.85462],[77.69807,12.85429],[77.6958,12.8533],[77.69521,12.85287],[77.6932,12.85036],[77.69131,12.84774],[77.68583,12.84498],[77.68577,12.8448],[77.68188,12.84567],[77.68467,12.85643],[77.68579,12.8604],[77.68678,12.86338],[77.68786,12.86811],[77.6925,12.86694],[77.69614,12.86489],[77.699,12.86377],[77.70102,12.86247],[77.70101,12.86229],[77.70157,12.86185],[77.70132,12.86133],[77.70136,12.86089],[77.70109,12.86005],[77.7012,12.85969],[77.70095,12.85826],[77.70097,12.85714],[77.70082,12.85611]]]},"properties":{"osm_id":17455831,"zone_id":"W17455831","label":"Chikkanagamangala","admin_level":"9"}},{"type":"Feature","geometry":{"type":"Polygon","coordinates":[[[77.68589,12.84491],[77.68583,12.84449],[77.68327,12.84176],[77.68308,12.8418],[77.68178,12.83998],[77.68115,12.83938],[77.67899,12.8378],[77.67844,12.8378],[77.67796,12.83757],[77.67758,12.83518],[77.6771,12.8346],[77.67698,12.834],[77.67631,12.834],[77.67584,12.83352],[77.67536,12.83357],[77.6738,12.83421],[77.67358,12.8339],[77.66985,12.83469],[77.66567,12.83643],[77.66565,12.83622],[77.6649,12.83656],[77.66381,12.84111],[77.67231,12.84233],[77.67491,12.84227],[77.67659,12.84261],[77.67848,12.84315],[77.67954,12.84386],[77.67963,12.84373],[77.68182,12.84541],[77.68188,12.84567],[77.68577,12.8448],[77.68589,12.84491]]]},"properties":{"osm_id":17455832,"zone_id":"W17455832","label":"Veerasandra","admin_level":"9"}},{"type":"Feature","geometry":{"type":"Polygon","coordinates":[[[77.64609,12.83944],[77.64774,12.83889],[77.64819,12.83923],[77.64899,12.83943],[77.64964,12.83914],[77.65033,12.83818],[77.65096,12.83842],[77.65202,12.83759],[77.65181,12.83738],[77.65567,12.83623],[77.65663,12.83583],[77.65706,12.8354],[77.65945,12.83484],[77.65947,12.83493],[77.66118,12.83445],[77.66181,12.83482],[77.64609,12.83944]]]},"properties":{"osm_id":17455833,"zone_id":"W17455833","label":"Maragondanahalli","admin_level":"9"}},{"type":"Feature","geometry":{"type":"Polygon","coordinates":[[[77.64037,12.83998],[77.6456,12.8399],[77.64609,12.83944],[77.64037,12.83998]]]},"properties":{"osm_id":17455834,"zone_id":"W17455834","label":"Hulimangala","admin_level":"9"}},{"type":"Feature","geometry":{"type":"Polygon","coordinates":[[[77.62131,12.83476],[77.62478,12.83621],[77.62869,12.83708],[77.62923,12.83732],[77.62929,12.83751],[77.62973,12.83754],[77.62974,12.83773],[77.63044,12.83767],[77.63049,12.83787],[77.63098,12.8377],[77.631,12.83813],[77.63138,12.83811],[77.63146,12.83836],[77.63332,12.83869],[77.63345,12.83885],[77.6346,12.83877],[77.63529,12.83949],[77.63908,12.84002],[77.64037,12.83998],[77.62131,12.83476]]]},"properties":{"osm_id":17455835,"zone_id":"W17455835","label":"Bangipura","admin_level":"9"}},{"type":"Feature","geometry":{"type":"Polygon","coordinates":[[[77.66181,12.83482],[77.66489,12.83661],[77.66503,12.8365],[77.66181,12.83482]]]},"properties":{"osm_id":17455839,"zone_id":"W17455839","label":"Gollahalli","admin_level":"9"}},{"type":"Feature","geometry":{"type":"Polygon","coordinates":[[[77.66503,12.8365],[77.66565,12.83622],[77.66567,12.83643],[77.66985,12.83469],[77.67358,12.8339],[77.6738,12.83421],[77.67536,12.83357],[77.67584,12.83352],[77.67631,12.834],[77.67698,12.834],[77.6771,12.8346],[77.67758,12.83518],[77.67796,12.83757],[77.67844,12.8378],[77.67899,12.8378],[77.68115,12.83938],[77.68178,12.83998],[77.68308,12.8418],[77.68327,12.84176],[77.68583,12.84449],[77.6859,12.84491],[77.68736,12.84247],[77.68727,12.84228],[77.66503,12.8365]]]},"properties":{"osm_id":17455840,"zone_id":"W17455840","label":"Hebbagodi","admin_level":"9"}},{"type":"Feature","geometry":{"type":"Polygon","coordinates":[[[77.68727,12.84228],[77.68714,12.84122],[77.68899,12.84008],[77.69041,12.83933],[77.69183,12.83888],[77.69747,12.83744],[77.70027,12.8348],[77.68727,12.84228]]]},"properties":{"osm_id":17455841,"zone_id":"W17455841","label":"Kommasandra","admin_level":"9"}},{"type":"Feature","geometry":{"type":"Polygon","coordinates":[[[77.60466,13.03399],[77.60466,13.03483],[77.60184,13.03517],[77.60064,13.03503],[77.59706,13.03579],[77.5969,13.03536],[77.59676,13.03402],[77.59658,13.03403],[77.59645,13.03251],[77.59647,13.02988],[77.59607,13.02987],[77.59584,13.02835],[77.59548,13.02841],[77.59477,13.02475],[77.5935,13.02496],[77.59297,13.02492],[77.59256,13.02252],[77.59231,13.01914],[77.59146,13.01633],[77.59141,13.01575],[77.59152,13.01562],[77.59182,13.01556],[77.59263,13.01506],[77.59285,13.01588],[77.59362,13.01582],[77.59357,13.01607],[77.59371,13.01653],[77.5951,13.01672],[77.59502,13.01741],[77.59457,13.01767],[77.59476,13.01856],[77.59395,13.01878],[77.59441,13.02025],[77.5936,13.02046],[77.59452,13.02376],[77.59612,13.02325],[77.59624,13.02366],[77.59687,13.02355],[77.59708,13.02443],[77.59716,13.02727],[77.5968,13.02732],[77.59678,13.0289],[77.59727,13.02887],[77.59725,13.02946],[77.59799,13.02947],[77.59803,13.03012],[77.59864,13.03001],[77.59871,13.03034],[77.59861,13.03037],[77.59903,13.03213],[77.59916,13.03213],[77.59926,13.03326],[77.6004,13.0333],[77.6017,13.03414],[77.60203,13.03405],[77.60194,13.03343],[77.6029,13.0333],[77.60347,13.03329],[77.60353,13.03403],[77.60466,13.03399]]]},"properties":{"osm_id":19883245,"zone_id":"W19883245","label":"R.T Nagar","admin_level":"10"}},{"type":"Feature","geometry":{"type":"Polygon","coordinates":[[[77.54799,13.05565],[77.55101,13.05321],[77.55245,13.05112],[77.55392,13.04944],[77.55666,13.04523],[77.55686,13.04468],[77.5571,13.04267],[77.55739,13.04277],[77.55814,13.04233],[77.55923,13.04153],[77.5598,13.04048],[77.56064,13.04045],[77.56096,13.04],[77.57157,13.05865],[77.57002,13.05983],[77.57062,13.0608],[77.56883,13.06177],[77.56819,13.0623],[77.56838,13.06283],[77.56853,13.06289],[77.56841,13.06309],[77.56613,13.06392],[77.56601,13.06427],[77.56572,13.06454],[77.5654,13.06542],[77.56508,13.06556],[77.56482,13.06604],[77.56359,13.06869],[77.56247,13.06885],[77.56066,13.06873],[77.56058,13.06885],[77.56037,13.06836],[77.55996,13.06562],[77.55761,13.06625],[77.5575,13.06593],[77.55655,13.06627],[77.55586,13.06425],[77.55606,13.06425],[77.55611,13.06366],[77.55521,13.06356],[77.55567,13.06195],[77.55205,13.0626],[77.55186,13.06144],[77.5514,13.06015],[77.55159,13.05956],[77.55138,13.05783],[77.55031,13.05754],[77.54805,13.05755],[77.54799,13.05565]]]},"properties":{"osm_id":19883246,"zone_id":"W19883246","label":"Doddabommasandra","admin_level":"10"}},{"type":"Feature","geometry":{"type":"Polygon","coordinates":[[[77.53036,13.07819],[77.53041,13.0779],[77.53078,13.07787],[77.53096,13.0763],[77.53112,13.07586],[77.53152,13.07561],[77.53127,13.07456],[77.53125,13.07392],[77.53138,13.07319],[77.53183,13.07248],[77.53162,13.07228],[77.53098,13.06977],[77.53212,13.06905],[77.53234,13.06865],[77.53396,13.06732],[77.53394,13.06603],[77.53473,13.06374],[77.5352,13.06325],[77.53501,13.06316],[77.53385,13.06005],[77.53477,13.05853],[77.53549,13.05764],[77.53491,13.05753],[77.53499,13.05721],[77.53516,13.05721],[77.53525,13.05601],[77.5351,13.05593],[77.53536,13.05522],[77.5353,13.05483],[77.53916,13.05432],[77.54256,13.05493],[77.54471,13.05495],[77.54531,13.05528],[77.54679,13.05673],[77.54799,13.05565],[77.54805,13.05755],[77.55031,13.05754],[77.55138,13.05783],[77.55159,13.05956],[77.5514,13.06015],[77.55186,13.06144],[77.55205,13.0626],[77.55169,13.06258],[77.55146,13.06228],[77.55115,13.06213],[77.55086,13.06225],[77.55105,13.06349],[77.55204,13.0632],[77.55303,13.06644],[77.5536,13.06644],[77.55537,13.07018],[77.55182,13.07168],[77.55372,13.07601],[77.55106,13.07776],[77.55019,13.07805],[77.55013,13.07786],[77.54757,13.07854],[77.54819,13.08148],[77.54615,13.08145],[77.5452,13.0824],[77.54498,13.08227],[77.54455,13.08254],[77.54434,13.08224],[77.54378,13.08278],[77.54322,13.08272],[77.54164,13.08181],[77.54177,13.08059],[77.54113,13.07973],[77.54107,13.07939],[77.54252,13.07901],[77.54274,13.07884],[77.54267,13.07757],[77.54241,13.07617],[77.53869,13.07669],[77.53886,13.07642],[77.5371,13.07657],[77.53719,13.07701],[77.53659,13.07711],[77.53681,13.0782],[77.53513,13.07838],[77.53434,13.07873],[77.53308,13.07878],[77.53145,13.07863],[77.53036,13.07819]]]},"properties":{"osm_id":19883247,"zone_id":"W19883247","label":"Kuvempunagara","admin_level":"10"}},{"type":"Feature","geometry":{"type":"Polygon","coordinates":[[[77.62343,12.93356],[77.6238,12.93463],[77.62198,12.93575],[77.6238,12.93795],[77.62225,12.93961],[77.62285,12.9402],[77.62194,12.94118],[77.62287,12.94188],[77.62241,12.94231],[77.62124,12.94145],[77.61969,12.94224],[77.61871,12.9423],[77.61871,12.9421],[77.61788,12.94208],[77.61787,12.9422],[77.61742,12.94222],[77.61755,12.94356],[77.61747,12.9436],[77.61777,12.94465],[77.61662,12.9452],[77.61614,12.94617],[77.61609,12.94662],[77.61607,12.947],[77.61644,12.94845],[77.617,12.94915],[77.61674,12.94926],[77.61166,12.94931],[77.61144,12.94902],[77.61104,12.94897],[77.60579,12.9498],[77.60569,12.95012],[77.60344,12.95051],[77.60265,12.94844],[77.60245,12.94758],[77.60255,12.94552],[77.60277,12.94446],[77.60622,12.944],[77.6063,12.94349],[77.60602,12.9423],[77.60643,12.94218],[77.60802,12.94256],[77.6083,12.94195],[77.6089,12.94212],[77.60897,12.94286],[77.60886,12.94373],[77.60981,12.94372],[77.60986,12.94404],[77.61154,12.94343],[77.61312,12.94305],[77.61426,12.94257],[77.61526,12.94204],[77.61466,12.94101],[77.61512,12.94036],[77.61584,12.93996],[77.6158,12.93983],[77.61799,12.93925],[77.61731,12.93632],[77.61626,12.93625],[77.61529,12.93585],[77.61622,12.93447],[77.6168,12.93402],[77.61816,12.93353],[77.61918,12.93372],[77.62252,12.93351],[77.62343,12.93356]]]},"properties":{"osm_id":19883248,"zone_id":"W19883248","label":"A Adugodi","admin_level":"10"}},{"type":"Feature","geometry":{"type":"Polygon","coordinates":[[[77.60363,13.0609],[77.60339,13.05838],[77.60438,13.05818],[77.60303,13.05644],[77.60295,13.05618],[77.60325,13.0561],[77.60258,13.05388],[77.60654,13.0525],[77.60699,13.05199],[77.60719,13.05387],[77.60702,13.0539],[77.60709,13.0544],[77.61115,13.05344],[77.61126,13.05381],[77.61188,13.05367],[77.61188,13.05326],[77.61247,13.05315],[77.61261,13.05366],[77.61281,13.05377],[77.61543,13.05322],[77.61562,13.05393],[77.61628,13.05382],[77.61643,13.05424],[77.61871,13.05417],[77.61985,13.0558],[77.62342,13.05558],[77.62528,13.05515],[77.62552,13.05526],[77.62623,13.05758],[77.62559,13.05785],[77.62483,13.05843],[77.62399,13.05878],[77.62436,13.06011],[77.62415,13.06139],[77.62428,13.06164],[77.62546,13.06224],[77.62553,13.06291],[77.62755,13.06237],[77.62799,13.06373],[77.63283,13.05945],[77.63347,13.06262],[77.63361,13.06425],[77.63363,13.06759],[77.63111,13.06785],[77.63114,13.06994],[77.63006,13.06988],[77.63005,13.07199],[77.62823,13.07217],[77.62828,13.07262],[77.62648,13.07286],[77.62656,13.07384],[77.62415,13.0741],[77.62428,13.07454],[77.62312,13.07469],[77.6227,13.07316],[77.61889,13.07356],[77.61885,13.07194],[77.61262,13.07706],[77.61048,13.079],[77.61117,13.07926],[77.61186,13.08206],[77.61219,13.08204],[77.61274,13.08171],[77.61338,13.08152],[77.61399,13.08111],[77.61443,13.08012],[77.61485,13.08023],[77.61362,13.08273],[77.61322,13.08429],[77.61311,13.08545],[77.61254,13.08752],[77.61165,13.08835],[77.60998,13.09063],[77.60905,13.09221],[77.60812,13.09435],[77.60786,13.09445],[77.6061,13.09411],[77.60602,13.09406],[77.60611,13.09361],[77.60598,13.09345],[77.60664,13.092],[77.6065,13.09189],[77.60672,13.09138],[77.60681,13.09125],[77.60709,13.09128],[77.60775,13.08952],[77.60804,13.08837],[77.60702,13.08819],[77.60593,13.08769],[77.60563,13.08739],[77.60253,13.08613],[77.60286,13.08584],[77.60209,13.08201],[77.60235,13.08192],[77.602,13.08013],[77.60182,13.07815],[77.60228,13.07809],[77.60206,13.07709],[77.6016,13.07689],[77.60128,13.07303],[77.60131,13.07291],[77.60186,13.07285],[77.6015,13.07121],[77.60384,13.07141],[77.60366,13.07078],[77.60344,13.06881],[77.60426,13.06851],[77.60411,13.06579],[77.60386,13.06585],[77.60389,13.0645],[77.60667,13.06462],[77.60674,13.06762],[77.60977,13.0666],[77.60955,13.06483],[77.60928,13.06342],[77.60825,13.06351],[77.60786,13.06305],[77.60706,13.06291],[77.60682,13.06262],[77.60575,13.06217],[77.60572,13.062],[77.60531,13.06191],[77.60363,13.0609]]]},"properties":{"osm_id":19883249,"zone_id":"W19883249","label":"Jakkur","admin_level":"10"}},{"type":"Feature","geometry":{"type":"Polygon","coordinates":[[[77.63822,13.06181],[77.63347,13.06262],[77.63283,13.05945],[77.62799,13.06373],[77.62755,13.06237],[77.62553,13.06291],[77.62546,13.06224],[77.62428,13.06164],[77.62415,13.06139],[77.62436,13.06011],[77.62399,13.05878],[77.62483,13.05843],[77.626,13.05763],[77.62763,13.05729],[77.62663,13.05505],[77.62505,13.05234],[77.62641,13.05201],[77.62608,13.05087],[77.62844,13.05068],[77.62808,13.04966],[77.62734,13.04984],[77.62682,13.04815],[77.62724,13.04804],[77.62706,13.04781],[77.62692,13.04587],[77.62785,13.04519],[77.62808,13.04438],[77.62865,13.04409],[77.62864,13.04385],[77.62819,13.04351],[77.62813,13.04331],[77.6285,13.04292],[77.6286,13.04234],[77.6288,13.04231],[77.62924,13.04258],[77.62953,13.04225],[77.6297,13.04222],[77.63034,13.04263],[77.63104,13.04251],[77.63132,13.04292],[77.63148,13.04293],[77.63178,13.04281],[77.63237,13.0421],[77.63335,13.04182],[77.63354,13.04185],[77.63364,13.0426],[77.63464,13.04258],[77.63491,13.04218],[77.63481,13.04181],[77.63527,13.04106],[77.63596,13.04072],[77.63674,13.04103],[77.63677,13.04142],[77.63655,13.04211],[77.63681,13.0425],[77.63729,13.04281],[77.63712,13.0435],[77.6371,13.04468],[77.63731,13.04604],[77.63778,13.04738],[77.63833,13.05005],[77.63814,13.0501],[77.63843,13.05155],[77.6378,13.05166],[77.63778,13.05181],[77.63834,13.05453],[77.63815,13.05464],[77.6383,13.05519],[77.63836,13.0575],[77.63817,13.05897],[77.63822,13.06181]]]},"properties":{"osm_id":19883250,"zone_id":"W19883250","label":"Thanisandra","admin_level":"10"}},{"type":"Feature","geometry":{"type":"Polygon","coordinates":[[[77.67028,12.96952],[77.67108,12.96941],[77.67165,12.97103],[77.67255,12.97092],[77.67251,12.97075],[77.67341,12.97047],[77.6734,12.97034],[77.67451,12.97004],[77.6741,12.96915],[77.67446,12.96885],[77.67417,12.96817],[77.67439,12.9681],[77.6741,12.96745],[77.67367,12.96741],[77.67271,12.96703],[77.67271,12.96536],[77.67255,12.9649],[77.67257,12.96449],[77.67511,12.96485],[77.67507,12.96688],[77.67595,12.96677],[77.67609,12.96688],[77.67693,12.96674],[77.67699,12.96647],[77.67787,12.96587],[77.67801,12.96601],[77.67863,12.96601],[77.67865,12.96623],[77.67924,12.96609],[77.67897,12.96499],[77.68043,12.96436],[77.68211,12.96412],[77.6829,12.96556],[77.68301,12.96613],[77.68263,12.96707],[77.68257,12.96905],[77.68244,12.96962],[77.68185,12.97067],[77.68173,12.97172],[77.68226,12.97414],[77.68124,12.97441],[77.68211,12.97687],[77.68121,12.97721],[77.68143,12.97767],[77.67934,12.97792],[77.6793,12.97616],[77.67812,12.97271],[77.67448,12.97349],[77.66874,12.97543],[77.66742,12.97558],[77.66652,12.97533],[77.66661,12.97443],[77.66691,12.9743],[77.66684,12.97326],[77.66666,12.97301],[77.66696,12.97262],[77.66657,12.97245],[77.66651,12.97191],[77.6662,12.97149],[77.66701,12.97128],[77.66665,12.97073],[77.66884,12.97096],[77.66907,12.97126],[77.67035,12.97109],[77.67014,12.96978],[77.67036,12.96973],[77.67028,12.96952]]]},"properties":{"osm_id":19883251,"zone_id":"W19883251","label":"Vignananagara","admin_level":"10"}},{"type":"Feature","geometry":{"type":"Polygon","coordinates":[[[77.67071,13.00694],[77.67073,13.00579],[77.67025,13.00471],[77.67009,13.00375],[77.67085,13.00364],[77.67083,13.00308],[77.67272,13.00337],[77.67271,13.00259],[77.67546,13.00236],[77.67536,13.00152],[77.67563,13.00075],[77.67711,13.00074],[77.67689,13.00296],[77.67715,13.00378],[77.6771,13.00508],[77.67569,13.00547],[77.67568,13.00561],[77.67515,13.00547],[77.67483,13.00642],[77.67442,13.00685],[77.67461,13.00722],[77.67443,13.00731],[77.67294,13.00721],[77.67294,13.00691],[77.67071,13.00694]]]},"properties":{"osm_id":19883252,"zone_id":"W19883252","label":"Vijinapura","admin_level":"10"}},{"type":"Feature","geometry":{"type":"Polygon","coordinates":[[[77.68818,13.02207],[77.68646,13.02253],[77.68383,13.0229],[77.68322,13.02668],[77.68316,13.02878],[77.68352,13.03321],[77.68363,13.03324],[77.68362,13.03476],[77.68473,13.04163],[77.68505,13.04511],[77.68397,13.05011],[77.68361,13.04996],[77.68113,13.0518],[77.68018,13.04959],[77.67985,13.0433],[77.6777,13.0432],[77.67774,13.04128],[77.67755,13.03896],[77.68019,13.0389],[77.68026,13.03678],[77.68089,13.03673],[77.68073,13.03476],[77.67944,13.03479],[77.67921,13.02398],[77.67895,13.02225],[77.67897,13.02129],[77.67838,13.02135],[77.67817,13.01866],[77.67848,13.01641],[77.68166,13.01623],[77.68174,13.01662],[77.68332,13.01633],[77.68366,13.0176],[77.68672,13.01729],[77.68673,13.01785],[77.68609,13.01791],[77.68634,13.0197],[77.68629,13.02077],[77.68733,13.02106],[77.68732,13.0218],[77.68818,13.02207]]]},"properties":{"osm_id":19883253,"zone_id":"W19883253","label":"K Chennasandra","admin_level":"10"}},{"type":"Feature","geometry":{"type":"Polygon","coordinates":[[[77.55791,12.99102],[77.55982,12.98777],[77.56008,12.98669],[77.56025,12.98342],[77.55825,12.98357],[77.55749,12.98406],[77.55651,12.98501],[77.55581,12.98498],[77.55576,12.98428],[77.55607,12.98425],[77.55601,12.98302],[77.55567,12.98304],[77.55562,12.98273],[77.55526,12.98274],[77.55508,12.98008],[77.55527,12.98012],[77.55475,12.97845],[77.55455,12.97733],[77.55516,12.97703],[77.55545,12.97748],[77.55666,12.97822],[77.55812,12.97883],[77.55894,12.97889],[77.55911,12.97916],[77.55925,12.97995],[77.56042,12.98025],[77.56076,12.98046],[77.56118,12.98176],[77.56173,12.98192],[77.56135,12.98413],[77.56101,12.98489],[77.56104,12.98593],[77.56079,12.98669],[77.56103,12.98696],[77.56185,12.9872],[77.56185,12.98738],[77.56156,12.98777],[77.56142,12.98847],[77.56119,12.98872],[77.56115,12.9892],[77.56096,12.9892],[77.56076,12.99014],[77.56105,12.99024],[77.5608,12.99116],[77.5604,12.992],[77.559,12.99167],[77.55791,12.99102]]]},"properties":{"osm_id":19883254,"zone_id":"W19883254","label":"Da.Ra. Bendre Ward","admin_level":"10"}},{"type":"Feature","geometry":{"type":"Polygon","coordinates":[[[77.57864,13.00577],[77.58339,13.00293],[77.58394,13.00309],[77.58406,13.00295],[77.5839,13.00898],[77.58404,13.01451],[77.58394,13.0148],[77.58392,13.01969],[77.58407,13.02089],[77.58466,13.02291],[77.58274,13.02455],[77.58128,13.02521],[77.58102,13.0257],[77.58008,13.02652],[77.57773,13.02689],[77.57768,13.02726],[77.57153,13.02844],[77.57144,13.02845],[77.5715,13.02759],[77.56979,13.02793],[77.56694,13.02809],[77.56433,13.02975],[77.56271,13.03005],[77.56202,13.02821],[77.56178,13.02678],[77.56183,13.02633],[77.56287,13.02362],[77.56312,13.02249],[77.56314,13.02148],[77.56218,13.01963],[77.56142,13.01869],[77.56057,13.01708],[77.56613,13.01393],[77.56898,13.0121],[77.56909,13.01194],[77.56925,13.00646],[77.57392,13.00634],[77.57395,13.00715],[77.57233,13.00788],[77.57243,13.00807],[77.57339,13.00769],[77.57574,13.00788],[77.57638,13.00775],[77.5788,13.00647],[77.57864,13.00577]]]},"properties":{"osm_id":19883255,"zone_id":"W19883255","label":"Sadashiva Nagara","admin_level":"10"}},{"type":"Feature","geometry":{"type":"Polygon","coordinates":[[[77.51339,13.0001],[77.51403,13.00014],[77.51435,13.0003],[77.51448,13.00054],[77.51487,13.00055],[77.51519,13.00027],[77.51515,12.99972],[77.51544,12.99934],[77.51593,12.99923],[77.5163,12.9989],[77.5177,12.99868],[77.5177,12.99856],[77.51744,12.99846],[77.51744,12.99715],[77.51836,12.99712],[77.51907,12.99742],[77.51887,12.99768],[77.51886,12.99856],[77.51893,12.99872],[77.51936,12.99878],[77.51921,12.9992],[77.51918,12.99989],[77.51911,13.00002],[77.51845,13.00003],[77.51796,13.00099],[77.51793,13.00214],[77.51829,13.00263],[77.51831,13.00287],[77.51774,13.00379],[77.5177,13.00438],[77.51511,13.00463],[77.51523,13.00528],[77.51499,13.00529],[77.51499,13.00571],[77.51261,13.00552],[77.51269,13.0044],[77.5125,13.00378],[77.50842,13.00414],[77.50851,13.00513],[77.50516,13.00552],[77.50556,13.0078],[77.50611,13.00992],[77.50373,13.00969],[77.50363,13.00867],[77.50322,13.00876],[77.5032,13.00807],[77.50224,13.00821],[77.50211,13.00761],[77.50315,13.00743],[77.50316,13.00687],[77.50219,13.00724],[77.50209,13.0068],[77.50082,13.00712],[77.50054,13.00635],[77.50127,13.00611],[77.50109,13.00575],[77.50156,13.00563],[77.502,13.00572],[77.50203,13.00523],[77.50241,13.00521],[77.50236,13.00478],[77.50261,13.00474],[77.50258,13.00443],[77.50374,13.00433],[77.50357,13.00335],[77.50436,13.00325],[77.50434,13.00252],[77.5046,13.00176],[77.50663,13.00145],[77.50693,13.00281],[77.50913,13.0024],[77.50924,13.0026],[77.5106,13.0017],[77.51071,13.00141],[77.51128,13.00109],[77.51194,13.00044],[77.51239,13.00022],[77.51339,13.0001]]]},"properties":{"osm_id":19883256,"zone_id":"W19883256","label":"Hegganahalli","admin_level":"10"}},{"type":"Feature","geometry":{"type":"Polygon","coordinates":[[[77.6749,13.01648],[77.67852,13.01635],[77.67817,13.01866],[77.67838,13.02135],[77.67897,13.02129],[77.67895,13.02225],[77.67921,13.02398],[77.67944,13.03479],[77.68073,13.03476],[77.68089,13.03673],[77.68026,13.03678],[77.68019,13.0389],[77.67755,13.03896],[77.67755,13.03913],[77.67774,13.04128],[77.6777,13.0432],[77.67985,13.0433],[77.68018,13.04959],[77.68113,13.0518],[77.67981,13.05249],[77.67565,13.05255],[77.67469,13.05137],[77.67378,13.05079],[77.67298,13.05079],[77.67243,13.05113],[77.6723,13.05099],[77.67184,13.05109],[77.67074,13.05005],[77.67064,13.04977],[77.67024,13.04939],[77.66999,13.04901],[77.66911,13.04557],[77.66897,13.04522],[77.66873,13.0452],[77.66877,13.04501],[77.6695,13.04428],[77.66983,13.04377],[77.66968,13.04283],[77.67052,13.04281],[77.67078,13.04301],[77.6711,13.04286],[77.67069,13.04097],[77.67057,13.04087],[77.66843,13.04109],[77.66834,13.04062],[77.66957,13.04044],[77.66945,13.03947],[77.66813,13.03965],[77.66789,13.03794],[77.67068,13.03743],[77.67079,13.03697],[77.67102,13.03681],[77.67333,13.0358],[77.67395,13.03443],[77.67376,13.0335],[77.67197,13.03269],[77.66945,13.03131],[77.6669,13.0305],[77.66383,13.02879],[77.66603,13.02652],[77.6682,13.02509],[77.67058,13.02255],[77.67399,13.02029],[77.67614,13.01927],[77.67566,13.01815],[77.6755,13.01725],[77.67511,13.01735],[77.6749,13.01648]]]},"properties":{"osm_id":19883257,"zone_id":"W19883257","label":"Kalkere","admin_level":"10"}},{"type":"Feature","geometry":{"type":"Polygon","coordinates":[[[77.59577,13.01122],[77.59539,13.01138],[77.59585,13.01265],[77.59764,13.01558],[77.59768,13.01622],[77.59864,13.01822],[77.59926,13.01888],[77.59974,13.01971],[77.60094,13.02299],[77.59978,13.02357],[77.59973,13.02347],[77.59925,13.0236],[77.59888,13.02348],[77.59854,13.02244],[77.59811,13.02255],[77.59778,13.02136],[77.59795,13.0213],[77.5977,13.02065],[77.59746,13.02009],[77.59715,13.02018],[77.59689,13.01961],[77.59441,13.02025],[77.59395,13.01878],[77.59476,13.01856],[77.59457,13.01767],[77.59502,13.01741],[77.5951,13.01672],[77.59371,13.01653],[77.59357,13.01607],[77.59362,13.01582],[77.59285,13.01588],[77.59263,13.01506],[77.59277,13.01467],[77.59327,13.01442],[77.59362,13.01391],[77.59357,13.01299],[77.59389,13.01229],[77.59342,13.01185],[77.5906,13.01002],[77.5917,13.00842],[77.59333,13.00559],[77.59444,13.00809],[77.59475,13.00923],[77.59499,13.0091],[77.59577,13.01122]]]},"properties":{"osm_id":19883258,"zone_id":"W19883258","label":"Jaya Chamarajendra Nagara","admin_level":"10"}},{"type":"Feature","geometry":{"type":"Polygon","coordinates":[[[77.71804,12.92799],[77.71879,12.9294],[77.72147,12.93025],[77.72406,12.93058],[77.72523,12.93139],[77.72588,12.93144],[77.72729,12.93101],[77.72736,12.93122],[77.72883,12.93074],[77.72881,12.93055],[77.72999,12.93037],[77.73033,12.93344],[77.73033,12.93543],[77.73209,12.93575],[77.73264,12.93598],[77.7331,12.93599],[77.73325,12.93586],[77.7335,12.93596],[77.73364,12.9365],[77.73399,12.93704],[77.73397,12.93738],[77.73376,12.93738],[77.73373,12.93788],[77.733,12.9393],[77.73306,12.93975],[77.73282,12.94124],[77.7324,12.94124],[77.73227,12.94194],[77.7316,12.94262],[77.72862,12.94359],[77.72631,12.94317],[77.72565,12.94325],[77.72514,12.94346],[77.72035,12.94341],[77.71942,12.94294],[77.71821,12.94264],[77.7179,12.9424],[77.71681,12.94209],[77.71592,12.94221],[77.71446,12.94189],[77.71414,12.94176],[77.71399,12.9415],[77.71366,12.94164],[77.71261,12.94131],[77.71186,12.94123],[77.71053,12.94157],[77.70862,12.94167],[77.70768,12.94103],[77.70748,12.94113],[77.70726,12.94186],[77.70669,12.94207],[77.70543,12.94194],[77.7051,12.94225],[77.70469,12.94311],[77.70385,12.94363],[77.7038,12.94454],[77.70342,12.94516],[77.70275,12.94541],[77.70139,12.94534],[77.7005,12.94576],[77.69919,12.94571],[77.69842,12.94595],[77.69913,12.94819],[77.70031,12.95388],[77.69805,12.95434],[77.69798,12.954],[77.69822,12.95287],[77.69744,12.94867],[77.69636,12.9491],[77.69624,12.94564],[77.69548,12.94599],[77.6951,12.9459],[77.69502,12.94562],[77.69286,12.94475],[77.69217,12.94416],[77.69192,12.94349],[77.69061,12.94258],[77.69054,12.94217],[77.68927,12.94143],[77.6897,12.94085],[77.68982,12.93949],[77.68785,12.93892],[77.68776,12.93877],[77.68786,12.93817],[77.68683,12.9379],[77.68607,12.93709],[77.68809,12.93678],[77.68818,12.93624],[77.68797,12.93571],[77.68804,12.93556],[77.69004,12.93567],[77.69048,12.9349],[77.69036,12.9348],[77.69175,12.93216],[77.69313,12.9314],[77.69507,12.93132],[77.69471,12.92922],[77.69483,12.92515],[77.6955,12.9213],[77.6964,12.9201],[77.69665,12.91941],[77.69909,12.9167],[77.69873,12.91554],[77.70165,12.91447],[77.70178,12.91452],[77.70209,12.91521],[77.70354,12.91517],[77.70376,12.9154],[77.70371,12.91572],[77.70496,12.91699],[77.70502,12.91811],[77.70554,12.92054],[77.70799,12.93102],[77.70793,12.93253],[77.71019,12.9316],[77.71111,12.93105],[77.71242,12.9296],[77.71424,12.92847],[77.71804,12.92799]]]},"properties":{"osm_id":19883259,"zone_id":"W19883259","label":"Panathur","admin_level":"10"}},{"type":"Feature","geometry":{"type":"Polygon","coordinates":[[[77.60466,13.03399],[77.60466,13.03483],[77.60642,13.03479],[77.60632,13.03422],[77.6065,13.03284],[77.60864,13.03228],[77.60807,13.03006],[77.60749,13.02918],[77.60645,13.02685],[77.60431,13.02742],[77.60129,13.0278],[77.5997,13.02786],[77.59939,13.0287],[77.59969,13.03019],[77.60017,13.03077],[77.60029,13.0311],[77.60019,13.03278],[77.60479,13.03219],[77.60466,13.03399]]]},"properties":{"osm_id":19883260,"zone_id":"W19883260","label":"Manorayanapalya","admin_level":"10"}},{"type":"Feature","geometry":{"type":"Polygon","coordinates":[[[77.55241,12.94198],[77.55083,12.94209],[77.5511,12.94303],[77.55079,12.94309],[77.55067,12.94264],[77.55029,12.94269],[77.55,12.94215],[77.54841,12.94232],[77.54641,12.94276],[77.54602,12.94176],[77.54689,12.94163],[77.5468,12.94133],[77.54643,12.94142],[77.5463,12.94114],[77.54673,12.94101],[77.54667,12.94064],[77.54737,12.94064],[77.54876,12.94037],[77.54865,12.9399],[77.54942,12.93961],[77.54951,12.93897],[77.54906,12.93878],[77.54973,12.93799],[77.55073,12.93875],[77.5515,12.93907],[77.5531,12.9386],[77.55603,12.93835],[77.55727,12.93795],[77.5573,12.93812],[77.55999,12.93827],[77.5598,12.93633],[77.55993,12.93618],[77.55979,12.93608],[77.55982,12.93582],[77.55905,12.93593],[77.55887,12.93518],[77.55948,12.93505],[77.55932,12.93428],[77.56035,12.93452],[77.56007,12.933],[77.56086,12.93307],[77.56169,12.93277],[77.56195,12.93382],[77.56227,12.93439],[77.56275,12.93425],[77.5625,12.93381],[77.56268,12.93344],[77.56384,12.93662],[77.56404,12.93665],[77.5645,12.93745],[77.56453,12.93893],[77.56314,12.93886],[77.56287,12.93924],[77.56153,12.93916],[77.56008,12.93927],[77.56013,12.94006],[77.55984,12.94006],[77.55985,12.9404],[77.55772,12.94052],[77.55777,12.94074],[77.55533,12.94101],[77.55516,12.93968],[77.55482,12.9397],[77.55502,12.94186],[77.55241,12.94198]]]},"properties":{"osm_id":19883261,"zone_id":"W19883261","label":"Ashoka Nagara","admin_level":"10"}},{"type":"Feature","geometry":{"type":"Polygon","coordinates":[[[77.52152,12.99146],[77.52103,12.99071],[77.52056,12.98901],[77.52006,12.98777],[77.52015,12.9873],[77.52033,12.98714],[77.52031,12.9869],[77.5225,12.98592],[77.5237,12.98501],[77.52539,12.98547],[77.52594,12.98594],[77.52641,12.98589],[77.52774,12.9848],[77.52852,12.9839],[77.52874,12.98383],[77.52909,12.98525],[77.52911,12.98618],[77.53062,12.98834],[77.53119,12.9897],[77.5289,12.99033],[77.52873,12.98988],[77.52617,12.99065],[77.52449,12.9914],[77.52405,12.98996],[77.52335,12.99024],[77.52319,12.98986],[77.52281,12.98997],[77.52266,12.98986],[77.52243,12.98996],[77.52317,12.99123],[77.52248,12.99156],[77.52222,12.99114],[77.52152,12.99146]]]},"properties":{"osm_id":19883262,"zone_id":"W19883262","label":"Vrishabhavathi Nagar","admin_level":"10"}},{"type":"Feature","geometry":{"type":"Polygon","coordinates":[[[77.53119,12.9897],[77.53135,12.99009],[77.53159,12.99217],[77.52911,12.99246],[77.52728,12.99298],[77.52758,12.99395],[77.52673,12.99415],[77.52681,12.99447],[77.52709,12.99439],[77.52753,12.99632],[77.52809,12.99618],[77.5282,12.99676],[77.52735,12.99698],[77.5273,12.9967],[77.52564,12.99716],[77.52577,12.9974],[77.52547,12.99749],[77.52557,12.99783],[77.52531,12.99793],[77.52509,12.99786],[77.52493,12.99765],[77.52459,12.99644],[77.52363,12.99557],[77.52347,12.99488],[77.52305,12.9941],[77.52298,12.9931],[77.52239,12.99232],[77.52171,12.99214],[77.52157,12.99177],[77.52152,12.99146],[77.52222,12.99114],[77.52248,12.99156],[77.52317,12.99123],[77.52243,12.98996],[77.52319,12.98986],[77.52335,12.99024],[77.52405,12.98996],[77.52449,12.9914],[77.52617,12.99065],[77.52873,12.98988],[77.5289,12.99033],[77.53119,12.9897]]]},"properties":{"osm_id":19883263,"zone_id":"W19883263","label":"Kamalanagara","admin_level":"10"}},{"type":"Feature","geometry":{"type":"Polygon","coordinates":[[[77.73615,13.00761],[77.7366,13.00788],[77.73814,13.00758],[77.73851,13.00762],[77.74088,13.00813],[77.74111,13.00714],[77.74337,13.00707],[77.74515,13.00717],[77.74709,13.00682],[77.74714,13.00719],[77.74687,13.0072],[77.74688,13.00785],[77.74695,13.00957],[77.7472,13.00984],[77.74703,13.0105],[77.74689,13.01048],[77.74722,13.01166],[77.7478,13.0115],[77.74788,13.01273],[77.74921,13.01204],[77.74984,13.01135],[77.75063,13.01128],[77.75087,13.01137],[77.7525,13.01068],[77.75474,13.00884],[77.75509,13.00922],[77.7551,13.00975],[77.75531,13.01024],[77.75601,13.01007],[77.75671,13.00956],[77.75736,13.00883],[77.75819,13.00849],[77.75887,13.00794],[77.75915,13.00788],[77.75957,13.00747],[77.75971,13.00719],[77.75938,13.0061],[77.76021,13.00525],[77.76078,13.00495],[77.76178,13.00519],[77.76211,13.00503],[77.7624,13.00468],[77.76283,13.0037],[77.76343,13.00291],[77.76324,13.00274],[77.76334,13.0026],[77.76349,13.00271],[77.7635,13.00229],[77.76305,13.00216],[77.76294,13.00166],[77.76269,13.00131],[77.76224,13.00168],[77.76204,13.0017],[77.76179,13.00062],[77.76138,13.0005],[77.76114,12.99975],[77.76088,12.99954],[77.75981,12.99937],[77.75953,12.99817],[77.76012,12.99807],[77.75982,12.99654],[77.75841,12.99675],[77.75784,12.99462],[77.75718,12.99295],[77.75483,12.99004],[77.75283,12.98914],[77.75182,12.98896],[77.74989,12.98898],[77.74875,12.98862],[77.74862,12.98765],[77.74877,12.98585],[77.74764,12.98536],[77.7449,12.98639],[77.74014,12.98761],[77.73603,12.98759],[77.73419,12.98783],[77.73418,12.98862],[77.73326,12.9933],[77.73155,12.99661],[77.72499,12.99551],[77.7216,12.99559],[77.71988,12.99592],[77.72202,12.99864],[77.72214,12.9993],[77.72325,13.0022],[77.72349,13.0036],[77.72528,13.00357],[77.72739,13.00388],[77.7278,13.00427],[77.72814,13.0042],[77.72843,13.00469],[77.72932,13.00548],[77.7303,13.00494],[77.73046,13.00502],[77.73066,13.00554],[77.73157,13.00547],[77.7343,13.00581],[77.73555,13.00639],[77.73558,13.00701],[77.73615,13.00761]]]},"properties":{"osm_id":19883264,"zone_id":"W19883264","label":"Belathur","admin_level":"10"}},{"type":"Feature","geometry":{"type":"Polygon","coordinates":[[[77.60242,12.91825],[77.60226,12.91915],[77.60172,12.91903],[77.60157,12.92018],[77.60019,12.92005],[77.6001,12.91886],[77.59514,12.91897],[77.59506,12.91685],[77.59687,12.91682],[77.59693,12.91276],[77.5956,12.91271],[77.59565,12.9109],[77.59518,12.91088],[77.5952,12.91022],[77.59332,12.91014],[77.59329,12.90903],[77.59515,12.909],[77.59495,12.9039],[77.59385,12.90393],[77.59399,12.90266],[77.59664,12.90246],[77.59947,12.9011],[77.59897,12.90298],[77.59899,12.90358],[77.59942,12.90387],[77.60031,12.90357],[77.60146,12.90351],[77.60185,12.90513],[77.60182,12.90563],[77.6005,12.90724],[77.60022,12.90858],[77.59988,12.91262],[77.59998,12.91671],[77.60723,12.91655],[77.60807,12.91977],[77.60806,12.92008],[77.60532,12.92076],[77.6051,12.92003],[77.60514,12.91959],[77.60418,12.91941],[77.60413,12.91994],[77.60342,12.91981],[77.60345,12.91754],[77.60306,12.91747],[77.60303,12.91782],[77.60241,12.91773],[77.60242,12.91825]]]},"properties":{"osm_id":19883265,"zone_id":"W19883265","label":"J.P Nagar","admin_level":"10"}},{"type":"Feature","geometry":{"type":"Polygon","coordinates":[[[77.54695,13.0329],[77.54687,13.03326],[77.5476,13.0339],[77.55004,13.03684],[77.55017,13.03753],[77.5499,13.03758],[77.5502,13.03902],[77.54989,13.03909],[77.55005,13.03966],[77.55269,13.03876],[77.5573,13.03854],[77.55877,13.03868],[77.55944,13.03893],[77.56008,13.03922],[77.56096,13.04],[77.56064,13.04045],[77.5598,13.04048],[77.55923,13.04153],[77.55814,13.04233],[77.55739,13.04277],[77.5571,13.04267],[77.55686,13.04468],[77.55666,13.04523],[77.55382,13.04958],[77.55245,13.05112],[77.55101,13.05321],[77.54904,13.05471],[77.54679,13.05673],[77.54531,13.05528],[77.54486,13.05498],[77.54256,13.05493],[77.53916,13.05432],[77.53754,13.05449],[77.53767,13.05147],[77.53724,13.05149],[77.53723,13.05131],[77.53762,13.04958],[77.54174,13.05069],[77.54257,13.05075],[77.54284,13.05048],[77.54269,13.04925],[77.55015,13.04885],[77.54983,13.04795],[77.5523,13.0454],[77.5519,13.04426],[77.55016,13.04458],[77.55014,13.04445],[77.55086,13.04414],[77.55091,13.04291],[77.54722,13.04168],[77.54749,13.04358],[77.54592,13.04399],[77.54651,13.04481],[77.54447,13.04572],[77.54404,13.04459],[77.54376,13.04431],[77.54284,13.04484],[77.54299,13.04517],[77.54165,13.0464],[77.54013,13.04431],[77.53969,13.04402],[77.53643,13.04905],[77.53557,13.04862],[77.53564,13.04832],[77.53548,13.04817],[77.52998,13.04655],[77.53122,13.04425],[77.52692,13.04511],[77.52637,13.04456],[77.52555,13.04414],[77.52531,13.04376],[77.53117,13.03963],[77.54075,13.0325],[77.54195,13.03831],[77.54295,13.03929],[77.54484,13.03698],[77.54695,13.0329]]]},"properties":{"osm_id":19883266,"zone_id":"W19883266","label":"HMT Ward","admin_level":"10"}},{"type":"Feature","geometry":{"type":"Polygon","coordinates":[[[77.63114,12.90342],[77.62674,12.91057],[77.62604,12.91021],[77.6262,12.90967],[77.62583,12.90938],[77.62557,12.90945],[77.62541,12.9088],[77.62426,12.90906],[77.62394,12.90879],[77.62348,12.9088],[77.62295,12.90769],[77.62288,12.90685],[77.62234,12.90691],[77.62218,12.90671],[77.62156,12.90674],[77.62147,12.90588],[77.6218,12.90581],[77.62165,12.90463],[77.62052,12.90484],[77.62019,12.90391],[77.61959,12.9028],[77.61953,12.90244],[77.62009,12.90228],[77.61995,12.90185],[77.62035,12.90169],[77.62029,12.90106],[77.61999,12.90108],[77.61975,12.89828],[77.62144,12.89768],[77.62136,12.89741],[77.6231,12.89732],[77.62292,12.89639],[77.62312,12.89633],[77.62412,12.89661],[77.62423,12.89707],[77.62548,12.89671],[77.62585,12.89826],[77.62586,12.89897],[77.62427,12.89901],[77.6254,12.90332],[77.62641,12.9036],[77.62642,12.90443],[77.62748,12.90436],[77.62934,12.9039],[77.6293,12.90359],[77.63114,12.90342]]]},"properties":{"osm_id":19883267,"zone_id":"W19883267","label":"Bommanahalli","admin_level":"10"}},{"type":"Feature","geometry":{"type":"Polygon","coordinates":[[[77.55106,12.96162],[77.55094,12.96125],[77.55072,12.9613],[77.55068,12.96089],[77.54846,12.96084],[77.54812,12.9601],[77.54637,12.9603],[77.54841,12.95657],[77.5515,12.95717],[77.55489,12.95831],[77.55631,12.9599],[77.5571,12.96044],[77.55563,12.9627],[77.55564,12.96298],[77.55543,12.96302],[77.555,12.96381],[77.55514,12.96438],[77.55533,12.96444],[77.55468,12.96478],[77.55455,12.9642],[77.55231,12.96448],[77.5515,12.9615],[77.55106,12.96162]]]},"properties":{"osm_id":19883268,"zone_id":"W19883268","label":"JJR Nagara","admin_level":"10"}},{"type":"Feature","geometry":{"type":"Polygon","coordinates":[[[77.62548,12.89671],[77.62612,12.89661],[77.62605,12.89583],[77.62534,12.89591],[77.62547,12.89571],[77.62532,12.8946],[77.62277,12.89501],[77.6227,12.89459],[77.62297,12.89455],[77.62305,12.8943],[77.62303,12.89401],[77.62272,12.89402],[77.62267,12.8935],[77.62351,12.89338],[77.62584,12.89337],[77.62581,12.89371],[77.62624,12.89378],[77.62959,12.89369],[77.62966,12.89459],[77.62976,12.8947],[77.63073,12.89457],[77.63083,12.89555],[77.6314,12.89548],[77.63147,12.89576],[77.63218,12.89563],[77.63222,12.89587],[77.63257,12.89589],[77.63052,12.89724],[77.62971,12.89942],[77.6285,12.89967],[77.62849,12.8995],[77.62823,12.89952],[77.62811,12.89903],[77.62748,12.89914],[77.62729,12.89816],[77.62647,12.89828],[77.62735,12.90166],[77.62746,12.90276],[77.62727,12.90365],[77.62748,12.90436],[77.62642,12.90443],[77.62641,12.9036],[77.6254,12.90332],[77.62501,12.90153],[77.62456,12.90022],[77.62427,12.89901],[77.62586,12.89897],[77.62585,12.89826],[77.62548,12.89671]]]},"properties":{"osm_id":19883269,"zone_id":"W19883269","label":"Hongasandra","admin_level":"10"}},{"type":"Feature","geometry":{"type":"Polygon","coordinates":[[[77.5571,12.96044],[77.55563,12.9627],[77.55564,12.96298],[77.55543,12.96302],[77.555,12.96381],[77.55514,12.96438],[77.55533,12.96444],[77.55651,12.96411],[77.55823,12.96336],[77.55852,12.96509],[77.55884,12.96476],[77.55974,12.96656],[77.56063,12.96599],[77.56111,12.96494],[77.56183,12.9647],[77.56426,12.96824],[77.56467,12.96814],[77.5652,12.96775],[77.56553,12.96665],[77.5652,12.96515],[77.56566,12.96513],[77.56551,12.96411],[77.56613,12.96407],[77.56603,12.96343],[77.56618,12.96283],[77.56271,12.96167],[77.56023,12.96143],[77.55806,12.96094],[77.5571,12.96044]]]},"properties":{"osm_id":19883270,"zone_id":"W19883270","label":"IPD Salappa Ward","admin_level":"10"}},{"type":"Feature","geometry":{"type":"Polygon","coordinates":[[[77.60928,12.8953],[77.60851,12.8959],[77.60894,12.89895],[77.60924,12.89902],[77.60943,12.89923],[77.60984,12.89898],[77.61037,12.89816],[77.61196,12.8978],[77.61204,12.89793],[77.61278,12.89795],[77.61305,12.89809],[77.61324,12.89928],[77.61393,12.8991],[77.61598,12.90133],[77.61729,12.90223],[77.6175,12.90275],[77.61825,12.90259],[77.6184,12.90276],[77.61843,12.90418],[77.61869,12.90535],[77.61896,12.90596],[77.62075,12.90798],[77.62056,12.90885],[77.62056,12.90992],[77.62088,12.91079],[77.62108,12.91079],[77.62128,12.91222],[77.6212,12.91259],[77.621,12.91269],[77.61957,12.91254],[77.61894,12.91284],[77.61671,12.91485],[77.61656,12.91532],[77.61633,12.91479],[77.61568,12.91112],[77.6149,12.90849],[77.61469,12.90841],[77.61407,12.90734],[77.61397,12.90684],[77.61348,12.90632],[77.61264,12.90461],[77.60931,12.90503],[77.6094,12.90547],[77.60839,12.9059],[77.60625,12.90563],[77.60385,12.90581],[77.60402,12.9087],[77.60023,12.90853],[77.6005,12.90724],[77.60173,12.9058],[77.60185,12.90513],[77.60146,12.90351],[77.60031,12.90357],[77.59942,12.90387],[77.59894,12.9035],[77.59904,12.90263],[77.59948,12.90111],[77.59664,12.90246],[77.59491,12.90264],[77.59501,12.90171],[77.5967,12.90132],[77.59803,12.90083],[77.59812,12.90058],[77.59867,12.90022],[77.59863,12.8997],[77.59769,12.89694],[77.59867,12.89644],[77.5995,12.89626],[77.59961,12.89648],[77.59984,12.89644],[77.6009,12.89981],[77.60526,12.89814],[77.60491,12.8965],[77.6058,12.89621],[77.60533,12.89436],[77.60732,12.89392],[77.60785,12.89553],[77.60875,12.89528],[77.60921,12.89491],[77.60928,12.8953]]]},"properties":{"osm_id":19883271,"zone_id":"W19883271","label":"Bilekahalli","admin_level":"10"}},{"type":"Feature","geometry":{"type":"Polygon","coordinates":[[[77.54048,13.01256],[77.53988,13.01251],[77.53966,13.01357],[77.5395,13.01382],[77.53819,13.01488],[77.53666,13.01526],[77.53551,13.01504],[77.53462,13.01463],[77.53531,13.01369],[77.53473,13.01324],[77.53425,13.01356],[77.53362,13.01237],[77.53349,13.01158],[77.53352,13.01069],[77.53386,13.01075],[77.53363,13.01025],[77.53451,13.00953],[77.53528,13.00917],[77.53462,13.00773],[77.53432,13.00753],[77.53237,13.00847],[77.5316,13.00871],[77.53205,13.00954],[77.53188,13.00984],[77.53276,13.0106],[77.53266,13.01112],[77.5331,13.01114],[77.53291,13.01235],[77.53304,13.01345],[77.53155,13.01384],[77.53146,13.01397],[77.53047,13.01428],[77.52998,13.01339],[77.52884,13.01184],[77.52764,13.01068],[77.52781,13.01057],[77.52797,13.00976],[77.52874,13.00897],[77.53034,13.00873],[77.53046,13.00808],[77.53008,13.00752],[77.52988,13.00642],[77.5299,13.00574],[77.53037,13.00578],[77.53156,13.00549],[77.53258,13.00605],[77.53307,13.00646],[77.53337,13.00634],[77.53452,13.00719],[77.5353,13.00537],[77.53604,13.00678],[77.53633,13.00644],[77.53648,13.00666],[77.53725,13.00619],[77.53744,13.00651],[77.53791,13.00675],[77.53742,13.00699],[77.53744,13.0071],[77.53869,13.00684],[77.53886,13.00799],[77.53923,13.00795],[77.53935,13.009],[77.54114,13.00875],[77.54126,13.0097],[77.54006,13.00986],[77.54048,13.01256]]]},"properties":{"osm_id":19883272,"zone_id":"W19883272","label":"Jai Maruthi Nagar","admin_level":"10"}},{"type":"Feature","geometry":{"type":"Polygon","coordinates":[[[77.56261,12.97174],[77.56152,12.97195],[77.56135,12.97132],[77.56084,12.97138],[77.56079,12.96977],[77.5603,12.96842],[77.55928,12.96896],[77.55653,12.9694],[77.55558,12.96918],[77.55481,12.96739],[77.55484,12.96724],[77.55534,12.9671],[77.55587,12.96719],[77.55639,12.96676],[77.55672,12.96669],[77.55698,12.96631],[77.55692,12.96602],[77.55831,12.9653],[77.55884,12.96476],[77.55974,12.96656],[77.55992,12.96651],[77.56063,12.96599],[77.56111,12.96494],[77.56183,12.9647],[77.56389,12.96778],[77.56643,12.97076],[77.56588,12.97072],[77.56588,12.97128],[77.56525,12.97134],[77.56491,12.97161],[77.56452,12.97124],[77.56341,12.97138],[77.56261,12.97165],[77.56261,12.97174]]]},"properties":{"osm_id":19883273,"zone_id":"W19883273","label":"Binnypete","admin_level":"10"}},{"type":"Feature","geometry":{"type":"Polygon","coordinates":[[[77.5726,12.97301],[77.57294,12.97382],[77.57412,12.97354],[77.57416,12.97432],[77.57137,12.97444],[77.57076,12.97465],[77.57089,12.97529],[77.57079,12.97535],[77.57092,12.97619],[77.57098,12.98031],[77.57065,12.98085],[77.57037,12.9819],[77.57001,12.98237],[77.56958,12.98267],[77.569,12.98248],[77.56808,12.98058],[77.56692,12.97487],[77.56683,12.97484],[77.567,12.97397],[77.56742,12.97394],[77.56722,12.9728],[77.56674,12.97177],[77.56602,12.97074],[77.56643,12.97076],[77.56426,12.96824],[77.56467,12.96814],[77.5652,12.96775],[77.56549,12.96674],[77.56626,12.96674],[77.56643,12.96715],[77.56702,12.96696],[77.56775,12.96698],[77.56774,12.96719],[77.56794,12.96718],[77.56791,12.96821],[77.57033,12.96795],[77.57387,12.96639],[77.57543,12.96936],[77.57446,12.96974],[77.57452,12.97004],[77.57364,12.97043],[77.57345,12.97005],[77.57331,12.9701],[77.57349,12.97067],[77.57288,12.97088],[77.5732,12.97163],[77.5723,12.97251],[77.5726,12.97301]]]},"properties":{"osm_id":19883274,"zone_id":"W19883274","label":"Cottonpete","admin_level":"10"}},{"type":"Feature","geometry":{"type":"Polygon","coordinates":[[[77.56602,12.97074],[77.56588,12.97072],[77.56588,12.97128],[77.56525,12.97134],[77.56491,12.97161],[77.56452,12.97124],[77.56341,12.97138],[77.56261,12.97165],[77.56272,12.97363],[77.56138,12.97367],[77.56044,12.9738],[77.56045,12.97399],[77.55999,12.97397],[77.56001,12.97321],[77.55976,12.97322],[77.55974,12.97373],[77.55884,12.97411],[77.55896,12.97431],[77.55839,12.9746],[77.55871,12.97574],[77.55449,12.97557],[77.55545,12.97748],[77.55735,12.97852],[77.55812,12.97883],[77.55894,12.97889],[77.55911,12.97916],[77.55925,12.97995],[77.56042,12.98025],[77.56076,12.98046],[77.56118,12.98176],[77.56173,12.98192],[77.56157,12.9827],[77.56379,12.98246],[77.56639,12.98197],[77.56814,12.98254],[77.56805,12.98489],[77.56857,12.98517],[77.56876,12.98644],[77.56965,12.98704],[77.5697,12.98598],[77.56981,12.98583],[77.57101,12.98552],[77.57186,12.98506],[77.57199,12.98481],[77.57205,12.98505],[77.57229,12.9848],[77.57271,12.98343],[77.57146,12.98239],[77.57054,12.98135],[77.57037,12.9819],[77.5699,12.98249],[77.56958,12.98267],[77.569,12.98248],[77.56808,12.98058],[77.56692,12.97487],[77.56683,12.97484],[77.567,12.97397],[77.56742,12.97394],[77.56743,12.9736],[77.56722,12.9728],[77.56674,12.97177],[77.56602,12.97074]]]},"properties":{"osm_id":19883275,"zone_id":"W19883275","label":"Gopalpura","admin_level":"10"}},{"type":"Feature","geometry":{"type":"Polygon","coordinates":[[[77.54469,12.99761],[77.54241,12.99859],[77.54116,12.99939],[77.54044,12.99697],[77.53845,12.99158],[77.53165,12.99258],[77.53148,12.99111],[77.53292,12.99096],[77.53275,12.99006],[77.53357,12.98965],[77.53301,12.9891],[77.53446,12.98844],[77.53813,12.98778],[77.54188,12.98589],[77.5435,12.98537],[77.54517,12.98501],[77.54562,12.98871],[77.54252,12.98893],[77.54229,12.98738],[77.54052,12.98829],[77.54054,12.98929],[77.54122,12.98916],[77.54104,12.99123],[77.54141,12.99118],[77.54156,12.99219],[77.54214,12.99209],[77.54225,12.99325],[77.54254,12.994],[77.54251,12.99509],[77.54287,12.99506],[77.54288,12.9952],[77.54378,12.99508],[77.54579,12.99456],[77.54588,12.99482],[77.54529,12.99494],[77.54527,12.99518],[77.5443,12.99543],[77.54437,12.99607],[77.54407,12.99622],[77.54419,12.99682],[77.544,12.9969],[77.54394,12.99722],[77.54457,12.99732],[77.54469,12.99761]]]},"properties":{"osm_id":19883276,"zone_id":"W19883276","label":"Basaveshwara Nagara","admin_level":"10"}},{"type":"Feature","geometry":{"type":"Polygon","coordinates":[[[77.55791,12.99102],[77.55606,12.98991],[77.55595,12.9875],[77.55432,12.98752],[77.55416,12.98435],[77.5516,12.98456],[77.54931,12.98498],[77.5492,12.98509],[77.54908,12.98442],[77.54902,12.98081],[77.55385,12.98062],[77.55374,12.97984],[77.55508,12.98008],[77.55526,12.98274],[77.55562,12.98273],[77.55567,12.98304],[77.55601,12.98302],[77.55607,12.98425],[77.55576,12.98428],[77.55581,12.98498],[77.55613,12.98506],[77.55651,12.98501],[77.55812,12.98362],[77.56025,12.98342],[77.56008,12.98669],[77.55982,12.98777],[77.55791,12.99102]]]},"properties":{"osm_id":19883277,"zone_id":"W19883277","label":"Rama Mandira","admin_level":"10"}},{"type":"Feature","geometry":{"type":"Polygon","coordinates":[[[77.56993,13.09806],[77.57098,13.09818],[77.57091,13.09906],[77.57002,13.10033],[77.56979,13.10289],[77.57064,13.1066],[77.56546,13.10766],[77.56573,13.10658],[77.56658,13.10455],[77.56694,13.10293],[77.56693,13.10243],[77.56591,13.10281],[77.56578,13.10165],[77.56549,13.1017],[77.56538,13.10126],[77.56316,13.10136],[77.56296,13.10076],[77.56215,13.10101],[77.56103,13.0984],[77.55797,13.09976],[77.55743,13.09769],[77.5578,13.09765],[77.55767,13.09679],[77.55806,13.09634],[77.55666,13.09642],[77.55702,13.09572],[77.55793,13.09573],[77.55793,13.09431],[77.55825,13.09426],[77.55823,13.09394],[77.55569,13.0944],[77.55531,13.09319],[77.55453,13.09424],[77.55402,13.09424],[77.55356,13.09395],[77.55214,13.09404],[77.55119,13.0937],[77.55035,13.09362],[77.5489,13.09422],[77.54611,13.09487],[77.54612,13.09182],[77.54664,13.08839],[77.54868,13.08578],[77.54848,13.0852],[77.54874,13.08421],[77.54826,13.08175],[77.5486,13.0817],[77.54901,13.08206],[77.5501,13.08216],[77.55077,13.08305],[77.55125,13.08339],[77.55207,13.08438],[77.55241,13.08459],[77.553,13.08472],[77.55371,13.08524],[77.55561,13.08606],[77.55571,13.08588],[77.55872,13.08472],[77.55891,13.08496],[77.56033,13.08402],[77.56307,13.08619],[77.56007,13.088],[77.56151,13.0952],[77.56285,13.09778],[77.56433,13.09758],[77.56993,13.09806]]]},"properties":{"osm_id":19883278,"zone_id":"W19883278","label":"Attur","admin_level":"10"}},{"type":"Feature","geometry":{"type":"Polygon","coordinates":[[[77.53445,13.05913],[77.53522,13.05787],[77.53549,13.05764],[77.53491,13.05753],[77.53499,13.05721],[77.53516,13.05721],[77.53525,13.05601],[77.5351,13.05593],[77.53536,13.05522],[77.5353,13.05483],[77.53225,13.05476],[77.53128,13.05443],[77.53053,13.05315],[77.52881,13.05187],[77.52828,13.05155],[77.52684,13.05114],[77.52521,13.04989],[77.52397,13.04917],[77.52359,13.0486],[77.52289,13.04699],[77.5222,13.04591],[77.5187,13.04838],[77.51934,13.04994],[77.51973,13.05141],[77.52105,13.05818],[77.52054,13.05921],[77.51975,13.05916],[77.51808,13.06024],[77.51424,13.06123],[77.51197,13.05983],[77.51146,13.06001],[77.51125,13.05883],[77.50955,13.05927],[77.50799,13.05946],[77.50716,13.06086],[77.50689,13.06094],[77.50522,13.06357],[77.50754,13.06382],[77.50921,13.06376],[77.50901,13.06409],[77.50903,13.06479],[77.50945,13.0648],[77.50982,13.06716],[77.50998,13.0672],[77.51004,13.06783],[77.51026,13.06784],[77.51032,13.0683],[77.51045,13.06841],[77.51096,13.06848],[77.51106,13.06963],[77.51274,13.0687],[77.51591,13.06755],[77.5159,13.06777],[77.5176,13.07006],[77.51842,13.07159],[77.52071,13.07111],[77.52355,13.07087],[77.52344,13.07009],[77.52352,13.06987],[77.52491,13.06971],[77.52571,13.06928],[77.52555,13.06703],[77.52514,13.06712],[77.52499,13.06683],[77.52465,13.06542],[77.52481,13.06534],[77.5245,13.06439],[77.52735,13.06324],[77.52719,13.06312],[77.52861,13.06241],[77.52974,13.06157],[77.53107,13.06179],[77.53175,13.05936],[77.53225,13.05817],[77.5328,13.05835],[77.53269,13.05973],[77.53347,13.05954],[77.53357,13.05888],[77.53445,13.05913]]]},"properties":{"osm_id":19883279,"zone_id":"W19883279","label":"Shettihalli","admin_level":"10"}},{"type":"Feature","geometry":{"type":"Polygon","coordinates":[[[77.588,12.94616],[77.58657,12.94575],[77.58581,12.94534],[77.58532,12.94451],[77.58526,12.94359],[77.5848,12.94374],[77.58285,12.94371],[77.58284,12.94322],[77.58445,12.94282],[77.58409,12.94188],[77.584,12.93666],[77.58573,12.9366],[77.58614,12.93646],[77.58671,12.93587],[77.58782,12.93516],[77.58913,12.93581],[77.58962,12.93552],[77.58994,12.9355],[77.59012,12.93632],[77.59056,12.93613],[77.59104,12.93667],[77.59174,12.93634],[77.5927,12.93621],[77.59249,12.94049],[77.59403,12.94222],[77.59451,12.943],[77.59474,12.94357],[77.5945,12.94434],[77.59338,12.94417],[77.5922,12.94424],[77.59186,12.94438],[77.59183,12.94426],[77.59167,12.94428],[77.59141,12.94362],[77.59117,12.94374],[77.59068,12.94277],[77.59005,12.94313],[77.59054,12.94334],[77.59093,12.94401],[77.59042,12.94423],[77.59063,12.94471],[77.58959,12.94509],[77.58983,12.94577],[77.58815,12.94575],[77.588,12.94616]]]},"properties":{"osm_id":19883280,"zone_id":"W19883280","label":"Kanakanapalya","admin_level":"10"}},{"type":"Feature","geometry":{"type":"Polygon","coordinates":[[[77.62224,12.91808],[77.62274,12.9173],[77.62378,12.91754],[77.62564,12.91765],[77.62851,12.9168],[77.63817,12.91595],[77.63832,12.91968],[77.63845,12.92039],[77.63886,12.92165],[77.63992,12.92383],[77.63851,12.92443],[77.63692,12.92532],[77.63402,12.92492],[77.63367,12.92229],[77.63302,12.92075],[77.63293,12.92076],[77.63251,12.91996],[77.63211,12.91864],[77.62884,12.91958],[77.62881,12.91934],[77.62893,12.91931],[77.62858,12.91801],[77.625,12.919],[77.6241,12.91905],[77.62382,12.91829],[77.62303,12.9185],[77.62279,12.91823],[77.62224,12.91808]]]},"properties":{"osm_id":19883281,"zone_id":"W19883281","label":"Jakkasandra","admin_level":"10"}},{"type":"Feature","geometry":{"type":"Polygon","coordinates":[[[77.62674,12.91057],[77.62276,12.91728],[77.62264,12.9173],[77.62218,12.91636],[77.62215,12.91447],[77.62091,12.91363],[77.62146,12.91321],[77.621,12.91269],[77.6212,12.91259],[77.62128,12.91222],[77.62114,12.91105],[77.62108,12.91079],[77.62082,12.91068],[77.62056,12.90992],[77.62056,12.90885],[77.62075,12.90798],[77.61896,12.90596],[77.61869,12.90535],[77.61843,12.90418],[77.6184,12.90276],[77.61825,12.90259],[77.6175,12.90275],[77.61729,12.90223],[77.61598,12.90133],[77.61393,12.8991],[77.61324,12.89928],[77.61305,12.89809],[77.61278,12.89795],[77.61204,12.89793],[77.61196,12.8978],[77.61062,12.89809],[77.61028,12.89824],[77.60984,12.89898],[77.60943,12.89923],[77.60924,12.89902],[77.60894,12.89895],[77.60851,12.8959],[77.60928,12.8953],[77.60973,12.89593],[77.61104,12.8958],[77.61101,12.89482],[77.6129,12.89469],[77.61291,12.89517],[77.61336,12.89521],[77.61356,12.89499],[77.61464,12.89511],[77.61465,12.89489],[77.61507,12.89482],[77.61548,12.89489],[77.61549,12.89516],[77.61655,12.89523],[77.61647,12.89449],[77.6172,12.89441],[77.61718,12.89597],[77.61776,12.89603],[77.61808,12.898],[77.61892,12.89797],[77.61915,12.89816],[77.61975,12.89828],[77.61999,12.90108],[77.62029,12.90106],[77.62035,12.90169],[77.61995,12.90185],[77.62009,12.90228],[77.61953,12.90244],[77.61959,12.9028],[77.62019,12.90391],[77.62052,12.90484],[77.62165,12.90463],[77.6218,12.90581],[77.62147,12.90588],[77.62156,12.90674],[77.62218,12.90671],[77.62234,12.90691],[77.62288,12.90685],[77.62295,12.90769],[77.62348,12.9088],[77.62394,12.90879],[77.62426,12.90906],[77.62541,12.9088],[77.62557,12.90945],[77.62583,12.90938],[77.6262,12.90967],[77.62604,12.91021],[77.62674,12.91057]]]},"properties":{"osm_id":19883282,"zone_id":"W19883282","label":"Kodi Chikkanahalli","admin_level":"10"}},{"type":"Feature","geometry":{"type":"Polygon","coordinates":[[[77.66657,12.86596],[77.66537,12.8642],[77.66458,12.86243],[77.66413,12.86253],[77.66384,12.86192],[77.66372,12.86078],[77.66128,12.85881],[77.66128,12.85868],[77.66069,12.85855],[77.6593,12.85871],[77.65848,12.85855],[77.6574,12.85855],[77.65745,12.85783],[77.65685,12.85721],[77.65613,12.8571],[77.6562,12.85676],[77.65606,12.85674],[77.65606,12.85655],[77.65581,12.8564],[77.6559,12.85611],[77.65541,12.85583],[77.65528,12.85621],[77.65436,12.85584],[77.65313,12.85565],[77.65306,12.85534],[77.65284,12.85524],[77.65282,12.85498],[77.65197,12.85474],[77.65198,12.85497],[77.65172,12.85492],[77.65062,12.85414],[77.65069,12.85395],[77.64987,12.85363],[77.64977,12.85309],[77.64994,12.8531],[77.65007,12.85215],[77.64965,12.85211],[77.64956,12.85307],[77.64935,12.85287],[77.64863,12.85267],[77.64869,12.85204],[77.64851,12.85201],[77.64852,12.8519],[77.64812,12.85183],[77.6481,12.85196],[77.64796,12.85194],[77.64792,12.85224],[77.64758,12.85224],[77.64742,12.85204],[77.64709,12.85193],[77.64671,12.85198],[77.64596,12.85164],[77.64594,12.85184],[77.64519,12.85164],[77.64522,12.85207],[77.64309,12.85058],[77.64281,12.85269],[77.64297,12.85697],[77.6429,12.85945],[77.64207,12.86207],[77.64188,12.86359],[77.64165,12.86369],[77.64121,12.86501],[77.63907,12.865],[77.63847,12.86399],[77.63849,12.86346],[77.63749,12.86296],[77.6352,12.86305],[77.63456,12.86276],[77.63407,12.86226],[77.63439,12.86184],[77.63236,12.8612],[77.6308,12.86012],[77.63067,12.85932],[77.63028,12.85841],[77.6298,12.85773],[77.6294,12.8575],[77.62914,12.85718],[77.62922,12.85712],[77.62694,12.85721],[77.62638,12.85754],[77.6255,12.85765],[77.61959,12.85795],[77.62044,12.86074],[77.62299,12.86256],[77.62588,12.86438],[77.62805,12.86557],[77.62918,12.86592],[77.6302,12.86649],[77.63186,12.86681],[77.63423,12.86696],[77.63431,12.86747],[77.63647,12.86729],[77.6368,12.86974],[77.63792,12.86962],[77.63809,12.87081],[77.63904,12.87072],[77.63931,12.87251],[77.64023,12.87241],[77.64024,12.8725],[77.64105,12.87199],[77.64196,12.87183],[77.64246,12.87161],[77.64755,12.8706],[77.64893,12.87037],[77.65072,12.87039],[77.65173,12.8699],[77.65319,12.86954],[77.65548,12.86975],[77.65545,12.86906],[77.65664,12.86902],[77.65664,12.86958],[77.65712,12.86959],[77.65714,12.86897],[77.65767,12.86898],[77.6577,12.87042],[77.65758,12.87044],[77.65766,12.87081],[77.65675,12.87155],[77.65558,12.8729],[77.65415,12.87366],[77.65466,12.87568],[77.65475,12.87712],[77.65618,12.87711],[77.65615,12.87652],[77.65639,12.87646],[77.65651,12.87693],[77.65771,12.87671],[77.65826,12.87645],[77.65935,12.87652],[77.6603,12.87621],[77.65922,12.87187],[77.65854,12.87054],[77.65869,12.87027],[77.65921,12.87008],[77.66125,12.86851],[77.66502,12.86652],[77.66657,12.86596]]]},"properties":{"osm_id":19883283,"zone_id":"W19883283","label":"Chikkathoguru","admin_level":"10"}},{"type":"Feature","geometry":{"type":"Polygon","coordinates":[[[77.56805,12.98489],[77.56857,12.98517],[77.56876,12.98644],[77.56965,12.98704],[77.5697,12.98598],[77.56981,12.98583],[77.57101,12.98552],[77.57186,12.98506],[77.57199,12.98481],[77.57205,12.98505],[77.57229,12.9848],[77.57223,12.98806],[77.5719,12.98958],[77.57151,12.98948],[77.56857,12.99339],[77.56781,12.99338],[77.56793,12.9884],[77.56511,12.98854],[77.56508,12.9883],[77.56509,12.9874],[77.56654,12.98737],[77.5666,12.98682],[77.56697,12.98703],[77.5668,12.98592],[77.5675,12.98592],[77.5675,12.98577],[77.56732,12.98577],[77.5673,12.98536],[77.56803,12.98529],[77.56805,12.98489]]]},"properties":{"osm_id":19883284,"zone_id":"W19883284","label":"Swatantra Palya Ward","admin_level":"10"}},{"type":"Feature","geometry":{"type":"Polygon","coordinates":[[[77.64495,12.91898],[77.6451,12.92199],[77.64575,12.92263],[77.64744,12.92387],[77.6482,12.9242],[77.64924,12.92436],[77.65005,12.92431],[77.65019,12.92442],[77.64923,12.92469],[77.64517,12.92446],[77.64124,12.92337],[77.63992,12.92383],[77.63886,12.92165],[77.63845,12.92039],[77.63832,12.91968],[77.63817,12.91595],[77.62851,12.9168],[77.62564,12.91765],[77.62378,12.91754],[77.62274,12.9173],[77.62459,12.91405],[77.63189,12.9022],[77.63224,12.90223],[77.63234,12.9024],[77.6323,12.90369],[77.63255,12.90436],[77.6325,12.90515],[77.63381,12.90509],[77.63386,12.90691],[77.63509,12.90731],[77.63863,12.9059],[77.63869,12.90723],[77.63902,12.90784],[77.63899,12.90833],[77.63841,12.90835],[77.63841,12.90931],[77.63802,12.90933],[77.63804,12.90984],[77.6416,12.90971],[77.64169,12.91219],[77.64465,12.91206],[77.64495,12.91898]]]},"properties":{"osm_id":19883285,"zone_id":"W19883285","label":"HSR Layout","admin_level":"10"}},{"type":"Feature","geometry":{"type":"Polygon","coordinates":[[[77.55212,12.95735],[77.55489,12.95831],[77.55631,12.9599],[77.55771,12.9608],[77.56023,12.96143],[77.56226,12.96159],[77.56326,12.96182],[77.56328,12.96079],[77.55922,12.96072],[77.55929,12.95688],[77.55731,12.95526],[77.55675,12.95356],[77.55597,12.95241],[77.55565,12.95166],[77.55714,12.95118],[77.55759,12.95082],[77.55767,12.95041],[77.55806,12.95031],[77.55807,12.95014],[77.55676,12.94997],[77.55635,12.95025],[77.55539,12.95046],[77.5556,12.95174],[77.55427,12.95179],[77.5544,12.9519],[77.55395,12.95254],[77.55418,12.9526],[77.55624,12.95469],[77.5551,12.95504],[77.55534,12.95596],[77.555,12.9568],[77.55405,12.95647],[77.55392,12.95682],[77.55277,12.95646],[77.55276,12.95669],[77.55205,12.95675],[77.55212,12.95735]]]},"properties":{"osm_id":19883286,"zone_id":"W19883286","label":"Azad Nagar","admin_level":"10"}},{"type":"Feature","geometry":{"type":"Polygon","coordinates":[[[77.64377,13.03897],[77.64442,13.03623],[77.64491,13.03602],[77.64494,13.03588],[77.64323,13.03591],[77.64318,13.03524],[77.64337,13.03387],[77.64215,13.0339],[77.6412,13.03422],[77.64124,13.03434],[77.64103,13.03426],[77.64077,13.03368],[77.63985,13.03258],[77.6394,13.03138],[77.63787,13.02993],[77.63761,13.02799],[77.63635,13.0278],[77.6335,13.02869],[77.63272,13.02777],[77.63582,13.02663],[77.63965,13.02588],[77.64588,13.02318],[77.64632,13.02341],[77.64691,13.02344],[77.64748,13.02563],[77.6472,13.02568],[77.6473,13.02605],[77.64657,13.02626],[77.64694,13.02758],[77.64846,13.02713],[77.64912,13.02993],[77.64928,13.03169],[77.64952,13.03169],[77.64957,13.03215],[77.64977,13.03214],[77.64995,13.03607],[77.64971,13.03606],[77.64971,13.03708],[77.64492,13.0429],[77.6436,13.04247],[77.64379,13.04039],[77.64377,13.03897]]]},"properties":{"osm_id":19883287,"zone_id":"W19883287","label":"Chellakere","admin_level":"10"}},{"type":"Feature","geometry":{"type":"Polygon","coordinates":[[[77.6884,12.96701],[77.68887,12.96232],[77.68935,12.96217],[77.68961,12.96144],[77.68924,12.96],[77.68952,12.95582],[77.68964,12.95542],[77.6988,12.95705],[77.70488,12.95665],[77.70487,12.95716],[77.70462,12.95779],[77.70403,12.96228],[77.70343,12.96165],[77.70162,12.96189],[77.70209,12.96524],[77.70133,12.96431],[77.70118,12.96433],[77.70009,12.96348],[77.6981,12.96308],[77.69498,12.96139],[77.69429,12.96118],[77.69417,12.96189],[77.69065,12.96125],[77.69017,12.96355],[77.69176,12.96399],[77.69299,12.96665],[77.69339,12.96831],[77.69277,12.96839],[77.69219,12.96822],[77.69132,12.96762],[77.69054,12.96757],[77.69055,12.96744],[77.68989,12.96757],[77.68965,12.96713],[77.68874,12.9671],[77.68873,12.96725],[77.68838,12.96724],[77.6884,12.96701]]]},"properties":{"osm_id":19883288,"zone_id":"W19883288","label":"Ashwath Nagar","admin_level":"10"}},{"type":"Feature","geometry":{"type":"Polygon","coordinates":[[[77.55212,12.95735],[77.55205,12.95675],[77.55276,12.95669],[77.55277,12.95646],[77.55392,12.95682],[77.55405,12.95647],[77.555,12.9568],[77.55534,12.95596],[77.5551,12.95504],[77.55624,12.95469],[77.55418,12.9526],[77.55395,12.95254],[77.5544,12.9519],[77.55429,12.95188],[77.55415,12.95133],[77.55384,12.95129],[77.55377,12.9508],[77.55339,12.95067],[77.5532,12.95083],[77.55277,12.95056],[77.55158,12.95207],[77.55148,12.95198],[77.55128,12.95212],[77.5509,12.95206],[77.54912,12.95235],[77.54935,12.95473],[77.54958,12.95471],[77.54841,12.95657],[77.55212,12.95735]]]},"properties":{"osm_id":19883289,"zone_id":"W19883289","label":"Kasturbha Nagar","admin_level":"10"}},{"type":"Feature","geometry":{"type":"Polygon","coordinates":[[[77.62583,12.95215],[77.6253,12.95308],[77.62472,12.95373],[77.62379,12.954],[77.62385,12.95424],[77.62331,12.95437],[77.62331,12.95478],[77.62269,12.95503],[77.62211,12.95546],[77.62094,12.95592],[77.6212,12.9571],[77.62115,12.95783],[77.62036,12.95904],[77.61893,12.96246],[77.61622,12.96164],[77.61641,12.96086],[77.61669,12.95731],[77.6174,12.95553],[77.61756,12.95374],[77.61774,12.95353],[77.61778,12.95294],[77.61795,12.95267],[77.61865,12.95212],[77.61887,12.95212],[77.61913,12.9529],[77.62018,12.95242],[77.62031,12.95324],[77.62583,12.95215]]]},"properties":{"osm_id":19883290,"zone_id":"W19883290","label":"Vannarpet","admin_level":"10"}},{"type":"Feature","geometry":{"type":"Polygon","coordinates":[[[77.64813,12.99084],[77.65018,12.99082],[77.65128,12.99097],[77.65141,12.99201],[77.65175,12.9924],[77.65215,12.9954],[77.65196,12.9981],[77.65306,12.99823],[77.65573,12.99775],[77.65609,12.99764],[77.65608,12.99752],[77.65797,12.99754],[77.65987,12.99708],[77.66055,12.99857],[77.66073,12.99969],[77.66126,12.99997],[77.66161,12.99939],[77.66255,12.99991],[77.66332,12.99832],[77.66359,12.99826],[77.66319,13.00456],[77.66257,13.00819],[77.6623,13.01239],[77.6618,13.01205],[77.65951,13.01122],[77.65817,13.01048],[77.6562,13.00907],[77.65409,13.00679],[77.65288,13.00582],[77.65126,13.00608],[77.65157,13.00669],[77.65063,13.00696],[77.64974,13.00746],[77.64798,13.00753],[77.6467,13.00799],[77.64579,13.00693],[77.64553,13.00639],[77.64101,13.00604],[77.63882,13.00544],[77.63807,13.00544],[77.63745,13.00505],[77.63635,13.00396],[77.63857,13.00263],[77.63891,13.00176],[77.63947,13.00106],[77.64096,12.99832],[77.64268,12.99586],[77.6435,12.99544],[77.64398,12.9947],[77.64421,12.99428],[77.64417,12.99352],[77.64566,12.99435],[77.64667,12.99172],[77.64721,12.99119],[77.64813,12.99084]]]},"properties":{"osm_id":19883291,"zone_id":"W19883291","label":"Kasturi Nagar","admin_level":"10"}},{"type":"Feature","geometry":{"type":"Polygon","coordinates":[[[77.60242,12.91825],[77.60226,12.91915],[77.60172,12.91903],[77.60157,12.92018],[77.60019,12.92005],[77.6001,12.91886],[77.59263,12.91898],[77.59286,12.91969],[77.59148,12.91973],[77.59149,12.92166],[77.59699,12.9216],[77.59697,12.92051],[77.60005,12.92057],[77.60012,12.92091],[77.60238,12.92107],[77.60244,12.92142],[77.60378,12.92145],[77.604,12.92136],[77.604,12.9215],[77.60481,12.92153],[77.60484,12.92194],[77.60606,12.9217],[77.60658,12.92325],[77.60737,12.92304],[77.60798,12.92481],[77.60853,12.92482],[77.60873,12.92388],[77.60842,12.92375],[77.6089,12.92271],[77.60867,12.92156],[77.60806,12.92008],[77.60532,12.92076],[77.6051,12.92003],[77.60514,12.91959],[77.60418,12.91941],[77.60413,12.91994],[77.60342,12.91981],[77.60345,12.91754],[77.60306,12.91747],[77.60303,12.91782],[77.60241,12.91773],[77.60242,12.91825]]]},"properties":{"osm_id":19883292,"zone_id":"W19883292","label":"Jayanagar East","admin_level":"10"}},{"type":"Feature","geometry":{"type":"Polygon","coordinates":[[[77.69816,13.00713],[77.69867,13.00694],[77.69902,13.00664],[77.70019,13.00622],[77.69999,13.00566],[77.7,13.00445],[77.69933,12.99982],[77.69413,12.99994],[77.69419,12.99778],[77.69375,12.99612],[77.69497,12.9956],[77.69801,12.99502],[77.69985,12.99439],[77.70225,12.9938],[77.70277,12.99519],[77.70283,12.99569],[77.70261,12.99581],[77.70276,12.99634],[77.7029,12.99643],[77.70301,12.99703],[77.70344,12.99741],[77.70405,12.99832],[77.70424,12.99953],[77.70605,12.99928],[77.70587,12.99931],[77.70693,13.00294],[77.70713,13.00429],[77.70622,13.00429],[77.70521,13.00451],[77.7058,13.0061],[77.70529,13.0062],[77.70535,13.00647],[77.70558,13.00645],[77.70575,13.00719],[77.70466,13.00734],[77.70471,13.00784],[77.7024,13.00782],[77.7024,13.00792],[77.70187,13.00803],[77.70219,13.00959],[77.70222,13.01058],[77.70204,13.01064],[77.70086,13.01032],[77.69924,13.00966],[77.69861,13.00927],[77.69921,13.00906],[77.69816,13.00713]]]},"properties":{"osm_id":19883293,"zone_id":"W19883293","label":"Chikka Devasandra","admin_level":"10"}},{"type":"Feature","geometry":{"type":"Polygon","coordinates":[[[77.64268,12.99586],[77.64132,12.99578],[77.64123,12.99539],[77.64066,12.99568],[77.64045,12.99487],[77.63794,12.9951],[77.6379,12.99424],[77.63806,12.9942],[77.63789,12.99364],[77.63747,12.99367],[77.63734,12.99268],[77.64355,12.99154],[77.64244,12.98476],[77.64612,12.9861],[77.64544,12.98847],[77.64582,12.98864],[77.64713,12.98861],[77.64714,12.98886],[77.64647,12.98892],[77.6467,12.99094],[77.64656,12.99101],[77.64813,12.99084],[77.64721,12.99119],[77.64667,12.99172],[77.64566,12.99435],[77.64417,12.99352],[77.64421,12.99428],[77.64398,12.9947],[77.6435,12.99544],[77.64268,12.99586]]]},"properties":{"osm_id":19883294,"zone_id":"W19883294","label":"Old Baiyappanahalli","admin_level":"10"}},{"type":"Feature","geometry":{"type":"Polygon","coordinates":[[[77.63057,12.9431],[77.62911,12.94616],[77.62728,12.94907],[77.62592,12.95015],[77.62338,12.95079],[77.6215,12.95166],[77.62089,12.95026],[77.6203,12.94927],[77.62106,12.94816],[77.622,12.9488],[77.62385,12.94625],[77.62419,12.94623],[77.62626,12.94514],[77.62638,12.94454],[77.62599,12.94442],[77.62617,12.94172],[77.62794,12.94184],[77.62815,12.94248],[77.62902,12.94225],[77.62895,12.94251],[77.6293,12.94244],[77.6295,12.94299],[77.63057,12.9431]]]},"properties":{"osm_id":19883295,"zone_id":"W19883295","label":"Ejipura","admin_level":"10"}},{"type":"Feature","geometry":{"type":"Polygon","coordinates":[[[77.57121,13.00637],[77.56925,13.00646],[77.56909,13.01194],[77.56898,13.0121],[77.56613,13.01393],[77.5599,13.01744],[77.55888,13.01813],[77.55797,13.01864],[77.55771,13.01862],[77.55624,13.01619],[77.55561,13.01566],[77.55778,13.01326],[77.55837,13.01244],[77.55928,13.01047],[77.56093,13.00523],[77.56144,13.00396],[77.56374,12.99988],[77.56605,12.99663],[77.56679,12.99686],[77.56873,12.99675],[77.57146,12.99686],[77.57121,13.00637]]]},"properties":{"osm_id":19883296,"zone_id":"W19883296","label":"Malleshwaram","admin_level":"10"}},{"type":"Feature","geometry":{"type":"Polygon","coordinates":[[[77.55147,12.96797],[77.55102,12.96761],[77.55006,12.96639],[77.5485,12.96515],[77.54906,12.96467],[77.54862,12.96248],[77.54925,12.96235],[77.54979,12.96194],[77.5515,12.9615],[77.55231,12.96448],[77.55463,12.96422],[77.55485,12.96535],[77.55169,12.96637],[77.55168,12.96676],[77.55219,12.96669],[77.55226,12.96709],[77.55168,12.9672],[77.55186,12.96786],[77.55147,12.96797]]]},"properties":{"osm_id":19883297,"zone_id":"W19883297","label":"Padarayanapura","admin_level":"10"}},{"type":"Feature","geometry":{"type":"Polygon","coordinates":[[[77.54608,12.96083],[77.54517,12.96224],[77.54553,12.96269],[77.54455,12.96331],[77.54442,12.96328],[77.54387,12.96399],[77.54477,12.96429],[77.54633,12.96429],[77.5485,12.96514],[77.55006,12.96639],[77.55116,12.96775],[77.55021,12.9683],[77.54934,12.96712],[77.54808,12.96802],[77.54846,12.96868],[77.54598,12.96938],[77.54643,12.97039],[77.54627,12.97046],[77.54804,12.97462],[77.54774,12.97429],[77.54741,12.97423],[77.54366,12.97412],[77.54133,12.97363],[77.54103,12.97258],[77.5426,12.97204],[77.54216,12.97069],[77.54213,12.97013],[77.54365,12.96965],[77.54347,12.9691],[77.54303,12.96919],[77.54239,12.96772],[77.54303,12.96748],[77.54316,12.96783],[77.54385,12.96758],[77.54361,12.96682],[77.54329,12.96693],[77.54285,12.96563],[77.54317,12.96553],[77.54339,12.96617],[77.54424,12.96587],[77.54354,12.96436],[77.54238,12.96426],[77.54233,12.96345],[77.54298,12.96345],[77.54209,12.9621],[77.54373,12.96119],[77.5444,12.96103],[77.54443,12.96092],[77.54608,12.96083]]]},"properties":{"osm_id":19883298,"zone_id":"W19883298","label":"Adi Chunchanagiri Ward","admin_level":"10"}},{"type":"Feature","geometry":{"type":"Polygon","coordinates":[[[77.66657,12.86596],[77.66672,12.86621],[77.66782,12.86641],[77.66986,12.86718],[77.67114,12.86781],[77.67227,12.8682],[77.67289,12.86825],[77.67281,12.86931],[77.67532,12.87258],[77.67468,12.87526],[77.67365,12.87724],[77.67138,12.88027],[77.67371,12.87981],[77.67373,12.8799],[77.67397,12.87985],[77.67418,12.88413],[77.67375,12.88437],[77.66797,12.88552],[77.66783,12.8855],[77.66816,12.88362],[77.66658,12.88418],[77.66312,12.88446],[77.66053,12.88418],[77.65652,12.88494],[77.65575,12.88339],[77.65501,12.88057],[77.65475,12.87712],[77.65618,12.87711],[77.65615,12.87652],[77.65639,12.87646],[77.65651,12.87693],[77.65771,12.87671],[77.65826,12.87645],[77.65935,12.87652],[77.6603,12.87621],[77.65922,12.87187],[77.65854,12.87054],[77.65869,12.87027],[77.65921,12.87008],[77.66125,12.86851],[77.66502,12.86652],[77.66657,12.86596]]]},"properties":{"osm_id":19883299,"zone_id":"W19883299","label":"Naganathapura","admin_level":"10"}},{"type":"Feature","geometry":{"type":"Polygon","coordinates":[[[77.55147,12.96797],[77.55186,12.96786],[77.55168,12.9672],[77.55226,12.96709],[77.55219,12.96669],[77.55168,12.96676],[77.55169,12.96637],[77.55485,12.96535],[77.55468,12.96478],[77.55823,12.96336],[77.55852,12.96473],[77.55842,12.96521],[77.55692,12.96602],[77.55698,12.96631],[77.55677,12.96665],[77.55639,12.96676],[77.55587,12.96719],[77.55534,12.9671],[77.55484,12.96724],[77.55481,12.96739],[77.55558,12.96918],[77.55147,12.96797]]]},"properties":{"osm_id":19883300,"zone_id":"W19883300","label":"Rayapuram","admin_level":"10"}},{"type":"Feature","geometry":{"type":"Polygon","coordinates":[[[77.65967,12.9592],[77.65966,12.95906],[77.66085,12.95925],[77.66215,12.95919],[77.66356,12.9589],[77.66376,12.95896],[77.66638,12.95834],[77.66794,12.95815],[77.66806,12.9584],[77.66813,12.96105],[77.66839,12.96181],[77.66855,12.96285],[77.66869,12.96494],[77.66857,12.96596],[77.66976,12.96615],[77.67036,12.96973],[77.67014,12.96978],[77.67035,12.97109],[77.66907,12.97126],[77.66884,12.97096],[77.66665,12.97073],[77.66701,12.97128],[77.66553,12.97158],[77.66534,12.97184],[77.66306,12.97154],[77.66157,12.97198],[77.66152,12.97162],[77.6596,12.97159],[77.65864,12.97145],[77.65873,12.97125],[77.65775,12.97078],[77.65727,12.96824],[77.65795,12.96817],[77.65849,12.96743],[77.65846,12.96719],[77.66165,12.9668],[77.66196,12.96631],[77.66179,12.96619],[77.66156,12.96553],[77.66107,12.96545],[77.661,12.96518],[77.66072,12.96519],[77.66053,12.9649],[77.6608,12.96485],[77.66109,12.96415],[77.66179,12.96427],[77.66171,12.9629],[77.66145,12.96214],[77.66095,12.96221],[77.66082,12.96161],[77.65997,12.96169],[77.65977,12.96103],[77.66016,12.96087],[77.65979,12.96022],[77.65967,12.9592]]]},"properties":{"osm_id":19883301,"zone_id":"W19883301","label":"Jagadish Nagar","admin_level":"10"}},{"type":"Feature","geometry":{"type":"Polygon","coordinates":[[[77.5726,12.97301],[77.57294,12.97382],[77.57412,12.97354],[77.57416,12.97432],[77.57137,12.97444],[77.57076,12.97465],[77.57089,12.97529],[77.57079,12.97535],[77.57092,12.97619],[77.57103,12.97999],[77.57054,12.98135],[77.57146,12.98239],[77.57271,12.98343],[77.57224,12.98497],[77.57223,12.98806],[77.57161,12.99096],[77.57148,12.99342],[77.57284,12.99351],[77.57354,12.99368],[77.57393,12.99391],[77.57418,12.99279],[77.57541,12.99191],[77.57624,12.99277],[77.57645,12.99259],[77.57639,12.99208],[77.5799,12.99099],[77.5761,12.9853],[77.57541,12.98463],[77.5748,12.9843],[77.57479,12.98414],[77.57759,12.98365],[77.57695,12.98316],[77.57658,12.98207],[77.57671,12.98134],[77.57725,12.98067],[77.57792,12.98047],[77.58043,12.98029],[77.58109,12.9801],[77.58445,12.97793],[77.58109,12.97307],[77.57822,12.97432],[77.57706,12.97249],[77.57644,12.9727],[77.57686,12.97352],[77.5754,12.974],[77.57446,12.97235],[77.5726,12.97301]]]},"properties":{"osm_id":19883302,"zone_id":"W19883302","label":"Nehru Nagar","admin_level":"10"}},{"type":"Feature","geometry":{"type":"Polygon","coordinates":[[[77.64228,12.8963],[77.64223,12.89561],[77.64197,12.89565],[77.64182,12.89552],[77.64166,12.89506],[77.64084,12.89512],[77.64074,12.89445],[77.64162,12.89434],[77.64169,12.8939],[77.64138,12.89385],[77.64113,12.89314],[77.64134,12.89309],[77.64197,12.89329],[77.642,12.893],[77.64125,12.89266],[77.64235,12.8908],[77.64383,12.89141],[77.6439,12.89126],[77.6439,12.89138],[77.64468,12.89172],[77.64903,12.89092],[77.65039,12.89328],[77.65261,12.89473],[77.6539,12.89444],[77.65406,12.89556],[77.6545,12.89665],[77.65567,12.8978],[77.65668,12.89748],[77.65696,12.89882],[77.65507,12.89962],[77.65495,12.89927],[77.65402,12.89941],[77.65404,12.89975],[77.65328,12.89993],[77.65344,12.9006],[77.65179,12.90118],[77.6512,12.89886],[77.64921,12.89974],[77.64865,12.89945],[77.64741,12.89946],[77.64701,12.9003],[77.64645,12.90074],[77.64132,12.90406],[77.64134,12.9029],[77.64105,12.90074],[77.64037,12.90083],[77.64023,12.89963],[77.64418,12.89916],[77.64409,12.89737],[77.64281,12.89744],[77.64274,12.89651],[77.64239,12.89652],[77.64228,12.8963]]]},"properties":{"osm_id":19883303,"zone_id":"W19883303","label":"Hosapalya","admin_level":"10"}},{"type":"Feature","geometry":{"type":"Polygon","coordinates":[[[77.6302,12.86649],[77.63186,12.86681],[77.63423,12.86696],[77.63431,12.86747],[77.63647,12.86729],[77.6368,12.86974],[77.63792,12.86962],[77.63809,12.87081],[77.63904,12.87072],[77.63931,12.87251],[77.64023,12.87241],[77.64024,12.8725],[77.64004,12.87354],[77.64016,12.87444],[77.6397,12.87602],[77.63914,12.87701],[77.63796,12.87861],[77.63758,12.87889],[77.63696,12.87996],[77.63731,12.88285],[77.63755,12.88368],[77.63825,12.8837],[77.63893,12.88522],[77.63821,12.88542],[77.63831,12.88577],[77.63751,12.88597],[77.63755,12.88616],[77.63684,12.88637],[77.63579,12.88724],[77.6354,12.88776],[77.63517,12.88782],[77.63495,12.88776],[77.6352,12.88638],[77.63233,12.8861],[77.63151,12.88857],[77.63147,12.88926],[77.63287,12.88941],[77.63272,12.8907],[77.6328,12.89241],[77.63028,12.89276],[77.62986,12.89205],[77.62943,12.89176],[77.62925,12.89086],[77.62861,12.89013],[77.62863,12.88812],[77.62789,12.88809],[77.62652,12.88842],[77.6256,12.88839],[77.62555,12.88664],[77.62492,12.88457],[77.62476,12.88198],[77.62777,12.88164],[77.62763,12.88046],[77.62733,12.8805],[77.6269,12.87782],[77.63017,12.87826],[77.63111,12.87828],[77.63248,12.87854],[77.63289,12.87802],[77.63279,12.87617],[77.63293,12.87566],[77.63313,12.87557],[77.63393,12.87423],[77.63284,12.87268],[77.63251,12.87236],[77.63222,12.87237],[77.6317,12.87076],[77.6319,12.87001],[77.63135,12.86836],[77.63064,12.86845],[77.63018,12.86747],[77.6302,12.86649]]]},"properties":{"osm_id":19883304,"zone_id":"W19883304","label":"Vishwapriya Nagara","admin_level":"10"}},{"type":"Feature","geometry":{"type":"Polygon","coordinates":[[[77.61852,12.95224],[77.61786,12.95277],[77.61774,12.95353],[77.61758,12.95367],[77.6141,12.95508],[77.61372,12.95359],[77.61313,12.95374],[77.61319,12.954],[77.61283,12.95406],[77.6128,12.95387],[77.6125,12.95388],[77.61253,12.95367],[77.61189,12.95203],[77.6115,12.94987],[77.61376,12.95033],[77.61535,12.95084],[77.61695,12.95065],[77.61748,12.95076],[77.61852,12.95224]]]},"properties":{"osm_id":19883305,"zone_id":"W19883305","label":"Neelasandra","admin_level":"10"}},{"type":"Feature","geometry":{"type":"Polygon","coordinates":[[[77.60304,12.98828],[77.6032,12.98862],[77.60397,12.98856],[77.60377,12.99007],[77.6046,12.99017],[77.60472,12.98947],[77.60447,12.98853],[77.60524,12.98837],[77.60546,12.98915],[77.60564,12.98923],[77.60513,12.99106],[77.60463,12.99189],[77.60425,12.99212],[77.60387,12.99273],[77.60286,12.9924],[77.60182,12.99248],[77.59659,12.99444],[77.59658,12.99454],[77.60068,12.9957],[77.60294,12.99517],[77.60563,12.99424],[77.60877,12.99897],[77.60685,12.99949],[77.60675,12.99942],[77.60647,12.99782],[77.60509,12.99779],[77.60475,12.99857],[77.60378,12.99908],[77.6024,12.99952],[77.60185,12.99988],[77.6017,13.00055],[77.60159,13.00051],[77.60152,13.00144],[77.60224,13.00132],[77.60244,13.00139],[77.60363,13.00313],[77.60133,13.00433],[77.60001,13.0047],[77.59878,13.00207],[77.59642,13.0033],[77.59326,13.00565],[77.59566,12.99775],[77.59625,12.99497],[77.5961,12.99469],[77.59468,12.99536],[77.59395,12.99548],[77.59175,12.9954],[77.59173,12.99531],[77.59318,12.99488],[77.59581,12.99355],[77.59768,12.99125],[77.59954,12.99051],[77.59995,12.99183],[77.60112,12.99025],[77.60094,12.99013],[77.6006,12.98917],[77.59962,12.98943],[77.59882,12.98774],[77.59873,12.98753],[77.59964,12.98693],[77.59972,12.98709],[77.60036,12.9868],[77.60106,12.98774],[77.60149,12.98763],[77.60147,12.98691],[77.60164,12.9867],[77.60191,12.98665],[77.60222,12.98918],[77.60304,12.98828]]]},"properties":{"osm_id":19883306,"zone_id":"W19883306","label":"Jayamahal","admin_level":"10"}},{"type":"Feature","geometry":{"type":"Polygon","coordinates":[[[77.53981,13.01904],[77.53523,13.02162],[77.53316,13.02195],[77.53264,13.02215],[77.53237,13.02139],[77.53184,13.01851],[77.53161,13.01799],[77.53433,13.01774],[77.53557,13.01734],[77.53578,13.01792],[77.53716,13.01767],[77.53726,13.01762],[77.53721,13.01731],[77.53755,13.01715],[77.53756,13.01646],[77.53725,13.01602],[77.53672,13.01569],[77.53666,13.01526],[77.53819,13.01488],[77.53911,13.01422],[77.53966,13.01357],[77.53988,13.01251],[77.54148,13.01255],[77.54202,13.01236],[77.54228,13.01203],[77.54279,13.01193],[77.54401,13.01226],[77.54385,13.01314],[77.54402,13.01394],[77.54399,13.01487],[77.54271,13.01474],[77.54227,13.01485],[77.54158,13.01531],[77.54099,13.01376],[77.54046,13.01403],[77.54076,13.01469],[77.54008,13.01488],[77.54046,13.01609],[77.54129,13.01787],[77.54153,13.01804],[77.54063,13.01847],[77.53981,13.01904]]]},"properties":{"osm_id":19883307,"zone_id":"W19883307","label":"Dr. Puneeth Rajkumar Ward","admin_level":"10"}},{"type":"Feature","geometry":{"type":"Polygon","coordinates":[[[77.54401,13.01226],[77.5468,13.01304],[77.54725,13.01576],[77.54842,13.01496],[77.54793,13.01387],[77.54749,13.01357],[77.54756,13.01242],[77.54767,13.01229],[77.54688,13.01174],[77.54519,13.0115],[77.54388,13.01064],[77.54361,13.00894],[77.54427,13.00884],[77.545,13.00932],[77.5452,13.00903],[77.54584,13.00945],[77.547,13.00926],[77.54726,13.01062],[77.54948,13.01008],[77.55066,13.01127],[77.55357,13.01283],[77.55378,13.01312],[77.55407,13.01403],[77.554,13.01511],[77.5541,13.01566],[77.55387,13.0159],[77.55362,13.01756],[77.5531,13.01921],[77.55152,13.02216],[77.55105,13.0226],[77.54426,13.02637],[77.53979,13.01901],[77.54153,13.01804],[77.54129,13.01787],[77.54046,13.01609],[77.54008,13.01488],[77.54076,13.01469],[77.54046,13.01403],[77.54099,13.01376],[77.54158,13.01531],[77.54227,13.01485],[77.54271,13.01474],[77.54399,13.01487],[77.54402,13.01394],[77.54385,13.01314],[77.54401,13.01226]]]},"properties":{"osm_id":19883308,"zone_id":"W19883308","label":"Nalwadi Krishnaraja Wadiyar Ward","admin_level":"10"}},{"type":"Feature","geometry":{"type":"Polygon","coordinates":[[[77.59175,12.9954],[77.58968,12.99533],[77.58952,12.99568],[77.588,12.99647],[77.58649,12.99753],[77.58436,12.99783],[77.58419,12.99946],[77.583,12.99925],[77.5816,12.99806],[77.58058,12.99694],[77.58261,12.99622],[77.58297,12.99556],[77.58403,12.99592],[77.58477,12.99601],[77.58506,12.99471],[77.5858,12.98952],[77.58612,12.98893],[77.58829,12.98718],[77.58888,12.98637],[77.58904,12.98653],[77.58889,12.98767],[77.59328,12.98574],[77.59229,12.98311],[77.59233,12.98266],[77.5971,12.9811],[77.59832,12.98058],[77.59887,12.98212],[77.59888,12.98247],[77.59854,12.98328],[77.5978,12.98397],[77.60163,12.98464],[77.60182,12.98478],[77.60357,12.98515],[77.60358,12.9861],[77.60284,12.9862],[77.60319,12.98809],[77.60222,12.98918],[77.60191,12.98665],[77.60164,12.9867],[77.60147,12.98691],[77.60149,12.98763],[77.60106,12.98774],[77.60036,12.9868],[77.59972,12.98709],[77.59964,12.98693],[77.59873,12.98753],[77.59882,12.98774],[77.59962,12.98943],[77.6006,12.98917],[77.60094,12.99013],[77.60112,12.99025],[77.59995,12.99183],[77.59954,12.99051],[77.59768,12.99125],[77.59581,12.99355],[77.59348,12.99475],[77.59173,12.99531],[77.59175,12.9954]]]},"properties":{"osm_id":19883309,"zone_id":"W19883309","label":"Vasanth Nagar","admin_level":"10"}},{"type":"Feature","geometry":{"type":"Polygon","coordinates":[[[77.69687,13.0184],[77.69789,13.01789],[77.70115,13.01762],[77.70436,13.01702],[77.70956,13.01999],[77.71356,13.02246],[77.72481,13.02865],[77.72468,13.03009],[77.72491,13.03155],[77.72485,13.03241],[77.72419,13.03257],[77.7239,13.03357],[77.72335,13.03351],[77.72145,13.03411],[77.72118,13.03385],[77.71955,13.03336],[77.71742,13.0329],[77.71734,13.03158],[77.71496,13.03195],[77.71196,13.02819],[77.71066,13.02594],[77.70915,13.0253],[77.70793,13.02578],[77.70592,13.02619],[77.7034,13.02581],[77.70119,13.02495],[77.70168,13.02744],[77.6964,13.02692],[77.69634,13.02274],[77.69709,13.02235],[77.69689,13.01993],[77.69704,13.01981],[77.69687,13.0184]]]},"properties":{"osm_id":19883310,"zone_id":"W19883310","label":"Bhattarahalli","admin_level":"10"}},{"type":"Feature","geometry":{"type":"Polygon","coordinates":[[[77.70079,12.98273],[77.69585,12.98392],[77.6957,12.98247],[77.69518,12.98112],[77.6945,12.98138],[77.69437,12.98157],[77.6935,12.98158],[77.69332,12.98187],[77.69223,12.98186],[77.6916,12.98154],[77.69018,12.9818],[77.68882,12.97851],[77.68719,12.97943],[77.68705,12.97937],[77.68681,12.97951],[77.68563,12.97838],[77.6849,12.97803],[77.68456,12.97704],[77.684,12.97595],[77.68425,12.97582],[77.6843,12.9755],[77.68574,12.97465],[77.6859,12.97395],[77.68682,12.97322],[77.68668,12.97209],[77.68609,12.9703],[77.68646,12.97021],[77.68631,12.96996],[77.68639,12.96968],[77.68737,12.9694],[77.68781,12.96907],[77.68779,12.96727],[77.6884,12.96701],[77.68838,12.96724],[77.68873,12.96725],[77.68874,12.9671],[77.68965,12.96713],[77.68989,12.96757],[77.69055,12.96744],[77.69054,12.96757],[77.69141,12.96766],[77.69219,12.96822],[77.69292,12.96842],[77.69339,12.96831],[77.69299,12.96665],[77.69176,12.96399],[77.69017,12.96355],[77.69065,12.96125],[77.69417,12.96189],[77.69429,12.96118],[77.69529,12.96153],[77.6981,12.96308],[77.70009,12.96348],[77.70118,12.96433],[77.70133,12.96431],[77.70209,12.96524],[77.70212,12.96702],[77.70152,12.96837],[77.69869,12.97302],[77.69905,12.97305],[77.70011,12.97246],[77.7031,12.97351],[77.70365,12.97453],[77.70714,12.97429],[77.70682,12.97518],[77.70827,12.97579],[77.7075,12.97794],[77.70678,12.98048],[77.70658,12.9803],[77.7063,12.97924],[77.7053,12.97952],[77.70551,12.98009],[77.70449,12.98037],[77.70418,12.98068],[77.70382,12.98074],[77.70166,12.98204],[77.70079,12.98273]]]},"properties":{"osm_id":19883311,"zone_id":"W19883311","label":"Dodda Nekkundi","admin_level":"10"}},{"type":"Feature","geometry":{"type":"Polygon","coordinates":[[[77.55106,12.96162],[77.54979,12.96194],[77.54925,12.96235],[77.54862,12.96248],[77.54906,12.96467],[77.5485,12.96515],[77.54637,12.9643],[77.54477,12.96429],[77.54387,12.96399],[77.54442,12.96328],[77.54455,12.96331],[77.54553,12.96269],[77.54517,12.96224],[77.54637,12.9603],[77.54812,12.9601],[77.54846,12.96084],[77.55068,12.96089],[77.55072,12.9613],[77.55094,12.96125],[77.55106,12.96162]]]},"properties":{"osm_id":19883312,"zone_id":"W19883312","label":"Old Guddadahalli","admin_level":"10"}},{"type":"Feature","geometry":{"type":"Polygon","coordinates":[[[77.70215,12.96582],[77.70212,12.96702],[77.70152,12.96837],[77.69869,12.97302],[77.69905,12.97305],[77.70011,12.97246],[77.7031,12.97351],[77.70365,12.97453],[77.70714,12.97429],[77.70682,12.97518],[77.70827,12.97579],[77.7075,12.97794],[77.70678,12.98048],[77.70658,12.9803],[77.7063,12.97924],[77.7053,12.97952],[77.70551,12.98009],[77.70449,12.98037],[77.70418,12.98068],[77.70382,12.98074],[77.70084,12.98266],[77.70094,12.9837],[77.70071,12.98391],[77.69869,12.98411],[77.69839,12.98398],[77.69774,12.98444],[77.69739,12.98586],[77.69776,12.98586],[77.69792,12.98627],[77.69866,12.98668],[77.69911,12.98676],[77.69873,12.98724],[77.69962,12.98869],[77.69969,12.9892],[77.69989,12.98955],[77.70118,12.98905],[77.70277,12.98864],[77.70728,12.98799],[77.70828,12.98486],[77.70829,12.98426],[77.71007,12.98483],[77.71019,12.98813],[77.7108,12.98843],[77.71099,12.98836],[77.71155,12.98869],[77.71229,12.98862],[77.71219,12.98733],[77.71192,12.98728],[77.71191,12.98683],[77.71344,12.98676],[77.71352,12.98649],[77.71348,12.98505],[77.71235,12.98391],[77.71259,12.98385],[77.71353,12.98303],[77.71388,12.98241],[77.7149,12.98204],[77.715,12.98144],[77.71543,12.98156],[77.71553,12.98142],[77.71577,12.98146],[77.71602,12.98094],[77.71706,12.98087],[77.71709,12.98102],[77.72138,12.98047],[77.72744,12.98022],[77.72722,12.97647],[77.72311,12.97676],[77.71826,12.97729],[77.71795,12.97326],[77.71561,12.9733],[77.71542,12.9696],[77.71715,12.96944],[77.71694,12.96731],[77.71631,12.96753],[77.71407,12.9677],[77.71398,12.96607],[77.71411,12.96527],[77.71356,12.96516],[77.71364,12.96476],[77.70837,12.96374],[77.7081,12.96562],[77.70724,12.96765],[77.70704,12.96779],[77.70566,12.96743],[77.70524,12.96857],[77.70417,12.96774],[77.70343,12.96698],[77.7035,12.96617],[77.70323,12.9662],[77.7031,12.9666],[77.70215,12.96582]]]},"properties":{"osm_id":19883313,"zone_id":"W19883313","label":"Bharath Aikya Ward","admin_level":"10"}},{"type":"Feature","geometry":{"type":"Polygon","coordinates":[[[77.53687,13.00052],[77.53674,12.9999],[77.53601,13],[77.53456,13.0005],[77.53438,13.0007],[77.52855,12.99932],[77.52844,12.99889],[77.52815,12.99915],[77.52599,12.99854],[77.52625,12.99817],[77.52628,12.99787],[77.52591,12.99776],[77.52557,12.99783],[77.52547,12.99749],[77.52577,12.9974],[77.52564,12.99716],[77.52682,12.99681],[77.5273,12.9967],[77.52735,12.99698],[77.5285,12.99669],[77.52804,12.99454],[77.52897,12.99414],[77.52913,12.99487],[77.52961,12.99469],[77.52957,12.99454],[77.53017,12.99433],[77.53064,12.99605],[77.53092,12.99598],[77.53127,12.9971],[77.53253,12.99675],[77.53277,12.99707],[77.53354,12.99678],[77.53352,12.99525],[77.53543,12.9949],[77.53556,12.9957],[77.53457,12.99574],[77.53476,12.99656],[77.53422,12.99655],[77.53422,12.99703],[77.53539,12.99708],[77.53686,12.99735],[77.53655,12.99813],[77.53778,12.99824],[77.53767,12.99884],[77.53775,12.99954],[77.53844,12.99907],[77.53854,13.00007],[77.53687,13.00052]]]},"properties":{"osm_id":19883314,"zone_id":"W19883314","label":"Shankar Mutt","admin_level":"10"}},{"type":"Feature","geometry":{"type":"Polygon","coordinates":[[[77.53337,13.00634],[77.53307,13.00646],[77.53258,13.00605],[77.53156,13.00549],[77.53037,13.00578],[77.52988,13.00571],[77.5296,13.00515],[77.52961,13.00427],[77.5291,13.00374],[77.52898,13.00342],[77.52918,13.00228],[77.52877,13.00188],[77.52812,13.00162],[77.52783,13.00136],[77.52781,12.99941],[77.52844,12.99889],[77.52855,12.99932],[77.53438,13.0007],[77.53456,13.0005],[77.53601,13],[77.53678,12.99995],[77.53687,13.00052],[77.53584,13.00087],[77.53572,13.00103],[77.53659,13.00124],[77.53589,13.00347],[77.53399,13.00503],[77.53456,13.00547],[77.53337,13.00634]]]},"properties":{"osm_id":19883315,"zone_id":"W19883315","label":"Raja Mayura Varma Ward","admin_level":"10"}},{"type":"Feature","geometry":{"type":"Polygon","coordinates":[[[77.6636,12.98372],[77.66287,12.98328],[77.66183,12.98325],[77.66132,12.98346],[77.66091,12.9841],[77.66016,12.98406],[77.65872,12.98312],[77.65834,12.98137],[77.65524,12.98025],[77.65272,12.97905],[77.65577,12.97592],[77.65677,12.97466],[77.65576,12.97392],[77.65424,12.97574],[77.65345,12.9754],[77.6526,12.97626],[77.65219,12.97605],[77.65208,12.97562],[77.65177,12.97568],[77.65134,12.97357],[77.64876,12.9746],[77.64863,12.97443],[77.64804,12.97439],[77.64793,12.97506],[77.64685,12.97502],[77.64697,12.97312],[77.64793,12.97297],[77.64874,12.97252],[77.64932,12.97238],[77.6507,12.9725],[77.65091,12.97001],[77.65043,12.96842],[77.65159,12.96814],[77.65218,12.97054],[77.65577,12.96999],[77.65575,12.96965],[77.65603,12.9696],[77.65621,12.97038],[77.65648,12.97006],[77.65642,12.96998],[77.6574,12.96897],[77.65775,12.97078],[77.65873,12.97125],[77.65864,12.97145],[77.6596,12.97159],[77.66152,12.97162],[77.66154,12.97292],[77.66359,12.9747],[77.66416,12.97507],[77.66603,12.97517],[77.66613,12.97749],[77.66644,12.97799],[77.66869,12.97946],[77.67007,12.98003],[77.67001,12.98039],[77.66905,12.98065],[77.66914,12.98138],[77.66728,12.98162],[77.66563,12.98151],[77.66571,12.98212],[77.66556,12.98241],[77.66522,12.98265],[77.66485,12.98255],[77.66428,12.9827],[77.66441,12.9833],[77.66398,12.98373],[77.6636,12.98372]]]},"properties":{"osm_id":19883316,"zone_id":"W19883316","label":"New Thippasandra","admin_level":"10"}},{"type":"Feature","geometry":{"type":"Polygon","coordinates":[[[77.5726,12.97301],[77.57446,12.97235],[77.5754,12.974],[77.57686,12.97352],[77.57644,12.9727],[77.57706,12.97249],[77.57822,12.97432],[77.58109,12.97307],[77.58267,12.97203],[77.58287,12.97184],[77.58279,12.97032],[77.58298,12.97013],[77.58235,12.96842],[77.58234,12.96851],[77.5813,12.96651],[77.57868,12.96798],[77.57804,12.96674],[77.57488,12.96835],[77.57543,12.96936],[77.57446,12.96974],[77.57452,12.97004],[77.57364,12.97043],[77.57345,12.97005],[77.57331,12.9701],[77.57349,12.97067],[77.57288,12.97088],[77.5732,12.97163],[77.5723,12.97251],[77.5726,12.97301]]]},"properties":{"osm_id":19883317,"zone_id":"W19883317","label":"Chickpete","admin_level":"10"}},{"type":"Feature","geometry":{"type":"Polygon","coordinates":[[[77.50613,13.00989],[77.50694,13.01095],[77.50836,13.01158],[77.50876,13.01198],[77.5105,13.01432],[77.51143,13.01627],[77.51319,13.01547],[77.51211,13.01341],[77.51231,13.01332],[77.51172,13.01216],[77.51235,13.01187],[77.51255,13.01257],[77.51308,13.01229],[77.51359,13.01358],[77.51379,13.01346],[77.51385,13.01367],[77.51506,13.01321],[77.51455,13.01521],[77.51388,13.01712],[77.51395,13.0177],[77.51466,13.01786],[77.51508,13.01811],[77.5138,13.01873],[77.51426,13.01949],[77.5095,13.02241],[77.51085,13.02447],[77.51111,13.02506],[77.50938,13.0245],[77.5096,13.02585],[77.50775,13.02601],[77.50771,13.02695],[77.50574,13.02695],[77.50447,13.02602],[77.50423,13.02598],[77.50447,13.02519],[77.50461,13.02352],[77.50408,13.02296],[77.50404,13.02261],[77.5035,13.02205],[77.50275,13.02081],[77.50008,13.0224],[77.50046,13.02359],[77.49951,13.02404],[77.49952,13.02422],[77.49903,13.02413],[77.4987,13.02492],[77.49656,13.02353],[77.49597,13.0233],[77.49514,13.02367],[77.4948,13.02293],[77.49562,13.02255],[77.49912,13.01394],[77.49976,13.01353],[77.49968,13.01293],[77.49999,13.01188],[77.49976,13.01157],[77.49973,13.01028],[77.49995,13.00935],[77.4998,13.00906],[77.49922,13.00857],[77.4984,13.00905],[77.49797,13.00769],[77.49757,13.00386],[77.49909,13.00356],[77.499,13.00298],[77.49967,13.00275],[77.50001,13.00397],[77.50141,13.00361],[77.50168,13.00488],[77.50236,13.00478],[77.50241,13.00521],[77.50203,13.00523],[77.502,13.00572],[77.50156,13.00563],[77.50109,13.00575],[77.50127,13.00611],[77.50054,13.00635],[77.50082,13.00712],[77.50209,13.0068],[77.50219,13.00724],[77.50316,13.00687],[77.50315,13.00743],[77.50211,13.00761],[77.50224,13.00821],[77.5032,13.00807],[77.50322,13.00876],[77.50363,13.00867],[77.50373,13.00969],[77.50613,13.00989]]]},"properties":{"osm_id":19883318,"zone_id":"W19883318","label":"Shivapura","admin_level":"10"}},{"type":"Feature","geometry":{"type":"Polygon","coordinates":[[[77.65967,12.9592],[77.65966,12.95906],[77.66085,12.95925],[77.66215,12.95919],[77.66358,12.95889],[77.66303,12.95683],[77.66337,12.95572],[77.66091,12.95567],[77.66085,12.95542],[77.66182,12.95539],[77.66178,12.95495],[77.66239,12.95492],[77.66237,12.95424],[77.66099,12.95433],[77.66098,12.95287],[77.65873,12.95294],[77.65252,12.95252],[77.6523,12.95184],[77.65152,12.95144],[77.65054,12.95064],[77.64926,12.94907],[77.64905,12.9479],[77.64937,12.9474],[77.64903,12.94601],[77.64777,12.94717],[77.64654,12.94786],[77.6454,12.9494],[77.64504,12.95],[77.6445,12.95172],[77.64423,12.95335],[77.64251,12.95396],[77.64077,12.9532],[77.64126,12.9543],[77.64129,12.9547],[77.64333,12.95466],[77.64374,12.95637],[77.64362,12.95698],[77.64412,12.95681],[77.64469,12.95737],[77.6456,12.95687],[77.64795,12.95744],[77.64921,12.95977],[77.64989,12.95968],[77.64918,12.95756],[77.64873,12.95696],[77.64892,12.95673],[77.64847,12.95607],[77.64851,12.95561],[77.6498,12.9552],[77.64986,12.9553],[77.65108,12.95486],[77.65114,12.95511],[77.65301,12.95444],[77.65429,12.95943],[77.65945,12.95912],[77.65967,12.9592]]]},"properties":{"osm_id":19883319,"zone_id":"W19883319","label":"Konena Agrahara","admin_level":"10"}},{"type":"Feature","geometry":{"type":"Polygon","coordinates":[[[77.53555,12.9677],[77.53623,12.96944],[77.53485,12.96987],[77.53308,12.97022],[77.53312,12.97036],[77.53278,12.97042],[77.53282,12.97065],[77.53334,12.97054],[77.5338,12.97209],[77.52957,12.97296],[77.52872,12.97283],[77.52706,12.97292],[77.52713,12.97436],[77.52654,12.97438],[77.52656,12.97593],[77.52461,12.97606],[77.52464,12.97639],[77.52427,12.9764],[77.52412,12.97504],[77.5238,12.97507],[77.52352,12.97391],[77.5248,12.97354],[77.52459,12.97284],[77.52534,12.9727],[77.5251,12.97156],[77.52551,12.97151],[77.52545,12.97076],[77.52754,12.9704],[77.5275,12.97017],[77.52773,12.97012],[77.52783,12.97043],[77.52853,12.96998],[77.52838,12.96952],[77.52827,12.96822],[77.52934,12.96821],[77.52973,12.96992],[77.53079,12.96969],[77.53057,12.96868],[77.53172,12.96848],[77.53264,12.96858],[77.53555,12.9677]]]},"properties":{"osm_id":19883320,"zone_id":"W19883320","label":"Marenahalli West","admin_level":"10"}},{"type":"Feature","geometry":{"type":"Polygon","coordinates":[[[77.57157,13.05865],[77.57198,13.0594],[77.57303,13.06078],[77.57414,13.06179],[77.5867,13.07025],[77.58795,13.07153],[77.5888,13.07305],[77.59009,13.07607],[77.58291,13.07818],[77.58446,13.08363],[77.57917,13.08514],[77.58021,13.08909],[77.57417,13.09044],[77.57029,13.09231],[77.56954,13.09438],[77.56993,13.09806],[77.56433,13.09758],[77.56285,13.09778],[77.56151,13.0952],[77.56007,13.088],[77.56306,13.0862],[77.56428,13.08457],[77.56483,13.08419],[77.56258,13.07994],[77.5628,13.07936],[77.564,13.07806],[77.56394,13.07712],[77.56557,13.07649],[77.56764,13.07535],[77.56678,13.07339],[77.56653,13.07328],[77.56651,13.07306],[77.56585,13.07316],[77.5656,13.07196],[77.56343,13.07228],[77.56334,13.07108],[77.56217,13.07134],[77.56177,13.06904],[77.56058,13.06885],[77.56066,13.06873],[77.56247,13.06885],[77.56359,13.06869],[77.56482,13.06604],[77.56508,13.06556],[77.5654,13.06542],[77.56572,13.06454],[77.56601,13.06427],[77.56613,13.06392],[77.56841,13.06309],[77.56853,13.06289],[77.56838,13.06283],[77.56819,13.0623],[77.56883,13.06177],[77.57062,13.0608],[77.57002,13.05983],[77.57157,13.05865]]]},"properties":{"osm_id":19883321,"zone_id":"W19883321","label":"Thindlu","admin_level":"10"}},{"type":"Feature","geometry":{"type":"Polygon","coordinates":[[[77.64132,12.90406],[77.63915,12.9055],[77.63902,12.90573],[77.63573,12.9071],[77.63545,12.90644],[77.63536,12.90645],[77.63516,12.90572],[77.63487,12.90573],[77.63487,12.90352],[77.63602,12.90346],[77.63596,12.90177],[77.63564,12.89997],[77.63896,12.89959],[77.63917,12.89936],[77.63916,12.89715],[77.63869,12.89651],[77.63854,12.8954],[77.63883,12.89546],[77.639,12.89569],[77.64015,12.89638],[77.64164,12.89625],[77.64228,12.8963],[77.64239,12.89652],[77.64274,12.89651],[77.64281,12.89744],[77.64409,12.89737],[77.64418,12.89916],[77.64023,12.89963],[77.64037,12.90083],[77.64105,12.90074],[77.64134,12.9029],[77.64132,12.90406]]]},"properties":{"osm_id":19883322,"zone_id":"W19883322","label":"Mangammana Palya","admin_level":"10"}},{"type":"Feature","geometry":{"type":"Polygon","coordinates":[[[77.67007,12.98003],[77.66869,12.97946],[77.66644,12.97799],[77.66613,12.97749],[77.66603,12.97517],[77.66416,12.97507],[77.66359,12.9747],[77.66154,12.97292],[77.66157,12.97198],[77.66306,12.97154],[77.66534,12.97184],[77.66553,12.97158],[77.66616,12.97145],[77.66651,12.97191],[77.66657,12.97245],[77.66696,12.97262],[77.66666,12.97301],[77.66684,12.97326],[77.66691,12.9743],[77.66661,12.97443],[77.66652,12.97533],[77.66742,12.97558],[77.66885,12.9754],[77.67029,12.97483],[77.67486,12.97338],[77.67812,12.97271],[77.6793,12.97616],[77.67934,12.97798],[77.67816,12.97814],[77.67559,12.9789],[77.67536,12.97881],[77.6744,12.97889],[77.67417,12.9783],[77.67269,12.97873],[77.67201,12.97697],[77.6719,12.97687],[77.67129,12.9772],[77.67105,12.97682],[77.67175,12.97649],[77.67167,12.97631],[77.67129,12.97631],[77.67112,12.97609],[77.6705,12.97619],[77.67067,12.97658],[77.66995,12.97687],[77.67103,12.97913],[77.67084,12.97937],[77.67013,12.9796],[77.67007,12.98003]]]},"properties":{"osm_id":19883323,"zone_id":"W19883323","label":"G.M Palya","admin_level":"10"}},{"type":"Feature","geometry":{"type":"Polygon","coordinates":[[[77.64228,12.8963],[77.64015,12.89638],[77.639,12.89569],[77.63883,12.89546],[77.63854,12.8954],[77.63869,12.89651],[77.63916,12.89715],[77.63917,12.89936],[77.63896,12.89959],[77.63564,12.89997],[77.63596,12.90177],[77.63602,12.90346],[77.63487,12.90352],[77.63494,12.90537],[77.63484,12.9054],[77.63487,12.90573],[77.63516,12.90572],[77.63536,12.90645],[77.63545,12.90644],[77.63573,12.9071],[77.63509,12.90731],[77.63386,12.90691],[77.63381,12.90509],[77.6325,12.90515],[77.63255,12.90436],[77.6323,12.90369],[77.63234,12.9024],[77.63224,12.90223],[77.63204,12.90228],[77.63264,12.90122],[77.63264,12.90097],[77.64122,12.88706],[77.64361,12.88764],[77.6439,12.89126],[77.64383,12.89141],[77.64235,12.8908],[77.64125,12.89266],[77.642,12.893],[77.64197,12.89329],[77.64134,12.89309],[77.64113,12.89314],[77.64138,12.89385],[77.64169,12.8939],[77.64162,12.89434],[77.64074,12.89445],[77.64084,12.89512],[77.64166,12.89506],[77.64182,12.89552],[77.64197,12.89565],[77.64223,12.89561],[77.64228,12.8963]]]},"properties":{"osm_id":19883324,"zone_id":"W19883324","label":"Bandepalya","admin_level":"10"}},{"type":"Feature","geometry":{"type":"Polygon","coordinates":[[[77.52355,13.07087],[77.52481,13.07104],[77.52515,13.07124],[77.52549,13.07118],[77.52558,13.07172],[77.52535,13.07194],[77.5236,13.07251],[77.52417,13.07481],[77.52545,13.07348],[77.52597,13.07604],[77.52673,13.07595],[77.52657,13.07659],[77.5301,13.07612],[77.5304,13.07791],[77.5303,13.0786],[77.5299,13.0786],[77.52981,13.07878],[77.52953,13.07877],[77.52942,13.07902],[77.52993,13.08152],[77.52995,13.08213],[77.53084,13.08281],[77.53172,13.08307],[77.53507,13.0838],[77.53688,13.08379],[77.53795,13.08576],[77.53909,13.08701],[77.54071,13.08997],[77.53545,13.09017],[77.53439,13.09214],[77.52969,13.09245],[77.52378,13.09307],[77.52345,13.08811],[77.52359,13.08287],[77.5232,13.08087],[77.52288,13.08091],[77.52207,13.08035],[77.52128,13.08041],[77.52088,13.07915],[77.51963,13.07944],[77.51941,13.07936],[77.51898,13.07967],[77.51834,13.07694],[77.51828,13.07546],[77.51796,13.07418],[77.51444,13.07536],[77.51429,13.07516],[77.51308,13.07555],[77.51128,13.07588],[77.51113,13.07572],[77.50941,13.077],[77.50882,13.07785],[77.50838,13.07761],[77.50718,13.07801],[77.50601,13.07742],[77.50572,13.07702],[77.5048,13.07648],[77.50411,13.07539],[77.50277,13.07471],[77.50143,13.07284],[77.50037,13.07246],[77.4996,13.07203],[77.50425,13.06531],[77.50502,13.0641],[77.50522,13.06357],[77.50754,13.06382],[77.50921,13.06376],[77.50901,13.06409],[77.50903,13.06479],[77.50945,13.0648],[77.50982,13.06716],[77.50998,13.0672],[77.51004,13.06783],[77.51026,13.06784],[77.51032,13.0683],[77.51045,13.06841],[77.51096,13.06848],[77.51106,13.06963],[77.51274,13.0687],[77.51591,13.06755],[77.5159,13.06777],[77.5176,13.07006],[77.51842,13.07159],[77.52071,13.07111],[77.52355,13.07087]]]},"properties":{"osm_id":19883325,"zone_id":"W19883325","label":"Abbigere","admin_level":"10"}},{"type":"Feature","geometry":{"type":"Polygon","coordinates":[[[77.56485,12.91676],[77.56585,12.91424],[77.56817,12.91122],[77.5692,12.91243],[77.56944,12.91242],[77.56998,12.91399],[77.57002,12.91453],[77.57028,12.91483],[77.57018,12.91565],[77.56957,12.9155],[77.56879,12.9171],[77.56865,12.91774],[77.56871,12.91815],[77.56607,12.9188],[77.56553,12.91748],[77.56485,12.91676]]]},"properties":{"osm_id":19883326,"zone_id":"W19883326","label":"Kumaraswamy Layout","admin_level":"10"}},{"type":"Feature","geometry":{"type":"Polygon","coordinates":[[[77.63347,13.06262],[77.63361,13.06425],[77.63363,13.06759],[77.63111,13.06785],[77.63114,13.06994],[77.63006,13.06988],[77.63005,13.07199],[77.62823,13.07217],[77.62828,13.07262],[77.62648,13.07286],[77.62656,13.07384],[77.62415,13.0741],[77.62428,13.07454],[77.62312,13.07469],[77.6227,13.07316],[77.61889,13.07356],[77.61885,13.07194],[77.61262,13.07706],[77.61048,13.079],[77.61117,13.07926],[77.61186,13.08206],[77.61219,13.08204],[77.61274,13.08171],[77.61338,13.08152],[77.61399,13.08111],[77.61443,13.08012],[77.61485,13.08023],[77.61362,13.08273],[77.61322,13.08429],[77.61311,13.08545],[77.61254,13.08752],[77.61165,13.08835],[77.60998,13.09063],[77.60905,13.09221],[77.60812,13.09435],[77.60786,13.09445],[77.6081,13.09445],[77.60782,13.09476],[77.60745,13.09614],[77.60732,13.09723],[77.60731,13.09764],[77.60753,13.09819],[77.61068,13.09773],[77.61133,13.09742],[77.61405,13.09742],[77.61721,13.09785],[77.61737,13.09804],[77.61968,13.09813],[77.62326,13.0986],[77.62409,13.09805],[77.6252,13.09833],[77.6253,13.09811],[77.62922,13.09886],[77.62976,13.10004],[77.63199,13.09914],[77.6315,13.09799],[77.63346,13.09702],[77.63286,13.09577],[77.63297,13.09566],[77.63458,13.09523],[77.63518,13.09683],[77.63594,13.09601],[77.63585,13.0917],[77.63464,13.08394],[77.63876,13.08335],[77.64184,13.08189],[77.64258,13.08343],[77.64356,13.08299],[77.6436,13.08266],[77.64451,13.08224],[77.64215,13.07783],[77.64097,13.07696],[77.64024,13.07693],[77.63956,13.07667],[77.63831,13.07516],[77.63949,13.07494],[77.63953,13.06969],[77.6387,13.06657],[77.63822,13.06181],[77.63347,13.06262]]]},"properties":{"osm_id":19883327,"zone_id":"W19883327","label":"Sampigehalli","admin_level":"10"}},{"type":"Feature","geometry":{"type":"Polygon","coordinates":[[[77.65967,12.9592],[77.65979,12.96022],[77.66016,12.96087],[77.65977,12.96103],[77.65997,12.96169],[77.66082,12.96161],[77.66095,12.96221],[77.66145,12.96214],[77.66168,12.96278],[77.66179,12.96427],[77.66109,12.96415],[77.6608,12.96485],[77.66053,12.9649],[77.66072,12.96519],[77.661,12.96518],[77.66107,12.96545],[77.66165,12.96563],[77.66179,12.96619],[77.66196,12.96631],[77.66165,12.9668],[77.65846,12.96719],[77.65849,12.96743],[77.65795,12.96817],[77.65727,12.96824],[77.6574,12.96897],[77.65642,12.96998],[77.65648,12.97006],[77.65621,12.97038],[77.65603,12.9696],[77.65575,12.96965],[77.65577,12.96999],[77.65218,12.97054],[77.65159,12.96814],[77.65227,12.96802],[77.65038,12.9633],[77.65045,12.95963],[77.64989,12.95968],[77.64918,12.95756],[77.64873,12.95696],[77.64892,12.95673],[77.64847,12.95607],[77.64851,12.95561],[77.6498,12.9552],[77.64986,12.9553],[77.65108,12.95486],[77.65114,12.95511],[77.65301,12.95444],[77.65429,12.95943],[77.65945,12.95912],[77.65967,12.9592]]]},"properties":{"osm_id":19883328,"zone_id":"W19883328","label":"Jeevan Bhimanagar","admin_level":"10"}},{"type":"Feature","geometry":{"type":"Polygon","coordinates":[[[77.57352,12.91767],[77.57354,12.91541],[77.57327,12.91346],[77.57349,12.91335],[77.57351,12.91253],[77.57414,12.91247],[77.57463,12.91308],[77.57464,12.91248],[77.57556,12.91252],[77.5791,12.91216],[77.57899,12.91147],[77.57917,12.91145],[77.5791,12.91086],[77.58179,12.91062],[77.58176,12.90938],[77.58062,12.9094],[77.58061,12.90856],[77.58203,12.90845],[77.58203,12.90709],[77.58304,12.90709],[77.58305,12.90636],[77.58039,12.90643],[77.5803,12.90413],[77.58175,12.90374],[77.58173,12.90557],[77.58301,12.9055],[77.583,12.90538],[77.58495,12.90517],[77.58497,12.90466],[77.58644,12.90464],[77.58645,12.90558],[77.58805,12.90555],[77.58812,12.90508],[77.59005,12.9048],[77.59023,12.90571],[77.59147,12.9056],[77.59146,12.90544],[77.5919,12.90537],[77.59341,12.90527],[77.59342,12.90557],[77.59356,12.90557],[77.59376,12.9049],[77.59385,12.90393],[77.59495,12.9039],[77.59515,12.909],[77.59329,12.90903],[77.59332,12.91023],[77.5857,12.91057],[77.58584,12.9171],[77.57815,12.91725],[77.57733,12.91759],[77.57352,12.91767]]]},"properties":{"osm_id":19883329,"zone_id":"W19883329","label":"Shakambarinagara","admin_level":"10"}},{"type":"Feature","geometry":{"type":"Polygon","coordinates":[[[77.57327,12.91346],[77.57297,12.91237],[77.5729,12.91104],[77.57299,12.90847],[77.57326,12.90648],[77.57549,12.90646],[77.57546,12.90505],[77.57612,12.9044],[77.577,12.90383],[77.57724,12.90387],[77.57697,12.90439],[77.57691,12.90532],[77.5787,12.90537],[77.57866,12.90495],[77.57969,12.90471],[77.57966,12.90454],[77.58033,12.90436],[77.58039,12.90643],[77.58305,12.90636],[77.58304,12.90709],[77.58203,12.90709],[77.58203,12.90845],[77.58061,12.90856],[77.58062,12.9094],[77.58176,12.90938],[77.58179,12.91062],[77.5791,12.91086],[77.57917,12.91145],[77.57899,12.91147],[77.5791,12.91216],[77.57556,12.91252],[77.57464,12.91248],[77.57463,12.91308],[77.57414,12.91247],[77.57351,12.91253],[77.57349,12.91335],[77.57327,12.91346]]]},"properties":{"osm_id":19883330,"zone_id":"W19883330","label":"Sarakki","admin_level":"10"}},{"type":"Feature","geometry":{"type":"Polygon","coordinates":[[[77.59577,13.01122],[77.59686,13.01081],[77.60846,13.0051],[77.60836,13.0049],[77.6102,13.00418],[77.61133,13.00593],[77.61063,13.0061],[77.61092,13.00767],[77.61082,13.00769],[77.61079,13.00885],[77.61044,13.00893],[77.61016,13.00927],[77.60652,13.00946],[77.60672,13.01049],[77.6071,13.01135],[77.60491,13.01228],[77.60376,13.0125],[77.60359,13.013],[77.60385,13.01451],[77.6044,13.01445],[77.60458,13.01521],[77.60551,13.01511],[77.60588,13.01529],[77.60729,13.01522],[77.60728,13.01553],[77.60668,13.01556],[77.60684,13.01713],[77.60537,13.01727],[77.60523,13.0174],[77.60537,13.0184],[77.60489,13.01847],[77.60503,13.01929],[77.60457,13.01937],[77.6048,13.02128],[77.60468,13.0213],[77.60471,13.02151],[77.60331,13.02176],[77.60242,13.02215],[77.60358,13.02515],[77.60427,13.02736],[77.60129,13.0278],[77.5997,13.02786],[77.60006,13.02676],[77.60055,13.0265],[77.60067,13.02622],[77.60043,13.0257],[77.60045,13.02474],[77.5999,13.02351],[77.60094,13.02299],[77.59974,13.01971],[77.59926,13.01888],[77.59864,13.01822],[77.59768,13.01622],[77.59764,13.01558],[77.59585,13.01265],[77.59539,13.01138],[77.59577,13.01122]]]},"properties":{"osm_id":19883331,"zone_id":"W19883331","label":"Varalakshmi Nagar","admin_level":"10"}},{"type":"Feature","geometry":{"type":"Polygon","coordinates":[[[77.64033,12.88847],[77.64584,12.87944],[77.64737,12.87717],[77.65009,12.87427],[77.65065,12.87432],[77.65184,12.87415],[77.65362,12.87542],[77.65421,12.87566],[77.65437,12.87668],[77.65401,12.87648],[77.65289,12.87832],[77.65381,12.87882],[77.65296,12.88044],[77.65357,12.88104],[77.6539,12.88039],[77.65491,12.8801],[77.65501,12.88057],[77.65466,12.87568],[77.65415,12.87366],[77.65558,12.8729],[77.65675,12.87155],[77.65766,12.87081],[77.65758,12.87044],[77.6577,12.87042],[77.65767,12.86898],[77.65714,12.86897],[77.65712,12.86959],[77.65664,12.86958],[77.65664,12.86902],[77.65545,12.86906],[77.65548,12.86975],[77.65319,12.86954],[77.65173,12.8699],[77.65072,12.87039],[77.64884,12.87038],[77.64246,12.87161],[77.64196,12.87183],[77.64105,12.87199],[77.64024,12.8725],[77.64004,12.87354],[77.64016,12.87444],[77.6397,12.87602],[77.63914,12.87701],[77.63796,12.87861],[77.63758,12.87889],[77.63696,12.87996],[77.63731,12.88285],[77.63755,12.88368],[77.63825,12.8837],[77.63955,12.8866],[77.63777,12.88831],[77.64033,12.88847]]]},"properties":{"osm_id":19883332,"zone_id":"W19883332","label":"Singasandra","admin_level":"10"}},{"type":"Feature","geometry":{"type":"Polygon","coordinates":[[[77.59057,13.04311],[77.59002,13.04161],[77.59251,13.04108],[77.59319,13.04105],[77.59506,13.04128],[77.60737,13.04085],[77.60823,13.04053],[77.60915,13.03992],[77.61004,13.03884],[77.61028,13.03821],[77.61076,13.03917],[77.61136,13.03999],[77.61162,13.04066],[77.612,13.04253],[77.61387,13.0421],[77.61454,13.0417],[77.61594,13.0412],[77.61735,13.04089],[77.61848,13.04096],[77.62025,13.04001],[77.62005,13.03914],[77.62076,13.0391],[77.62079,13.03891],[77.62139,13.03878],[77.62147,13.03925],[77.62186,13.03918],[77.62184,13.03858],[77.62251,13.03851],[77.6225,13.03832],[77.62353,13.03832],[77.62378,13.03916],[77.62436,13.04018],[77.62486,13.04183],[77.62562,13.04324],[77.62627,13.04421],[77.62745,13.04545],[77.62692,13.04587],[77.62706,13.04781],[77.62724,13.04804],[77.62682,13.04815],[77.62694,13.04879],[77.62734,13.04984],[77.62808,13.04966],[77.62844,13.05068],[77.62608,13.05087],[77.62641,13.05201],[77.62505,13.05234],[77.62663,13.05505],[77.62763,13.05729],[77.62623,13.05758],[77.62552,13.05526],[77.62528,13.05515],[77.62342,13.05558],[77.61985,13.0558],[77.61871,13.05417],[77.61643,13.05424],[77.61628,13.05382],[77.61562,13.05393],[77.61543,13.05322],[77.61281,13.05377],[77.61261,13.05366],[77.61247,13.05315],[77.61188,13.05326],[77.61188,13.05367],[77.61126,13.05381],[77.61115,13.05344],[77.60709,13.0544],[77.60702,13.0539],[77.60719,13.05387],[77.60699,13.05199],[77.60654,13.0525],[77.60621,13.05264],[77.60201,13.05408],[77.60191,13.05355],[77.59909,13.05409],[77.59891,13.05336],[77.59799,13.05352],[77.59754,13.05005],[77.59694,13.04918],[77.59524,13.04925],[77.59508,13.04907],[77.59454,13.04907],[77.59374,13.0492],[77.59276,13.04961],[77.59202,13.04766],[77.59088,13.04543],[77.59048,13.04309],[77.59057,13.04311]]]},"properties":{"osm_id":19883333,"zone_id":"W19883333","label":"Kempapura","admin_level":"10"}},{"type":"Feature","geometry":{"type":"Polygon","coordinates":[[[77.69816,13.00713],[77.69775,13.00734],[77.69719,13.00656],[77.69555,13.00325],[77.69533,13.00311],[77.69523,13.00266],[77.69284,13.00282],[77.69248,13.00817],[77.69055,13.0078],[77.68841,13.00691],[77.68233,13.00362],[77.68341,13.00166],[77.68318,13.00055],[77.6865,13.00018],[77.68737,12.9996],[77.68922,12.99791],[77.69163,12.99684],[77.69375,12.99612],[77.69419,12.99778],[77.69413,12.99994],[77.69933,12.99982],[77.7,13.00445],[77.69999,13.00566],[77.70019,13.00622],[77.69902,13.00664],[77.69867,13.00694],[77.69816,13.00713]]]},"properties":{"osm_id":19883334,"zone_id":"W19883334","label":"Devasandra","admin_level":"10"}},{"type":"Feature","geometry":{"type":"Polygon","coordinates":[[[77.64095,12.9761],[77.64123,12.97019],[77.64744,12.97045],[77.64776,12.96887],[77.65043,12.96842],[77.65091,12.97001],[77.6507,12.9725],[77.64932,12.97238],[77.64874,12.97252],[77.64793,12.97297],[77.64697,12.97312],[77.64685,12.97502],[77.64793,12.97506],[77.64804,12.97439],[77.64863,12.97443],[77.64876,12.9746],[77.65134,12.97357],[77.65177,12.97568],[77.65208,12.97562],[77.65219,12.97605],[77.6526,12.97626],[77.65345,12.9754],[77.65424,12.97574],[77.65576,12.97392],[77.65677,12.97466],[77.65577,12.97592],[77.65092,12.98102],[77.64838,12.98526],[77.64811,12.98606],[77.64805,12.98677],[77.64793,12.98685],[77.64244,12.98476],[77.64355,12.99154],[77.63178,12.99381],[77.63084,12.98968],[77.63102,12.98874],[77.63281,12.98912],[77.6336,12.98774],[77.63372,12.98721],[77.63407,12.98697],[77.63456,12.98706],[77.63553,12.98765],[77.63676,12.98747],[77.63671,12.98683],[77.63625,12.98578],[77.63565,12.98506],[77.63462,12.98421],[77.63481,12.98247],[77.63652,12.98262],[77.63741,12.98287],[77.63779,12.98203],[77.6379,12.97997],[77.64078,12.98001],[77.64095,12.9761]]]},"properties":{"osm_id":19883335,"zone_id":"W19883335","label":"Indiranagar","admin_level":"10"}},{"type":"Feature","geometry":{"type":"Polygon","coordinates":[[[77.50821,12.9927],[77.5134,12.99392],[77.51565,12.99508],[77.51637,12.99522],[77.52011,12.99678],[77.52128,12.99747],[77.5282,12.99909],[77.52781,12.99941],[77.52783,12.99968],[77.52618,13.00046],[77.52631,13.00074],[77.52409,13.00166],[77.52349,13.00169],[77.5237,13.00246],[77.52133,13.00308],[77.52135,13.00354],[77.52103,13.00358],[77.521,13.0033],[77.52018,13.00341],[77.51988,13.00236],[77.51798,13.00227],[77.51794,13.00218],[77.51791,13.00132],[77.51822,13.00032],[77.51845,13.00003],[77.51913,13.00001],[77.51921,12.9992],[77.51937,12.99886],[77.51931,12.9987],[77.51896,12.99873],[77.51887,12.99861],[77.51887,12.99768],[77.51907,12.99742],[77.51865,12.99721],[77.51744,12.99715],[77.51744,12.99846],[77.5177,12.99856],[77.5177,12.99868],[77.5163,12.9989],[77.51593,12.99923],[77.51544,12.99934],[77.51515,12.99972],[77.51519,13.00027],[77.51479,13.00058],[77.51448,13.00054],[77.51435,13.0003],[77.51403,13.00014],[77.5133,13.0001],[77.51279,12.99795],[77.51065,12.99839],[77.51037,12.99749],[77.50883,12.99789],[77.50729,12.99842],[77.50731,12.99852],[77.50604,12.99889],[77.50507,12.99543],[77.50481,12.99516],[77.50407,12.99521],[77.50408,12.99465],[77.50428,12.99431],[77.50447,12.99428],[77.50469,12.99183],[77.50517,12.99199],[77.5052,12.99287],[77.5058,12.9928],[77.50584,12.99323],[77.50644,12.99314],[77.50652,12.99359],[77.50526,12.99375],[77.50529,12.99419],[77.50692,12.99403],[77.50719,12.99509],[77.50842,12.99471],[77.50821,12.9927]]]},"properties":{"osm_id":19883336,"zone_id":"W19883336","label":"Chowdeshwari Nagar","admin_level":"10"}},{"type":"Feature","geometry":{"type":"Polygon","coordinates":[[[77.55205,13.0626],[77.55567,13.06195],[77.55521,13.06356],[77.55611,13.06366],[77.55606,13.06425],[77.55586,13.06425],[77.55655,13.06627],[77.5575,13.06593],[77.55761,13.06625],[77.55996,13.06562],[77.56047,13.06875],[77.56073,13.0689],[77.56177,13.06904],[77.56217,13.07134],[77.56334,13.07108],[77.56343,13.07228],[77.56354,13.07231],[77.5656,13.07196],[77.56585,13.07316],[77.56651,13.07306],[77.56653,13.07328],[77.56678,13.07339],[77.56764,13.07535],[77.56557,13.07649],[77.56398,13.07708],[77.5639,13.07723],[77.564,13.07806],[77.5628,13.07936],[77.56258,13.07985],[77.56483,13.08419],[77.56428,13.08457],[77.56306,13.08619],[77.56033,13.08402],[77.56167,13.08121],[77.56072,13.08123],[77.55972,13.08151],[77.55882,13.07812],[77.55931,13.07796],[77.55878,13.07653],[77.55835,13.07662],[77.55718,13.07394],[77.55352,13.07551],[77.55182,13.07168],[77.55537,13.07018],[77.5536,13.06644],[77.55303,13.06644],[77.55204,13.0632],[77.55105,13.06349],[77.55086,13.06225],[77.55115,13.06213],[77.55146,13.06228],[77.55169,13.06258],[77.55205,13.0626]]]},"properties":{"osm_id":19883337,"zone_id":"W19883337","label":"Vidyaranyapura","admin_level":"10"}},{"type":"Feature","geometry":{"type":"Polygon","coordinates":[[[77.6091,12.85127],[77.60901,12.84839],[77.60922,12.84607],[77.60708,12.84747],[77.60447,12.84817],[77.60267,12.8484],[77.60128,12.8481],[77.60055,12.84812],[77.60019,12.84791],[77.59816,12.84823],[77.59561,12.84919],[77.59485,12.84745],[77.59431,12.84546],[77.59442,12.84399],[77.59417,12.84198],[77.59408,12.84198],[77.59402,12.84165],[77.59399,12.84036],[77.59337,12.83927],[77.59275,12.83723],[77.59153,12.83458],[77.59063,12.83497],[77.59056,12.83559],[77.58967,12.83547],[77.58702,12.83349],[77.58421,12.83503],[77.58201,12.83645],[77.58209,12.83689],[77.58165,12.83729],[77.5788,12.83828],[77.58037,12.83983],[77.58164,12.84078],[77.58185,12.84243],[77.58258,12.84257],[77.58346,12.84445],[77.58444,12.84435],[77.58511,12.84534],[77.58539,12.8452],[77.58561,12.84555],[77.58629,12.84557],[77.58737,12.84682],[77.58759,12.84689],[77.58761,12.84715],[77.58815,12.84713],[77.58832,12.84991],[77.58827,12.85103],[77.58903,12.85851],[77.59036,12.85892],[77.59237,12.85869],[77.59253,12.85913],[77.59329,12.85891],[77.59369,12.85998],[77.59372,12.86061],[77.59408,12.8606],[77.59409,12.86189],[77.59213,12.86203],[77.59059,12.86234],[77.59255,12.86827],[77.5945,12.8678],[77.59437,12.86732],[77.59554,12.867],[77.59452,12.86525],[77.59401,12.86567],[77.59341,12.86329],[77.59404,12.86316],[77.59419,12.86363],[77.59495,12.86349],[77.595,12.86371],[77.59519,12.86364],[77.59546,12.86341],[77.5961,12.86218],[77.59699,12.86186],[77.59734,12.86274],[77.597,12.8629],[77.59802,12.86568],[77.5982,12.86569],[77.5988,12.86415],[77.59962,12.86363],[77.59988,12.86309],[77.59972,12.86169],[77.60627,12.86092],[77.60624,12.85979],[77.60524,12.85971],[77.60543,12.85794],[77.60484,12.85788],[77.60501,12.85703],[77.60486,12.85595],[77.60489,12.85515],[77.60459,12.85385],[77.60683,12.8544],[77.60953,12.85487],[77.60896,12.85185],[77.60895,12.85127],[77.6091,12.85127]]]},"properties":{"osm_id":19883338,"zone_id":"W19883338","label":"Doddakammanahalli","admin_level":"10"}},{"type":"Feature","geometry":{"type":"Polygon","coordinates":[[[77.53587,12.95405],[77.53459,12.95307],[77.53135,12.95202],[77.52995,12.95122],[77.52716,12.94733],[77.52638,12.94581],[77.52792,12.94548],[77.52802,12.94532],[77.52789,12.94519],[77.52892,12.94496],[77.52951,12.94463],[77.52998,12.94383],[77.53052,12.94321],[77.5319,12.94071],[77.53382,12.93761],[77.53425,12.93651],[77.53925,12.93366],[77.53984,12.93569],[77.54058,12.93761],[77.53933,12.93794],[77.53892,12.93982],[77.53865,12.94352],[77.54336,12.94327],[77.54339,12.94439],[77.54296,12.94441],[77.54296,12.94475],[77.54176,12.94485],[77.54148,12.94486],[77.54155,12.94455],[77.54101,12.94445],[77.54092,12.94482],[77.54036,12.94462],[77.53947,12.94454],[77.53942,12.94529],[77.53742,12.94545],[77.53815,12.9481],[77.53743,12.94884],[77.53747,12.94954],[77.53822,12.95],[77.53841,12.95086],[77.53768,12.95044],[77.53669,12.95317],[77.53587,12.95405]]]},"properties":{"osm_id":19883339,"zone_id":"W19883339","label":"Deepanjali Nagara","admin_level":"10"}},{"type":"Feature","geometry":{"type":"Polygon","coordinates":[[[77.58074,13.10849],[77.58107,13.10753],[77.58171,13.10662],[77.58461,13.10362],[77.58721,13.10399],[77.59022,13.10493],[77.59155,13.10483],[77.59193,13.104],[77.59301,13.10431],[77.595,13.10444],[77.59626,13.10418],[77.58074,13.10849]]]},"properties":{"osm_id":19883340,"zone_id":"W19883340","label":"Raja Kempegowda Ward","admin_level":"10"}},{"type":"Feature","geometry":{"type":"Polygon","coordinates":[[[77.54403,12.96107],[77.54209,12.9621],[77.54298,12.96345],[77.54233,12.96345],[77.54238,12.96426],[77.54354,12.96436],[77.54424,12.96587],[77.54339,12.96617],[77.54317,12.96553],[77.54285,12.96563],[77.54329,12.96693],[77.54361,12.96682],[77.54385,12.96758],[77.54316,12.96783],[77.54303,12.96748],[77.54239,12.96772],[77.54303,12.96919],[77.54347,12.9691],[77.54365,12.96965],[77.54213,12.97013],[77.54216,12.97069],[77.5426,12.97204],[77.54103,12.97258],[77.54133,12.97363],[77.53894,12.97307],[77.53834,12.97274],[77.5379,12.97228],[77.53667,12.96879],[77.5388,12.96817],[77.53856,12.96687],[77.5391,12.96671],[77.5391,12.96643],[77.54074,12.96577],[77.54055,12.96435],[77.54103,12.96427],[77.54045,12.96185],[77.54048,12.96149],[77.54066,12.96064],[77.54108,12.9603],[77.54095,12.9601],[77.54137,12.95982],[77.54168,12.95918],[77.54159,12.95849],[77.54191,12.95844],[77.54205,12.95897],[77.5424,12.95876],[77.5435,12.9585],[77.54397,12.95945],[77.54403,12.96107]]]},"properties":{"osm_id":19883341,"zone_id":"W19883341","label":"Hosahalli","admin_level":"10"}},{"type":"Feature","geometry":{"type":"Polygon","coordinates":[[[77.53036,13.07819],[77.5303,13.0786],[77.5299,13.0786],[77.52981,13.07878],[77.52953,13.07877],[77.52942,13.07902],[77.52993,13.08152],[77.52995,13.08213],[77.53084,13.08281],[77.53172,13.08307],[77.53507,13.0838],[77.53688,13.08379],[77.53795,13.08576],[77.53909,13.08701],[77.54071,13.08997],[77.54403,13.08624],[77.54465,13.08588],[77.54526,13.08527],[77.54519,13.08353],[77.54643,13.08355],[77.54639,13.08339],[77.5475,13.08322],[77.54722,13.08194],[77.5486,13.0817],[77.54901,13.08206],[77.5501,13.08216],[77.55077,13.08305],[77.55125,13.08339],[77.55207,13.08438],[77.55241,13.08459],[77.553,13.08472],[77.55371,13.08524],[77.55561,13.08606],[77.55571,13.08588],[77.55872,13.08472],[77.55891,13.08496],[77.56033,13.08402],[77.56167,13.08121],[77.56072,13.08123],[77.55972,13.08151],[77.55882,13.07812],[77.55931,13.07796],[77.55878,13.07653],[77.55835,13.07662],[77.55718,13.07394],[77.55352,13.07551],[77.55372,13.07601],[77.55106,13.07776],[77.55019,13.07805],[77.55013,13.07786],[77.54757,13.07854],[77.54819,13.08148],[77.54615,13.08145],[77.5452,13.0824],[77.54498,13.08227],[77.54455,13.08254],[77.54434,13.08224],[77.54378,13.08278],[77.54322,13.08272],[77.54164,13.08181],[77.54177,13.08059],[77.54113,13.07973],[77.54107,13.07939],[77.54252,13.07901],[77.54274,13.07884],[77.54267,13.07757],[77.54241,13.07617],[77.53869,13.07669],[77.53886,13.07642],[77.5371,13.07657],[77.53719,13.07701],[77.53659,13.07711],[77.53681,13.0782],[77.53513,13.07838],[77.53434,13.07873],[77.53308,13.07878],[77.53145,13.07863],[77.53036,13.07819]]]},"properties":{"osm_id":19883342,"zone_id":"W19883342","label":"Singapura","admin_level":"10"}},{"type":"Feature","geometry":{"type":"Polygon","coordinates":[[[77.58021,13.08909],[77.57917,13.08514],[77.58446,13.08363],[77.58291,13.07818],[77.59009,13.07607],[77.59372,13.08464],[77.59397,13.08738],[77.5948,13.08722],[77.59605,13.09034],[77.59637,13.09268],[77.59616,13.09427],[77.59561,13.09596],[77.59539,13.09642],[77.59433,13.09507],[77.59349,13.09611],[77.59232,13.09719],[77.59212,13.09699],[77.59154,13.09431],[77.59098,13.09303],[77.59015,13.09254],[77.58975,13.09348],[77.58893,13.09306],[77.58663,13.0927],[77.58583,13.09272],[77.584,13.09308],[77.58188,13.09379],[77.58066,13.09452],[77.57948,13.0955],[77.57846,13.09446],[77.57871,13.09424],[77.5784,13.09392],[77.57855,13.09357],[77.57894,13.0936],[77.57894,13.09301],[77.57903,13.09296],[77.57891,13.09271],[77.5793,13.09253],[77.57919,13.09238],[77.5804,13.09179],[77.58081,13.09126],[77.58021,13.08909]]]},"properties":{"osm_id":19883343,"zone_id":"W19883343","label":"Nyayanga Badavane","admin_level":"10"}},{"type":"Feature","geometry":{"type":"Polygon","coordinates":[[[77.52064,12.96179],[77.52197,12.96174],[77.5226,12.96213],[77.52316,12.96224],[77.52328,12.96173],[77.52395,12.96168],[77.5263,12.96222],[77.52631,12.962],[77.52671,12.96199],[77.52657,12.96278],[77.52673,12.96364],[77.52643,12.96446],[77.52639,12.96543],[77.52564,12.96565],[77.52575,12.9662],[77.52634,12.96602],[77.52648,12.9666],[77.52591,12.96675],[77.526,12.96699],[77.52587,12.96707],[77.52388,12.96758],[77.52462,12.96936],[77.5214,12.97001],[77.52079,12.97002],[77.52078,12.96989],[77.51959,12.97003],[77.51955,12.96989],[77.51913,12.97],[77.51883,12.96895],[77.51749,12.96924],[77.51748,12.96828],[77.51803,12.96774],[77.51814,12.96747],[77.518,12.96705],[77.51759,12.96666],[77.51954,12.96662],[77.51925,12.96462],[77.52005,12.96455],[77.51983,12.96397],[77.52052,12.96375],[77.52048,12.96347],[77.52085,12.9634],[77.52064,12.96179]]]},"properties":{"osm_id":19883344,"zone_id":"W19883344","label":"Anubhava Nagara","admin_level":"10"}},{"type":"Feature","geometry":{"type":"Polygon","coordinates":[[[77.5282,12.99676],[77.5285,12.99669],[77.52804,12.99454],[77.52897,12.99414],[77.52913,12.99487],[77.52961,12.99469],[77.52957,12.99454],[77.53017,12.99433],[77.53064,12.99605],[77.53092,12.99598],[77.53127,12.9971],[77.53253,12.99675],[77.53277,12.99707],[77.53354,12.99678],[77.53352,12.99525],[77.53727,12.99468],[77.53733,12.99544],[77.53846,12.99531],[77.53812,12.99392],[77.53816,12.99332],[77.53624,12.99279],[77.53593,12.99199],[77.53165,12.99258],[77.53159,12.99211],[77.52911,12.99246],[77.52728,12.99298],[77.52758,12.99395],[77.52673,12.99415],[77.52681,12.99447],[77.52709,12.99439],[77.52753,12.99632],[77.52809,12.99618],[77.5282,12.99676]]]},"properties":{"osm_id":19883345,"zone_id":"W19883345","label":"Shakthi Ganapathi Nagara","admin_level":"10"}},{"type":"Feature","geometry":{"type":"Polygon","coordinates":[[[77.53049,12.9803],[77.5306,12.98055],[77.53177,12.98015],[77.53174,12.98003],[77.53418,12.97926],[77.53485,12.98138],[77.53308,12.98194],[77.5314,12.98211],[77.53093,12.98243],[77.53069,12.98305],[77.53041,12.98333],[77.52955,12.98372],[77.52852,12.9839],[77.52774,12.9848],[77.52626,12.98593],[77.52594,12.98594],[77.52539,12.98547],[77.5237,12.98501],[77.5225,12.98592],[77.52031,12.9869],[77.51981,12.98626],[77.5198,12.98529],[77.51931,12.98396],[77.51883,12.98346],[77.51863,12.98292],[77.51824,12.98247],[77.51847,12.98176],[77.5187,12.98149],[77.51896,12.98056],[77.5194,12.9803],[77.51973,12.97963],[77.51957,12.97914],[77.51906,12.9786],[77.51869,12.97727],[77.52208,12.97661],[77.52266,12.97656],[77.5227,12.97775],[77.52329,12.9779],[77.52455,12.97792],[77.52452,12.97852],[77.52527,12.97852],[77.52527,12.9788],[77.52579,12.97879],[77.5258,12.97934],[77.52686,12.9793],[77.5272,12.9808],[77.52789,12.9807],[77.52789,12.98097],[77.52815,12.98102],[77.52941,12.98095],[77.52976,12.98085],[77.52968,12.9804],[77.53049,12.9803]]]},"properties":{"osm_id":19883346,"zone_id":"W19883346","label":"Kaveripura","admin_level":"10"}},{"type":"Feature","geometry":{"type":"Polygon","coordinates":[[[77.51044,13.03644],[77.51044,13.03701],[77.50795,13.037],[77.50736,13.03735],[77.507,13.03739],[77.50673,13.03799],[77.50454,13.03848],[77.50488,13.04122],[77.50496,13.04312],[77.50521,13.04386],[77.50553,13.04565],[77.50548,13.0459],[77.49657,13.04899],[77.49613,13.04661],[77.4957,13.04511],[77.49568,13.04447],[77.49801,13.04391],[77.49807,13.04253],[77.49803,13.04223],[77.49666,13.04198],[77.49664,13.04179],[77.49629,13.04181],[77.49614,13.04067],[77.49615,13.03947],[77.49689,13.0379],[77.49729,13.03786],[77.49743,13.03719],[77.49771,13.03704],[77.49792,13.0365],[77.49814,13.03648],[77.49814,13.03512],[77.4992,13.03494],[77.49908,13.03442],[77.49894,13.03442],[77.49881,13.03369],[77.49841,13.03346],[77.49819,13.03266],[77.49728,13.03179],[77.49632,13.02825],[77.49729,13.02881],[77.50065,13.03003],[77.50365,13.03158],[77.50509,13.03141],[77.50512,13.03169],[77.5058,13.03155],[77.50601,13.03207],[77.5062,13.03204],[77.50625,13.03222],[77.50739,13.03203],[77.50763,13.03331],[77.50719,13.0334],[77.5076,13.0345],[77.50801,13.0343],[77.5084,13.03466],[77.50855,13.03383],[77.51044,13.03399],[77.51031,13.03616],[77.51044,13.03644]]]},"properties":{"osm_id":19883347,"zone_id":"W19883347","label":"Nagasandra","admin_level":"10"}},{"type":"Feature","geometry":{"type":"Polygon","coordinates":[[[77.53687,13.00052],[77.53584,13.00087],[77.53572,13.00103],[77.53946,13.00189],[77.54067,13.00243],[77.54068,13.00225],[77.5411,13.00242],[77.5415,13.00084],[77.54432,13.00058],[77.54435,13.00008],[77.5449,12.99992],[77.54547,12.99983],[77.54628,12.99995],[77.54639,12.99899],[77.54773,12.99885],[77.54989,12.99948],[77.54863,13.00665],[77.54875,13.0077],[77.5473,13.00794],[77.5478,13.0105],[77.54957,13.01013],[77.55066,13.01127],[77.55357,13.01283],[77.55378,13.01312],[77.55407,13.01403],[77.55446,13.01241],[77.55449,13.00807],[77.55429,13.00617],[77.55343,13.00301],[77.5527,12.99936],[77.55308,12.99819],[77.55047,12.9976],[77.54538,12.99745],[77.54469,12.99761],[77.54281,12.9984],[77.54116,12.99939],[77.54044,12.99697],[77.53845,12.99158],[77.53593,12.99199],[77.53624,12.99279],[77.53816,12.99332],[77.53812,12.99392],[77.53846,12.99531],[77.53733,12.99544],[77.53727,12.99468],[77.53543,12.9949],[77.53556,12.9957],[77.53457,12.99574],[77.53476,12.99656],[77.53422,12.99655],[77.53422,12.99703],[77.53539,12.99708],[77.53686,12.99735],[77.53655,12.99813],[77.53778,12.99824],[77.53767,12.99884],[77.53775,12.99954],[77.53844,12.99907],[77.53854,13.00007],[77.53687,13.00052]]]},"properties":{"osm_id":19883348,"zone_id":"W19883348","label":"Kethamaranahalli","admin_level":"10"}},{"type":"Feature","geometry":{"type":"Polygon","coordinates":[[[77.51798,13.00227],[77.51829,13.00263],[77.51831,13.00287],[77.51774,13.00379],[77.5177,13.00612],[77.5175,13.00636],[77.51907,13.00609],[77.51906,13.00601],[77.52077,13.00588],[77.52161,13.00595],[77.52161,13.00615],[77.52212,13.00617],[77.52221,13.006],[77.52322,13.00608],[77.52318,13.00704],[77.52541,13.0066],[77.52677,13.00612],[77.52675,13.00668],[77.52695,13.00668],[77.52699,13.00686],[77.52763,13.00732],[77.52792,13.0077],[77.52988,13.00605],[77.52991,13.00575],[77.5296,13.00515],[77.52961,13.00427],[77.5291,13.00374],[77.52898,13.00342],[77.52918,13.00228],[77.52877,13.00188],[77.52812,13.00162],[77.52783,13.00136],[77.52783,12.99968],[77.52618,13.00046],[77.52631,13.00074],[77.52409,13.00166],[77.52349,13.00169],[77.5237,13.00246],[77.52133,13.00308],[77.52135,13.00354],[77.52103,13.00358],[77.521,13.0033],[77.52018,13.00341],[77.51988,13.00236],[77.51798,13.00227]]]},"properties":{"osm_id":19883349,"zone_id":"W19883349","label":"Kempegowda Layout","admin_level":"10"}},{"type":"Feature","geometry":{"type":"Polygon","coordinates":[[[77.62353,13.03832],[77.6225,13.03832],[77.62251,13.03851],[77.62184,13.03858],[77.62186,13.03918],[77.62147,13.03925],[77.62139,13.03878],[77.62079,13.03891],[77.62076,13.0391],[77.62005,13.03914],[77.62025,13.04001],[77.61848,13.04096],[77.61735,13.04089],[77.61594,13.0412],[77.61454,13.0417],[77.61387,13.0421],[77.612,13.04253],[77.61162,13.04066],[77.61136,13.03999],[77.61076,13.03917],[77.61028,13.03821],[77.6107,13.03641],[77.61083,13.03668],[77.61175,13.03649],[77.6117,13.03597],[77.61187,13.03593],[77.61189,13.03616],[77.6137,13.03581],[77.61343,13.03422],[77.61315,13.0334],[77.61399,13.03312],[77.61449,13.0343],[77.61954,13.03287],[77.62182,13.03203],[77.62281,13.03459],[77.62121,13.03507],[77.62145,13.03593],[77.62212,13.03668],[77.62241,13.03759],[77.62337,13.03746],[77.62353,13.03832]]]},"properties":{"osm_id":19883350,"zone_id":"W19883350","label":"Nagavara","admin_level":"10"}},{"type":"Feature","geometry":{"type":"Polygon","coordinates":[[[77.62343,12.93356],[77.6238,12.93463],[77.62425,12.93517],[77.62753,12.93775],[77.62869,12.93836],[77.62887,12.93762],[77.62914,12.93766],[77.62974,12.93636],[77.63017,12.93487],[77.63056,12.93513],[77.63024,12.93604],[77.63092,12.93683],[77.6307,12.93698],[77.63156,12.93774],[77.63168,12.93837],[77.63289,12.93798],[77.6333,12.93734],[77.63457,12.93624],[77.6371,12.93334],[77.63881,12.9309],[77.63952,12.93056],[77.63958,12.92969],[77.6419,12.92926],[77.64187,12.92821],[77.64132,12.92616],[77.6411,12.92597],[77.63974,12.92603],[77.63917,12.92584],[77.63932,12.92482],[77.63928,12.92414],[77.63851,12.92443],[77.63692,12.92532],[77.62929,12.92419],[77.62902,12.9242],[77.62597,12.92543],[77.62101,12.92753],[77.62256,12.93178],[77.62343,12.93356]]]},"properties":{"osm_id":19883351,"zone_id":"W19883351","label":"Kormangala East","admin_level":"10"}},{"type":"Feature","geometry":{"type":"Polygon","coordinates":[[[77.58404,13.01451],[77.58652,13.01433],[77.5878,13.01379],[77.58911,13.01223],[77.5906,13.01002],[77.59342,13.01185],[77.59386,13.01225],[77.59357,13.01299],[77.59365,13.01377],[77.59346,13.01421],[77.59277,13.01467],[77.59268,13.01503],[77.59141,13.01575],[77.59146,13.01633],[77.59231,13.01914],[77.59256,13.02252],[77.593,13.02499],[77.592,13.02506],[77.59182,13.02398],[77.59047,13.02382],[77.59029,13.02303],[77.59041,13.0226],[77.58942,13.02251],[77.58959,13.02326],[77.58903,13.02334],[77.58892,13.02357],[77.58873,13.02306],[77.58844,13.02318],[77.58813,13.02256],[77.58709,13.02299],[77.58691,13.0226],[77.58652,13.02267],[77.58525,13.02299],[77.58529,13.02315],[77.58472,13.02329],[77.58397,13.02039],[77.58394,13.0148],[77.58404,13.01451]]]},"properties":{"osm_id":19883352,"zone_id":"W19883352","label":"Gangenahalli","admin_level":"10"}},{"type":"Feature","geometry":{"type":"Polygon","coordinates":[[[77.59645,13.03251],[77.59647,13.02988],[77.59607,13.02987],[77.59584,13.02835],[77.59548,13.02841],[77.59477,13.02475],[77.592,13.02506],[77.59182,13.02398],[77.59047,13.02382],[77.59029,13.02303],[77.59035,13.02259],[77.58942,13.02251],[77.58959,13.02326],[77.58903,13.02334],[77.58892,13.02357],[77.58873,13.02306],[77.58844,13.02318],[77.58813,13.02256],[77.58709,13.02299],[77.58691,13.0226],[77.58652,13.02267],[77.58525,13.02299],[77.58529,13.02315],[77.58472,13.02329],[77.58618,13.02855],[77.58658,13.02851],[77.58661,13.02809],[77.58826,13.02823],[77.58823,13.02872],[77.58847,13.02982],[77.59326,13.0295],[77.59336,13.02975],[77.5938,13.02971],[77.59389,13.02983],[77.59377,13.03068],[77.59396,13.03153],[77.5944,13.03163],[77.59429,13.03257],[77.59523,13.03253],[77.59529,13.03214],[77.59645,13.03251]]]},"properties":{"osm_id":19883353,"zone_id":"W19883353","label":"Ganganagar","admin_level":"10"}},{"type":"Feature","geometry":{"type":"Polygon","coordinates":[[[77.62875,13.01508],[77.62953,13.01676],[77.62981,13.01773],[77.63528,13.01634],[77.635,13.01527],[77.63592,13.01512],[77.63686,13.01943],[77.63691,13.02081],[77.63722,13.02277],[77.64005,13.02181],[77.64035,13.02469],[77.63988,13.02488],[77.63994,13.02577],[77.63582,13.02663],[77.63389,13.02726],[77.63212,13.02801],[77.63144,13.02915],[77.62888,13.02992],[77.62842,13.0286],[77.62785,13.02586],[77.62625,13.02117],[77.62865,13.0211],[77.62759,13.01512],[77.62721,13.01456],[77.62827,13.01478],[77.62875,13.01508]]]},"properties":{"osm_id":19883354,"zone_id":"W19883354","label":"Kacharakanahalli","admin_level":"10"}},{"type":"Feature","geometry":{"type":"Polygon","coordinates":[[[77.55653,12.95326],[77.55698,12.95409],[77.55719,12.95499],[77.55745,12.95545],[77.55929,12.95688],[77.55922,12.96072],[77.56328,12.96079],[77.56326,12.96182],[77.56482,12.96241],[77.56491,12.96039],[77.57181,12.9606],[77.57451,12.95977],[77.57374,12.95758],[77.57338,12.95727],[77.56335,12.95699],[77.56343,12.95395],[77.56274,12.95376],[77.56222,12.9534],[77.5612,12.95334],[77.56036,12.95366],[77.55981,12.95368],[77.55848,12.95313],[77.55653,12.95326]]]},"properties":{"osm_id":19883355,"zone_id":"W19883355","label":"Chamarajpet","admin_level":"10"}},{"type":"Feature","geometry":{"type":"Polygon","coordinates":[[[77.58074,13.10849],[77.57973,13.10834],[77.57967,13.10867],[77.57812,13.10689],[77.57728,13.1052],[77.57532,13.10551],[77.57512,13.10385],[77.5756,13.10381],[77.57595,13.1035],[77.57593,13.10254],[77.57473,13.10271],[77.57468,13.10236],[77.57455,13.10236],[77.57431,13.10109],[77.57359,13.1016],[77.573,13.10156],[77.57281,13.10167],[77.57233,13.10111],[77.57207,13.101],[77.57161,13.10107],[77.57118,13.1008],[77.57082,13.10041],[77.57077,13.10008],[77.57044,13.10043],[77.57011,13.10018],[77.57002,13.10033],[77.56979,13.10289],[77.57064,13.1066],[77.56546,13.10766],[77.56573,13.10658],[77.56658,13.10455],[77.56694,13.10293],[77.56693,13.10243],[77.56591,13.10281],[77.56578,13.10165],[77.56549,13.1017],[77.56538,13.10126],[77.56316,13.10136],[77.56296,13.10076],[77.56215,13.10101],[77.56103,13.0984],[77.55797,13.09976],[77.55743,13.09769],[77.5578,13.09765],[77.55767,13.09679],[77.55806,13.09634],[77.55666,13.09642],[77.55702,13.09572],[77.55793,13.09573],[77.55793,13.09431],[77.55825,13.09426],[77.55823,13.09394],[77.55569,13.0944],[77.55531,13.09319],[77.55453,13.09424],[77.55402,13.09424],[77.55356,13.09395],[77.55214,13.09404],[77.55119,13.0937],[77.55035,13.09362],[77.5489,13.09422],[77.54611,13.09487],[77.54612,13.09182],[77.54664,13.08839],[77.54868,13.08578],[77.54848,13.0852],[77.54874,13.08421],[77.54827,13.08177],[77.54722,13.08194],[77.5475,13.08322],[77.54639,13.08339],[77.54643,13.08355],[77.54519,13.08353],[77.54526,13.08527],[77.54465,13.08588],[77.54403,13.08624],[77.54071,13.08997],[77.58074,13.10849]]]},"properties":{"osm_id":19883356,"zone_id":"W19883356","label":"Doddabettahalli","admin_level":"10"}},{"type":"Feature","geometry":{"type":"Polygon","coordinates":[[[77.59602,12.88162],[77.59483,12.87478],[77.59428,12.87314],[77.59577,12.87293],[77.59611,12.87268],[77.59637,12.87195],[77.59977,12.87195],[77.60218,12.87177],[77.60291,12.87439],[77.60319,12.87455],[77.60355,12.87447],[77.60411,12.87404],[77.60439,12.87543],[77.60575,12.8753],[77.60619,12.87521],[77.60629,12.87507],[77.60728,12.87533],[77.60709,12.87593],[77.60717,12.87652],[77.60891,12.87673],[77.6097,12.87871],[77.60999,12.87997],[77.61003,12.88046],[77.60947,12.88042],[77.60951,12.88095],[77.60655,12.88129],[77.60668,12.88224],[77.60533,12.88237],[77.60518,12.88135],[77.60427,12.88148],[77.6023,12.88215],[77.6023,12.88257],[77.60127,12.88267],[77.60108,12.88072],[77.59828,12.88102],[77.59696,12.88155],[77.59602,12.88162]]]},"properties":{"osm_id":19883357,"zone_id":"W19883357","label":"Hulimavu","admin_level":"10"}},{"type":"Feature","geometry":{"type":"Polygon","coordinates":[[[77.69873,12.91554],[77.70172,12.91446],[77.70209,12.91521],[77.70354,12.91517],[77.70376,12.9154],[77.70371,12.91572],[77.70496,12.91699],[77.70502,12.91811],[77.70554,12.92054],[77.70799,12.93102],[77.70793,12.93253],[77.71019,12.9316],[77.71111,12.93105],[77.71242,12.9296],[77.71424,12.92847],[77.73718,12.92518],[77.73791,12.92661],[77.74278,12.93294],[77.74395,12.93577],[77.7466,12.93801],[77.74906,12.93711],[77.75007,12.93662],[77.75144,12.9357],[77.75362,12.93465],[77.75455,12.9346],[77.75529,12.93436],[77.75856,12.93279],[77.76048,12.93245],[77.76506,12.93014],[77.76463,12.92887],[77.76484,12.92878],[77.76235,12.92838],[77.75652,12.92625],[77.75227,12.9253],[77.75134,12.92201],[77.74748,12.9206],[77.74614,12.92003],[77.74595,12.91974],[77.74579,12.91977],[77.74557,12.9188],[77.74533,12.91635],[77.74494,12.91425],[77.74478,12.91429],[77.74467,12.91363],[77.74457,12.91379],[77.74235,12.91398],[77.7417,12.9143],[77.7416,12.91413],[77.74099,12.91445],[77.73906,12.91465],[77.73847,12.9146],[77.73802,12.91482],[77.73742,12.91469],[77.7374,12.91349],[77.73445,12.9132],[77.73432,12.91354],[77.73437,12.91404],[77.73245,12.91421],[77.73207,12.91391],[77.72882,12.91447],[77.72778,12.9145],[77.72761,12.91089],[77.72628,12.90657],[77.7227,12.90728],[77.72131,12.90785],[77.72079,12.90815],[77.7208,12.90882],[77.71978,12.90865],[77.71971,12.90799],[77.71786,12.90837],[77.71791,12.90887],[77.71764,12.90897],[77.71729,12.90875],[77.71612,12.90739],[77.7156,12.90749],[77.71423,12.90808],[77.7113,12.90786],[77.70835,12.90806],[77.70709,12.9033],[77.70687,12.90203],[77.70355,12.90365],[77.69883,12.90628],[77.68977,12.90876],[77.68635,12.91003],[77.68691,12.91166],[77.68702,12.91162],[77.68727,12.91207],[77.68713,12.91214],[77.68765,12.91319],[77.68793,12.91335],[77.68849,12.91544],[77.68936,12.91534],[77.69212,12.91557],[77.69656,12.91612],[77.69873,12.91554]]]},"properties":{"osm_id":19883358,"zone_id":"W19883358","label":"Gunjur","admin_level":"10"}},{"type":"Feature","geometry":{"type":"Polygon","coordinates":[[[77.62875,13.01508],[77.62879,13.01274],[77.62868,13.01198],[77.62964,13.01165],[77.63038,13.01171],[77.63027,13.01292],[77.63171,13.01298],[77.63165,13.01214],[77.63187,13.01055],[77.633,13.01073],[77.6329,13.01175],[77.63521,13.01187],[77.63517,13.01088],[77.63869,13.01067],[77.63878,13.01123],[77.63961,13.01111],[77.63958,13.01151],[77.64008,13.01141],[77.64193,13.01183],[77.64176,13.01291],[77.64179,13.01409],[77.6393,13.01404],[77.6394,13.01612],[77.63848,13.01626],[77.63853,13.01662],[77.63674,13.01715],[77.63631,13.01721],[77.63592,13.01512],[77.635,13.01527],[77.63528,13.01634],[77.62981,13.01773],[77.62953,13.01676],[77.62875,13.01508]]]},"properties":{"osm_id":19883359,"zone_id":"W19883359","label":"HRBR Layout","admin_level":"10"}},{"type":"Feature","geometry":{"type":"Polygon","coordinates":[[[77.62183,13.03205],[77.62281,13.03459],[77.62123,13.03503],[77.62145,13.03593],[77.62212,13.03668],[77.62241,13.03759],[77.62337,13.03746],[77.62364,13.03884],[77.62436,13.04018],[77.62486,13.04183],[77.62627,13.04421],[77.62749,13.04551],[77.62785,13.04519],[77.62808,13.04438],[77.62865,13.04409],[77.62864,13.04385],[77.62819,13.04351],[77.62813,13.04331],[77.6285,13.04292],[77.62854,13.04239],[77.62868,13.04232],[77.62924,13.04258],[77.62959,13.04222],[77.63034,13.04263],[77.63104,13.04251],[77.63132,13.04292],[77.63148,13.04293],[77.63178,13.04281],[77.63237,13.0421],[77.63335,13.04182],[77.63354,13.04185],[77.63364,13.0426],[77.63464,13.04258],[77.63491,13.04218],[77.63481,13.04181],[77.63527,13.04106],[77.63606,13.04072],[77.63678,13.04113],[77.63655,13.04211],[77.63669,13.04238],[77.63801,13.04322],[77.63938,13.04329],[77.64039,13.04296],[77.64072,13.04266],[77.64108,13.04264],[77.64139,13.04242],[77.64147,13.04179],[77.6413,13.04134],[77.64146,13.04042],[77.64142,13.03836],[77.64118,13.037],[77.64076,13.03685],[77.64021,13.03643],[77.63882,13.0343],[77.63592,13.03165],[77.63529,13.03279],[77.63473,13.0328],[77.63467,13.0325],[77.63393,13.03271],[77.63408,13.03338],[77.63338,13.03358],[77.63331,13.03405],[77.6327,13.0344],[77.63014,13.0319],[77.62776,13.03664],[77.62708,13.03734],[77.62589,13.03804],[77.62561,13.03641],[77.6243,13.03371],[77.62566,13.03329],[77.62507,13.03085],[77.62183,13.03205]]]},"properties":{"osm_id":19883360,"zone_id":"W19883360","label":"Hennur","admin_level":"10"}},{"type":"Feature","geometry":{"type":"Polygon","coordinates":[[[77.62875,13.01508],[77.62879,13.01274],[77.62868,13.01198],[77.6296,13.0117],[77.62968,13.01137],[77.63007,13.01126],[77.6301,13.01002],[77.63145,13.00918],[77.63072,13.00821],[77.63047,13.00764],[77.62999,13.00759],[77.62741,13.00824],[77.62729,13.00883],[77.62746,13.00946],[77.62669,13.0096],[77.62709,13.01176],[77.62564,13.01209],[77.62506,13.01128],[77.62396,13.01021],[77.62324,13.00896],[77.6226,13.00829],[77.62179,13.00869],[77.62115,13.00933],[77.62065,13.01058],[77.6207,13.01149],[77.62284,13.01638],[77.62322,13.01752],[77.6235,13.01941],[77.62335,13.02122],[77.62865,13.0211],[77.62759,13.01512],[77.62721,13.01456],[77.62827,13.01478],[77.62875,13.01508]]]},"properties":{"osm_id":19883361,"zone_id":"W19883361","label":"Lingarajpura","admin_level":"10"}},{"type":"Feature","geometry":{"type":"Polygon","coordinates":[[[77.59805,13.04121],[77.60673,13.04094],[77.60779,13.04072],[77.60915,13.03992],[77.61004,13.03884],[77.61028,13.0382],[77.60978,13.03673],[77.60864,13.03228],[77.6065,13.03284],[77.60632,13.03422],[77.60642,13.03479],[77.60399,13.03488],[77.60184,13.03517],[77.60064,13.03503],[77.59706,13.03579],[77.59743,13.03654],[77.59744,13.03695],[77.59695,13.03718],[77.59626,13.03918],[77.59689,13.04012],[77.59717,13.04008],[77.59714,13.03984],[77.59742,13.03981],[77.59743,13.03993],[77.59826,13.04],[77.59817,13.0406],[77.59789,13.0406],[77.59805,13.04121]]]},"properties":{"osm_id":19883362,"zone_id":"W19883362","label":"Vishwanatha Nagenahalli","admin_level":"10"}},{"type":"Feature","geometry":{"type":"Polygon","coordinates":[[[77.59229,12.956],[77.59452,12.96202],[77.59483,12.96234],[77.59352,12.96218],[77.59117,12.96258],[77.59092,12.96154],[77.59157,12.96138],[77.59136,12.96065],[77.59074,12.96084],[77.59066,12.9606],[77.58989,12.96081],[77.58937,12.95904],[77.58713,12.95955],[77.58827,12.96104],[77.5841,12.96149],[77.58524,12.96384],[77.58238,12.96337],[77.57981,12.96361],[77.57967,12.9619],[77.58179,12.96132],[77.58313,12.96062],[77.58233,12.95915],[77.58279,12.95892],[77.58286,12.95906],[77.58433,12.95856],[77.58472,12.95854],[77.58505,12.95961],[77.58837,12.95858],[77.5881,12.95779],[77.58749,12.95798],[77.58736,12.95757],[77.58804,12.95737],[77.58785,12.95667],[77.58854,12.95646],[77.58872,12.95706],[77.58964,12.95677],[77.58943,12.95602],[77.58954,12.95594],[77.58914,12.95458],[77.59144,12.95381],[77.59229,12.956]]]},"properties":{"osm_id":19883363,"zone_id":"W19883363","label":"SilverJubilee Park Ward","admin_level":"10"}},{"type":"Feature","geometry":{"type":"Polygon","coordinates":[[[77.73312,12.96354],[77.73303,12.96261],[77.73264,12.96107],[77.73099,12.95617],[77.7366,12.95698],[77.73675,12.95593],[77.73586,12.95561],[77.73602,12.95358],[77.73546,12.95342],[77.73546,12.95225],[77.73605,12.95237],[77.73613,12.95211],[77.73685,12.95234],[77.73684,12.95247],[77.73729,12.95263],[77.73753,12.95153],[77.73815,12.95214],[77.7394,12.95224],[77.73985,12.95265],[77.74137,12.95311],[77.74299,12.95382],[77.74364,12.95467],[77.74431,12.9564],[77.74344,12.95659],[77.74351,12.95695],[77.74489,12.9567],[77.74546,12.95714],[77.74622,12.95859],[77.74719,12.95822],[77.74889,12.95896],[77.75028,12.95908],[77.75022,12.96074],[77.75034,12.9614],[77.75142,12.9614],[77.75173,12.96232],[77.75175,12.96387],[77.74887,12.96216],[77.75081,12.96852],[77.75139,12.97182],[77.7538,12.97144],[77.75363,12.97051],[77.75491,12.97024],[77.75812,12.96891],[77.76151,12.96791],[77.76341,12.96755],[77.76434,12.96751],[77.76384,12.96866],[77.76368,12.97104],[77.76386,12.97191],[77.76392,12.97371],[77.76465,12.97617],[77.763,12.97539],[77.76076,12.97577],[77.75926,12.97641],[77.75829,12.97664],[77.75632,12.97674],[77.75614,12.97617],[77.75554,12.97512],[77.7547,12.97546],[77.75336,12.9733],[77.75046,12.97392],[77.75028,12.97217],[77.74935,12.97289],[77.74848,12.97313],[77.74776,12.97303],[77.74728,12.97333],[77.7464,12.97503],[77.746,12.97541],[77.74499,12.97568],[77.74345,12.97546],[77.74133,12.97604],[77.74086,12.97427],[77.73999,12.97371],[77.73862,12.97129],[77.73839,12.97016],[77.73882,12.97],[77.73877,12.96975],[77.73904,12.9697],[77.73891,12.96918],[77.73561,12.96935],[77.73544,12.96854],[77.73465,12.96776],[77.73414,12.96781],[77.73386,12.96732],[77.73329,12.96506],[77.73312,12.96354]]]},"properties":{"osm_id":19883364,"zone_id":"W19883364","label":"Whitefield","admin_level":"10"}},{"type":"Feature","geometry":{"type":"Polygon","coordinates":[[[77.59706,13.03579],[77.5969,13.03536],[77.59676,13.03402],[77.59658,13.03403],[77.59645,13.03251],[77.59529,13.03214],[77.59523,13.03253],[77.59429,13.03257],[77.5944,13.03163],[77.59396,13.03153],[77.59377,13.03068],[77.59376,13.03025],[77.59389,13.03002],[77.5938,13.02971],[77.59336,13.02975],[77.59326,13.0295],[77.59312,13.02949],[77.58847,13.02982],[77.58823,13.02872],[77.58826,13.02823],[77.58661,13.02809],[77.58658,13.02851],[77.58618,13.02855],[77.58824,13.0333],[77.58917,13.03624],[77.58939,13.03853],[77.5899,13.04163],[77.59267,13.04106],[77.59506,13.04128],[77.59805,13.04121],[77.59789,13.0406],[77.59817,13.0406],[77.59826,13.04],[77.59743,13.03993],[77.59742,13.03981],[77.59714,13.03984],[77.59717,13.04008],[77.59689,13.04012],[77.59626,13.03918],[77.59695,13.03718],[77.59744,13.03695],[77.59743,13.03654],[77.59706,13.03579]]]},"properties":{"osm_id":19883365,"zone_id":"W19883365","label":"Hebbal","admin_level":"10"}},{"type":"Feature","geometry":{"type":"Polygon","coordinates":[[[77.58828,12.88902],[77.5918,12.8883],[77.59163,12.88586],[77.5912,12.88416],[77.59057,12.8827],[77.59061,12.88131],[77.59019,12.87918],[77.5896,12.87785],[77.58959,12.87693],[77.58917,12.87644],[77.58624,12.87446],[77.58608,12.87404],[77.5873,12.87319],[77.58883,12.87265],[77.58889,12.86984],[77.59036,12.87053],[77.59266,12.8721],[77.59295,12.87272],[77.59396,12.87285],[77.59428,12.87314],[77.59483,12.87478],[77.59713,12.88793],[77.59882,12.89242],[77.59984,12.89644],[77.59961,12.89648],[77.5995,12.89626],[77.59867,12.89644],[77.59769,12.89694],[77.59863,12.8997],[77.59867,12.90022],[77.59812,12.90058],[77.59803,12.90083],[77.5967,12.90132],[77.59501,12.90171],[77.59491,12.90264],[77.59399,12.90266],[77.59376,12.9049],[77.59356,12.90557],[77.59342,12.90557],[77.59341,12.90527],[77.5919,12.90537],[77.59146,12.90544],[77.59147,12.9056],[77.59023,12.90571],[77.59005,12.9048],[77.58876,12.90499],[77.58894,12.90332],[77.58947,12.9034],[77.58951,12.90319],[77.58967,12.90112],[77.58933,12.90113],[77.58947,12.89973],[77.58955,12.89958],[77.59132,12.8998],[77.59157,12.89802],[77.59001,12.89757],[77.59002,12.89586],[77.58977,12.89585],[77.5898,12.89439],[77.59008,12.89234],[77.59206,12.89144],[77.59159,12.88987],[77.59053,12.89014],[77.59023,12.88945],[77.58828,12.88902]]]},"properties":{"osm_id":19883366,"zone_id":"W19883366","label":"Doresanipalya","admin_level":"10"}},{"type":"Feature","geometry":{"type":"Polygon","coordinates":[[[77.54048,13.01256],[77.54174,13.01248],[77.54202,13.01236],[77.54228,13.01203],[77.54279,13.01193],[77.5468,13.01304],[77.54725,13.01576],[77.54842,13.01496],[77.54793,13.01387],[77.54749,13.01357],[77.54756,13.01242],[77.54767,13.01229],[77.54688,13.01174],[77.54519,13.0115],[77.54388,13.01064],[77.54354,13.00861],[77.54315,13.00867],[77.54302,13.00802],[77.54262,13.00809],[77.54235,13.00717],[77.54271,13.00705],[77.54221,13.00587],[77.54112,13.00616],[77.54086,13.00419],[77.53947,13.0045],[77.53812,13.00508],[77.53772,13.00456],[77.53682,13.00387],[77.53657,13.00334],[77.53582,13.00372],[77.53589,13.00347],[77.53399,13.00503],[77.53456,13.00547],[77.53337,13.00634],[77.53452,13.00719],[77.5353,13.00537],[77.53604,13.00678],[77.53633,13.00644],[77.53648,13.00666],[77.53725,13.00619],[77.53744,13.00651],[77.53791,13.00675],[77.53742,13.00699],[77.53744,13.0071],[77.53869,13.00684],[77.53886,13.00799],[77.53923,13.00795],[77.53935,13.009],[77.54114,13.00875],[77.54126,13.0097],[77.54006,13.00986],[77.54048,13.01256]]]},"properties":{"osm_id":19883367,"zone_id":"W19883367","label":"Mahalakshmipuram","admin_level":"10"}},{"type":"Feature","geometry":{"type":"Polygon","coordinates":[[[77.53747,12.96333],[77.53685,12.96341],[77.53691,12.96375],[77.53577,12.96385],[77.53494,12.96166],[77.53532,12.96165],[77.53519,12.96132],[77.53559,12.96131],[77.53547,12.96095],[77.53608,12.96098],[77.53549,12.96026],[77.53526,12.96037],[77.53513,12.96004],[77.53444,12.96],[77.53561,12.95716],[77.53525,12.95694],[77.53549,12.95566],[77.53624,12.95491],[77.53565,12.95426],[77.53669,12.95317],[77.53768,12.95044],[77.53841,12.95086],[77.53832,12.95023],[77.5381,12.94991],[77.53872,12.9497],[77.53849,12.94912],[77.5385,12.94873],[77.53866,12.94866],[77.5394,12.94879],[77.54122,12.94817],[77.54272,12.94806],[77.54301,12.94794],[77.54343,12.94861],[77.54448,12.95221],[77.54546,12.95172],[77.54622,12.95191],[77.54637,12.95552],[77.5463,12.95604],[77.54551,12.95557],[77.54379,12.95414],[77.54248,12.95364],[77.5417,12.95305],[77.54081,12.9533],[77.54082,12.954],[77.53773,12.95431],[77.5378,12.95523],[77.53805,12.9552],[77.5381,12.95576],[77.5379,12.95579],[77.53793,12.95608],[77.53745,12.95624],[77.53826,12.9573],[77.53735,12.95796],[77.53747,12.95827],[77.5382,12.95818],[77.53828,12.95892],[77.5372,12.95998],[77.53708,12.95947],[77.53655,12.95967],[77.53693,12.96015],[77.53752,12.96179],[77.53756,12.96209],[77.53721,12.96209],[77.53747,12.96333]]]},"properties":{"osm_id":19883368,"zone_id":"W19883368","label":"Gali Anjaneya Temple Ward","admin_level":"10"}},{"type":"Feature","geometry":{"type":"Polygon","coordinates":[[[77.67657,12.99126],[77.67668,12.9917],[77.67641,12.99176],[77.67663,12.99257],[77.67593,12.9927],[77.6758,12.99318],[77.67596,12.9936],[77.67673,12.99447],[77.67552,12.99552],[77.67542,12.99499],[77.67459,12.99522],[77.67445,12.99516],[77.67294,12.99589],[77.67292,12.99601],[77.6723,12.99584],[77.67217,12.9962],[77.672,12.99617],[77.67207,12.99512],[77.67105,12.99467],[77.67076,12.99469],[77.67063,12.99431],[77.67041,12.99426],[77.67022,12.99394],[77.66962,12.99403],[77.66907,12.99381],[77.66899,12.99275],[77.66879,12.9927],[77.66894,12.99234],[77.6687,12.99222],[77.66896,12.99168],[77.66906,12.99168],[77.66904,12.9914],[77.66853,12.9912],[77.66871,12.99081],[77.66837,12.99064],[77.66848,12.99044],[77.66816,12.98984],[77.66763,12.98953],[77.66741,12.98867],[77.66753,12.98594],[77.66782,12.98587],[77.66797,12.98549],[77.66888,12.98598],[77.66948,12.98612],[77.67128,12.9859],[77.67135,12.98603],[77.67171,12.98588],[77.67293,12.98637],[77.67492,12.98637],[77.67446,12.98673],[77.67466,12.98673],[77.67472,12.98702],[77.67503,12.98716],[77.67493,12.9901],[77.6748,12.99009],[77.67504,12.99137],[77.67547,12.99126],[77.67556,12.99155],[77.67657,12.99126]]]},"properties":{"osm_id":19883369,"zone_id":"W19883369","label":"Uday Nagar","admin_level":"10"}},{"type":"Feature","geometry":{"type":"Polygon","coordinates":[[[77.51749,12.96924],[77.51883,12.96895],[77.51913,12.97],[77.51955,12.96989],[77.51959,12.97003],[77.52078,12.96989],[77.52079,12.97002],[77.5214,12.97001],[77.52462,12.96936],[77.52464,12.96988],[77.52496,12.97076],[77.52545,12.97076],[77.52551,12.97151],[77.5251,12.97156],[77.52534,12.9727],[77.52459,12.97284],[77.5248,12.97354],[77.52236,12.97427],[77.52224,12.97398],[77.52062,12.97433],[77.52052,12.97436],[77.52057,12.97453],[77.51821,12.97535],[77.51782,12.97513],[77.5173,12.97336],[77.51739,12.97312],[77.51779,12.97317],[77.5181,12.97291],[77.51817,12.97276],[77.51788,12.97215],[77.51791,12.97189],[77.51854,12.97091],[77.51854,12.97071],[77.51794,12.96982],[77.51766,12.96962],[77.51749,12.96924]]]},"properties":{"osm_id":19883370,"zone_id":"W19883370","label":"Moodalapalya","admin_level":"10"}},{"type":"Feature","geometry":{"type":"Polygon","coordinates":[[[77.57047,12.92461],[77.57055,12.92498],[77.57031,12.92584],[77.56954,12.92645],[77.57075,12.92647],[77.57113,12.92984],[77.56668,12.92995],[77.56369,12.9305],[77.56367,12.93039],[77.56251,12.93071],[77.56161,12.93044],[77.56048,12.92966],[77.55914,12.9282],[77.55829,12.9278],[77.55634,12.9265],[77.55514,12.92551],[77.55492,12.9252],[77.55446,12.92357],[77.55875,12.92217],[77.56152,12.92161],[77.56209,12.92048],[77.56358,12.91925],[77.56447,12.9177],[77.56573,12.92099],[77.56522,12.92114],[77.56565,12.92259],[77.56926,12.92188],[77.56906,12.9212],[77.56958,12.92105],[77.57047,12.92461]]]},"properties":{"osm_id":19883371,"zone_id":"W19883371","label":"Ganesh Mandira Ward","admin_level":"10"}},{"type":"Feature","geometry":{"type":"Polygon","coordinates":[[[77.57047,12.92461],[77.57143,12.92436],[77.57155,12.92482],[77.5714,12.92561],[77.57258,12.92535],[77.57357,12.9253],[77.5736,12.92356],[77.5797,12.92344],[77.57962,12.93306],[77.57823,12.93309],[77.57777,12.93293],[77.57706,12.93244],[77.57708,12.93087],[77.57616,12.93087],[77.57631,12.93041],[77.57527,12.9303],[77.57504,12.92921],[77.57209,12.92972],[77.57224,12.93028],[77.57117,12.93028],[77.5714,12.9325],[77.57092,12.93183],[77.56889,12.93237],[77.56892,12.9325],[77.56786,12.9327],[77.56737,12.93184],[77.56668,12.92996],[77.57113,12.92984],[77.57075,12.92647],[77.56954,12.92645],[77.57031,12.92584],[77.57055,12.92498],[77.57047,12.92461]]]},"properties":{"osm_id":19883372,"zone_id":"W19883372","label":"Devagiri Temple Ward","admin_level":"10"}},{"type":"Feature","geometry":{"type":"Polygon","coordinates":[[[77.57384,12.94063],[77.57776,12.9406],[77.57768,12.93969],[77.58004,12.93677],[77.58007,12.94058],[77.57778,12.94058],[77.57775,12.94256],[77.57888,12.94255],[77.57886,12.94366],[77.57774,12.94362],[77.57772,12.94396],[77.57748,12.94428],[77.57707,12.94436],[77.57684,12.94455],[77.5738,12.94455],[77.5737,12.95317],[77.57353,12.95736],[77.57309,12.95724],[77.5674,12.95709],[77.56759,12.95282],[77.56661,12.95279],[77.56636,12.95077],[77.56767,12.95064],[77.56777,12.94733],[77.56422,12.94729],[77.5643,12.94174],[77.5651,12.94175],[77.56498,12.94101],[77.56397,12.9393],[77.56591,12.93933],[77.56599,12.94],[77.56617,12.94018],[77.56665,12.94018],[77.56685,12.94153],[77.56784,12.9428],[77.56784,12.9436],[77.57378,12.94368],[77.57384,12.94063]]]},"properties":{"osm_id":19883373,"zone_id":"W19883373","label":"Sunkenahalli","admin_level":"10"}},{"type":"Feature","geometry":{"type":"Polygon","coordinates":[[[77.58466,13.02291],[77.58593,13.02794],[77.58824,13.0333],[77.58917,13.03624],[77.5898,13.04121],[77.59057,13.04311],[77.5884,13.04258],[77.5855,13.04315],[77.58479,13.04348],[77.58237,13.04504],[77.58113,13.04611],[77.5793,13.04742],[77.57836,13.04765],[77.57584,13.04743],[77.57584,13.0471],[77.5756,13.04682],[77.57443,13.04422],[77.57551,13.0438],[77.57538,13.04323],[77.57502,13.04332],[77.57478,13.04243],[77.577,13.04267],[77.57616,13.04076],[77.57617,13.03984],[77.57635,13.03984],[77.57641,13.03879],[77.5771,13.0388],[77.5771,13.03917],[77.57852,13.03911],[77.5784,13.03878],[77.57901,13.03867],[77.5785,13.037],[77.57902,13.03692],[77.57893,13.03574],[77.57592,13.03564],[77.57589,13.03527],[77.57527,13.03523],[77.57676,13.03208],[77.57772,13.03041],[77.57897,13.02879],[77.5801,13.02651],[77.58102,13.0257],[77.58128,13.02521],[77.58274,13.02455],[77.58466,13.02291]]]},"properties":{"osm_id":19883374,"zone_id":"W19883374","label":"Bhoopasandra","admin_level":"10"}},{"type":"Feature","geometry":{"type":"Polygon","coordinates":[[[77.60342,13.02474],[77.60429,13.02742],[77.60645,13.02685],[77.60749,13.02918],[77.60807,13.03006],[77.60978,13.03673],[77.61028,13.03821],[77.61077,13.03613],[77.61156,13.03411],[77.61576,13.0288],[77.61566,13.02873],[77.61613,13.02812],[77.61612,13.02784],[77.61359,13.02583],[77.61257,13.02374],[77.60962,13.02452],[77.60944,13.02391],[77.60825,13.02415],[77.60896,13.0259],[77.60755,13.02626],[77.60696,13.02485],[77.60568,13.02534],[77.6051,13.0244],[77.60342,13.02474]]]},"properties":{"osm_id":19883375,"zone_id":"W19883375","label":"Shampura","admin_level":"10"}},{"type":"Feature","geometry":{"type":"Polygon","coordinates":[[[77.67657,12.99126],[77.67556,12.99155],[77.67547,12.99126],[77.67504,12.99137],[77.6748,12.99009],[77.67493,12.9901],[77.67503,12.98716],[77.67472,12.98702],[77.67466,12.98673],[77.67446,12.98673],[77.67579,12.98582],[77.67824,12.98444],[77.67859,12.98408],[77.6798,12.98367],[77.68882,12.97851],[77.69018,12.9818],[77.6916,12.98154],[77.69223,12.98186],[77.69332,12.98187],[77.6935,12.98158],[77.69437,12.98157],[77.6945,12.98138],[77.69518,12.98112],[77.6957,12.98247],[77.69585,12.98392],[77.69559,12.9867],[77.69572,12.98877],[77.69556,12.98899],[77.69556,12.99028],[77.69349,12.99042],[77.69089,12.99156],[77.68968,12.99166],[77.68849,12.99207],[77.68802,12.99153],[77.68743,12.9912],[77.68365,12.99633],[77.68342,12.99623],[77.6832,12.99516],[77.68254,12.99498],[77.68253,12.99482],[77.6791,12.99473],[77.6771,12.99505],[77.67581,12.99327],[77.67593,12.9927],[77.67663,12.99257],[77.67641,12.99176],[77.67668,12.9917],[77.67657,12.99126]]]},"properties":{"osm_id":19883376,"zone_id":"W19883376","label":"Mahadevapura","admin_level":"10"}},{"type":"Feature","geometry":{"type":"Polygon","coordinates":[[[77.59602,12.88162],[77.59713,12.88793],[77.59816,12.89057],[77.59953,12.89035],[77.59988,12.89008],[77.60182,12.88938],[77.60205,12.89015],[77.60193,12.89019],[77.602,12.89049],[77.60329,12.89026],[77.60317,12.88948],[77.60343,12.8894],[77.60381,12.88977],[77.60402,12.88973],[77.60749,12.88846],[77.6088,12.88829],[77.60881,12.8868],[77.61051,12.88685],[77.6102,12.8856],[77.61008,12.88444],[77.61003,12.88046],[77.60947,12.88042],[77.60951,12.88095],[77.60657,12.88128],[77.60668,12.88224],[77.60533,12.88237],[77.60518,12.88135],[77.60427,12.88148],[77.6023,12.88215],[77.6023,12.88257],[77.60127,12.88267],[77.60108,12.88072],[77.59828,12.88102],[77.59696,12.88155],[77.59602,12.88162]]]},"properties":{"osm_id":19883377,"zone_id":"W19883377","label":"Arakere","admin_level":"10"}},{"type":"Feature","geometry":{"type":"Polygon","coordinates":[[[77.57148,12.99342],[77.57161,12.99096],[77.5719,12.98958],[77.57151,12.98948],[77.56882,12.99317],[77.56857,12.99339],[77.56832,12.99338],[77.56721,12.99475],[77.5661,12.99661],[77.56679,12.99686],[77.56873,12.99675],[77.57146,12.99686],[77.5713,13.00332],[77.57217,13.00337],[77.57223,13.00104],[77.57378,13.001],[77.57398,12.9989],[77.57691,12.99892],[77.57823,12.99919],[77.57843,12.99913],[77.57836,12.99809],[77.57832,12.99758],[77.57649,12.99761],[77.57648,12.99718],[77.57594,12.99716],[77.57594,12.99703],[77.57545,12.99686],[77.57403,12.99691],[77.57406,12.9964],[77.57102,12.99631],[77.57106,12.99338],[77.57148,12.99342]]]},"properties":{"osm_id":19883378,"zone_id":"W19883378","label":"Dattatreya Ward","admin_level":"10"}},{"type":"Feature","geometry":{"type":"Polygon","coordinates":[[[77.54438,12.92605],[77.54344,12.92325],[77.54342,12.9218],[77.54287,12.92047],[77.54213,12.91922],[77.54193,12.91822],[77.54317,12.91764],[77.5447,12.91752],[77.54476,12.91829],[77.54672,12.91803],[77.54686,12.91833],[77.54859,12.91804],[77.54856,12.91781],[77.54933,12.91762],[77.5498,12.91942],[77.54864,12.91967],[77.54756,12.91966],[77.54751,12.92057],[77.54811,12.92062],[77.54801,12.92143],[77.54864,12.92138],[77.54895,12.92296],[77.5487,12.92297],[77.54853,12.92197],[77.54775,12.92205],[77.54774,12.92264],[77.54722,12.92257],[77.54719,12.92226],[77.54664,12.92226],[77.54666,12.92269],[77.54535,12.92281],[77.54533,12.92264],[77.54511,12.92266],[77.54529,12.92364],[77.54516,12.92464],[77.54538,12.92536],[77.54504,12.92548],[77.54513,12.92576],[77.54438,12.92605]]]},"properties":{"osm_id":19883379,"zone_id":"W19883379","label":"Chikkalasandra","admin_level":"10"}},{"type":"Feature","geometry":{"type":"Polygon","coordinates":[[[77.54856,12.91781],[77.54846,12.91717],[77.5481,12.91716],[77.54804,12.91649],[77.5506,12.91578],[77.5509,12.91641],[77.55169,12.9172],[77.55201,12.91791],[77.55192,12.91866],[77.55215,12.91975],[77.55264,12.91968],[77.55279,12.92006],[77.55398,12.92097],[77.55432,12.92106],[77.5557,12.92102],[77.55626,12.92299],[77.55144,12.9246],[77.54927,12.92579],[77.54605,12.92821],[77.54248,12.93138],[77.54142,12.93215],[77.54059,12.93037],[77.54046,12.93044],[77.54002,12.92861],[77.54081,12.92841],[77.54102,12.92921],[77.54159,12.92907],[77.54115,12.92669],[77.5418,12.92657],[77.54172,12.9263],[77.54232,12.92614],[77.54241,12.92644],[77.54307,12.92663],[77.54326,12.92634],[77.5439,12.92624],[77.54513,12.92576],[77.54504,12.92548],[77.54538,12.92536],[77.54516,12.92464],[77.54529,12.92364],[77.54511,12.92266],[77.54533,12.92264],[77.54535,12.92281],[77.54666,12.92269],[77.54664,12.92226],[77.54719,12.92226],[77.54722,12.92257],[77.54774,12.92264],[77.54775,12.92205],[77.54853,12.92197],[77.5487,12.92297],[77.54895,12.92296],[77.54864,12.92138],[77.54801,12.92143],[77.54811,12.92062],[77.54751,12.92057],[77.54756,12.91966],[77.54864,12.91967],[77.5498,12.91942],[77.54933,12.91762],[77.54856,12.91781]]]},"properties":{"osm_id":19883380,"zone_id":"W19883380","label":"Kamakya Layout","admin_level":"10"}},{"type":"Feature","geometry":{"type":"Polygon","coordinates":[[[77.54438,12.92605],[77.54344,12.92325],[77.54342,12.9218],[77.542,12.9188],[77.54168,12.91879],[77.54058,12.91805],[77.54035,12.91805],[77.53931,12.91752],[77.53869,12.91783],[77.53836,12.91809],[77.53832,12.91828],[77.53878,12.91865],[77.53856,12.91964],[77.53889,12.92017],[77.53894,12.92074],[77.53922,12.92127],[77.53931,12.92187],[77.53963,12.92194],[77.53983,12.92213],[77.54029,12.92347],[77.54025,12.92414],[77.53995,12.92437],[77.53887,12.92473],[77.53856,12.92453],[77.53894,12.92484],[77.53913,12.92537],[77.53905,12.92594],[77.53871,12.92616],[77.53947,12.92874],[77.54081,12.92841],[77.54102,12.92921],[77.54159,12.92907],[77.54115,12.92669],[77.5418,12.92657],[77.54172,12.9263],[77.54232,12.92614],[77.54241,12.92644],[77.54307,12.92663],[77.54326,12.92634],[77.54438,12.92605]]]},"properties":{"osm_id":19883381,"zone_id":"W19883381","label":"Ittamadu","admin_level":"10"}},{"type":"Feature","geometry":{"type":"Polygon","coordinates":[[[77.63635,13.00396],[77.63665,13.00423],[77.63531,13.00399],[77.63458,13.00399],[77.63171,13.00461],[77.62749,13.00623],[77.62775,13.00693],[77.62949,13.00641],[77.62983,13.00714],[77.62896,13.00739],[77.62905,13.00779],[77.62741,13.00824],[77.62729,13.00883],[77.62746,13.00946],[77.62669,13.0096],[77.62709,13.01176],[77.62564,13.01209],[77.62506,13.01128],[77.62396,13.01021],[77.62324,13.00896],[77.62161,13.00711],[77.6201,13.00492],[77.61955,13.00374],[77.61968,13.00315],[77.62074,13.00229],[77.62035,13.00135],[77.6203,13.00012],[77.62018,12.99996],[77.62236,12.99803],[77.62282,12.99796],[77.62326,12.99808],[77.62456,12.99909],[77.62525,12.99982],[77.62707,13.00099],[77.63415,13.00237],[77.63635,13.00396]]]},"properties":{"osm_id":19883382,"zone_id":"W19883382","label":"Maruthi Seva Nagara","admin_level":"10"}},{"type":"Feature","geometry":{"type":"Polygon","coordinates":[[[77.55751,13.02497],[77.55739,13.02493],[77.55706,13.02625],[77.55668,13.02616],[77.55658,13.0267],[77.5556,13.0268],[77.55569,13.02752],[77.55477,13.02753],[77.55478,13.02779],[77.55443,13.02781],[77.55446,13.02719],[77.55363,13.02721],[77.55403,13.02476],[77.55275,13.02455],[77.55286,13.02416],[77.55256,13.02414],[77.55235,13.02415],[77.5513,13.02502],[77.55077,13.02471],[77.55389,13.01919],[77.55434,13.01982],[77.55549,13.01984],[77.55677,13.02276],[77.55751,13.02497]]]},"properties":{"osm_id":19883383,"zone_id":"W19883383","label":"Yeshwanthpura","admin_level":"10"}},{"type":"Feature","geometry":{"type":"Polygon","coordinates":[[[77.60598,12.95803],[77.6066,12.96147],[77.60674,12.96288],[77.6068,12.96625],[77.60877,12.96667],[77.61112,12.9634],[77.61242,12.96182],[77.61271,12.96163],[77.61603,12.96158],[77.61893,12.96246],[77.61767,12.96532],[77.61964,12.96556],[77.62001,12.96619],[77.62052,12.96667],[77.61997,12.96823],[77.61949,12.97238],[77.61385,12.97373],[77.61439,12.9753],[77.59776,12.98075],[77.59751,12.98054],[77.59932,12.97666],[77.59505,12.97344],[77.59395,12.97202],[77.59516,12.96628],[77.59594,12.96513],[77.5964,12.96489],[77.59702,12.96486],[77.60264,12.96564],[77.60259,12.96479],[77.60217,12.96297],[77.60304,12.96285],[77.60259,12.96138],[77.60296,12.96124],[77.60246,12.95976],[77.60378,12.95927],[77.60461,12.95862],[77.60598,12.95803]]]},"properties":{"osm_id":19883384,"zone_id":"W19883384","label":"Ashokanagar","admin_level":"10"}},{"type":"Feature","geometry":{"type":"Polygon","coordinates":[[[77.56424,12.9462],[77.56424,12.94852],[77.56283,12.94911],[77.56235,12.94894],[77.5615,12.94926],[77.56212,12.94991],[77.56227,12.95036],[77.56229,12.95081],[77.56179,12.95165],[77.56169,12.95337],[77.5612,12.95334],[77.56036,12.95366],[77.55981,12.95368],[77.55848,12.95313],[77.55653,12.95326],[77.55597,12.95241],[77.55565,12.95166],[77.55714,12.95118],[77.55759,12.95082],[77.55767,12.95041],[77.55806,12.95031],[77.55807,12.95014],[77.55676,12.94997],[77.55635,12.95025],[77.55539,12.95046],[77.5556,12.95174],[77.55493,12.95183],[77.55427,12.95179],[77.55415,12.95133],[77.55384,12.95129],[77.55377,12.9508],[77.55339,12.95067],[77.55433,12.94936],[77.55398,12.94911],[77.55523,12.94746],[77.55536,12.9482],[77.55686,12.94791],[77.55662,12.94635],[77.5586,12.94597],[77.55862,12.94612],[77.55953,12.946],[77.55969,12.9461],[77.55979,12.94659],[77.56014,12.94657],[77.56017,12.94693],[77.56125,12.94682],[77.56128,12.94715],[77.56228,12.94695],[77.56198,12.94651],[77.56334,12.94653],[77.56333,12.94624],[77.56424,12.9462]]]},"properties":{"osm_id":19883385,"zone_id":"W19883385","label":"Kempambudhi Ward","admin_level":"10"}},{"type":"Feature","geometry":{"type":"Polygon","coordinates":[[[77.62095,13.00966],[77.62065,13.01058],[77.6207,13.01149],[77.623,13.01681],[77.6226,13.01708],[77.62227,13.01644],[77.62185,13.01663],[77.62175,13.01645],[77.62205,13.01629],[77.6219,13.01602],[77.62207,13.01593],[77.62153,13.01507],[77.62133,13.01532],[77.62017,13.01551],[77.619,13.01605],[77.61878,13.0156],[77.61847,13.0157],[77.61834,13.01547],[77.6177,13.01575],[77.61617,13.01204],[77.61534,13.01076],[77.61606,13.01034],[77.61851,13.00943],[77.61908,13.00891],[77.62013,13.00909],[77.62095,13.00966]]]},"properties":{"osm_id":19883386,"zone_id":"W19883386","label":"Venkateshpuram","admin_level":"10"}},{"type":"Feature","geometry":{"type":"Polygon","coordinates":[[[77.56424,12.9462],[77.56333,12.94624],[77.56334,12.94653],[77.56198,12.94651],[77.56228,12.94695],[77.56128,12.94715],[77.56125,12.94682],[77.56017,12.94693],[77.56014,12.94657],[77.55979,12.94659],[77.55969,12.9461],[77.55953,12.946],[77.55862,12.94612],[77.5586,12.94597],[77.55662,12.94635],[77.55686,12.94791],[77.55536,12.9482],[77.55523,12.94746],[77.5545,12.94836],[77.55323,12.94861],[77.55317,12.94841],[77.55293,12.94837],[77.55286,12.94753],[77.55309,12.94602],[77.55249,12.94608],[77.55243,12.94464],[77.54946,12.94499],[77.54979,12.94349],[77.55005,12.94299],[77.55028,12.94291],[77.55026,12.94263],[77.55066,12.94263],[77.55079,12.94309],[77.5511,12.94303],[77.55083,12.94209],[77.55241,12.94198],[77.55257,12.94395],[77.55369,12.94382],[77.55374,12.9443],[77.55325,12.94425],[77.55319,12.94467],[77.55346,12.9447],[77.55348,12.94589],[77.55489,12.94567],[77.55495,12.94636],[77.55605,12.94633],[77.55726,12.94486],[77.55739,12.94549],[77.55852,12.94541],[77.55842,12.94454],[77.55994,12.94464],[77.55985,12.94572],[77.56068,12.94573],[77.56072,12.9447],[77.56153,12.94479],[77.5615,12.94566],[77.56191,12.94568],[77.56202,12.94422],[77.56315,12.9442],[77.56321,12.94388],[77.56348,12.94391],[77.56385,12.94421],[77.56425,12.94425],[77.56424,12.9462]]]},"properties":{"osm_id":19883387,"zone_id":"W19883387","label":"T.R Shamanna Nagar","admin_level":"10"}},{"type":"Feature","geometry":{"type":"Polygon","coordinates":[[[77.57962,12.93306],[77.58486,12.9329],[77.58491,12.93663],[77.58004,12.93677],[77.57768,12.93969],[77.57776,12.9406],[77.57384,12.94063],[77.57382,12.93477],[77.57167,12.93496],[77.57151,12.93337],[77.57071,12.93345],[77.56928,12.93385],[77.5692,12.93357],[77.56815,12.93374],[77.56786,12.9327],[77.56892,12.9325],[77.56889,12.93237],[77.57092,12.93183],[77.5714,12.9325],[77.57117,12.93028],[77.57224,12.93028],[77.57209,12.92972],[77.57504,12.92921],[77.57527,12.9303],[77.57631,12.93041],[77.57616,12.93087],[77.57708,12.93087],[77.57706,12.93244],[77.57777,12.93293],[77.57823,12.93309],[77.57962,12.93306]]]},"properties":{"osm_id":19883388,"zone_id":"W19883388","label":"Yediyuru","admin_level":"10"}},{"type":"Feature","geometry":{"type":"Polygon","coordinates":[[[77.56786,12.9327],[77.56737,12.93184],[77.56668,12.92995],[77.56369,12.9305],[77.56367,12.93039],[77.56253,12.93071],[77.56191,12.93059],[77.56092,12.92996],[77.56091,12.93011],[77.55927,12.93179],[77.55988,12.93224],[77.55964,12.93274],[77.5586,12.93213],[77.55841,12.93243],[77.55791,12.93233],[77.55709,12.93192],[77.5572,12.93171],[77.55651,12.93139],[77.55617,12.92984],[77.55631,12.92869],[77.556,12.92866],[77.55593,12.92886],[77.55511,12.92855],[77.55464,12.92852],[77.55469,12.92894],[77.55376,12.92927],[77.55357,12.92906],[77.55328,12.92907],[77.55355,12.93047],[77.55501,12.93138],[77.55616,12.93251],[77.55802,12.93358],[77.55772,12.93552],[77.55757,12.93581],[77.55849,12.93565],[77.55845,12.93527],[77.55948,12.93505],[77.55932,12.93428],[77.56032,12.93457],[77.56007,12.933],[77.56086,12.93307],[77.56169,12.93277],[77.5618,12.93317],[77.5634,12.93255],[77.56349,12.93274],[77.56488,12.93218],[77.56504,12.93261],[77.56519,12.93258],[77.56547,12.93355],[77.56758,12.93318],[77.56772,12.93382],[77.56812,12.93379],[77.56786,12.9327]]]},"properties":{"osm_id":19883389,"zone_id":"W19883389","label":"Thyagarajnagar","admin_level":"10"}},{"type":"Feature","geometry":{"type":"Polygon","coordinates":[[[77.57384,12.94063],[77.57382,12.93477],[77.57167,12.93496],[77.57151,12.93337],[77.57071,12.93345],[77.56928,12.93385],[77.5692,12.93357],[77.56772,12.93382],[77.56758,12.93318],[77.56547,12.93355],[77.56519,12.93258],[77.56504,12.93261],[77.56488,12.93218],[77.56349,12.93274],[77.5634,12.93255],[77.5618,12.93317],[77.56195,12.93382],[77.56227,12.93439],[77.56275,12.93425],[77.5625,12.93381],[77.56268,12.93344],[77.56384,12.93662],[77.56404,12.93665],[77.5645,12.93745],[77.56452,12.9393],[77.56591,12.93933],[77.56595,12.93991],[77.56608,12.94012],[77.56665,12.94018],[77.56677,12.94133],[77.56784,12.9428],[77.56784,12.9436],[77.57378,12.94368],[77.57384,12.94063]]]},"properties":{"osm_id":19883390,"zone_id":"W19883390","label":"N.R Colony","admin_level":"10"}},{"type":"Feature","geometry":{"type":"Polygon","coordinates":[[[77.55751,13.02497],[77.55774,13.02577],[77.55998,13.03093],[77.55738,13.03468],[77.55758,13.03611],[77.5573,13.03854],[77.55342,13.03871],[77.55327,13.03655],[77.55347,13.03604],[77.55384,13.03361],[77.55428,13.03271],[77.55271,13.0317],[77.55163,13.03073],[77.55359,13.03066],[77.55353,13.02942],[77.55509,13.02939],[77.55507,13.0284],[77.55559,13.02839],[77.55561,13.02814],[77.55519,13.02816],[77.55517,13.02779],[77.55478,13.02779],[77.55477,13.02753],[77.55569,13.02752],[77.5556,13.0268],[77.55658,13.0267],[77.55668,13.02616],[77.55706,13.02625],[77.55739,13.02493],[77.55751,13.02497]]]},"properties":{"osm_id":19883391,"zone_id":"W19883391","label":"Brundavana Nagara","admin_level":"10"}},{"type":"Feature","geometry":{"type":"Polygon","coordinates":[[[77.61901,13.02057],[77.62042,13.02055],[77.62072,13.02188],[77.62113,13.02178],[77.62138,13.02283],[77.62054,13.023],[77.62077,13.02463],[77.61965,13.02484],[77.62005,13.02621],[77.61698,13.02756],[77.61576,13.0288],[77.61566,13.02873],[77.61613,13.02812],[77.61612,13.02784],[77.61359,13.02583],[77.61256,13.02362],[77.61273,13.02217],[77.61276,13.02039],[77.61382,13.02019],[77.61407,13.02065],[77.61455,13.02082],[77.61549,13.02051],[77.61731,13.02036],[77.61757,13.02055],[77.61785,13.02111],[77.61911,13.0213],[77.61901,13.02057]]]},"properties":{"osm_id":19883392,"zone_id":"W19883392","label":"Samadhana Nagar","admin_level":"10"}},{"type":"Feature","geometry":{"type":"Polygon","coordinates":[[[77.5801,13.02651],[77.57897,13.02879],[77.57772,13.03041],[77.57676,13.03208],[77.5755,13.03466],[77.57438,13.0346],[77.57432,13.03498],[77.57383,13.03508],[77.57378,13.03526],[77.5717,13.03512],[77.57172,13.03473],[77.57188,13.03469],[77.57192,13.03339],[77.57013,13.03448],[77.56902,13.03604],[77.56891,13.0379],[77.57009,13.03789],[77.57003,13.04195],[77.57139,13.04657],[77.57158,13.0467],[77.57271,13.0468],[77.57276,13.04724],[77.57017,13.04708],[77.56613,13.0466],[77.56493,13.04615],[77.56416,13.0456],[77.56211,13.04198],[77.56544,13.03767],[77.56799,13.03484],[77.56948,13.03288],[77.56999,13.032],[77.57125,13.02846],[77.57768,13.02726],[77.57773,13.02689],[77.5801,13.02651]]]},"properties":{"osm_id":19883393,"zone_id":"W19883393","label":"Geddalahalli","admin_level":"10"}},{"type":"Feature","geometry":{"type":"Polygon","coordinates":[[[77.60598,12.95803],[77.60461,12.95862],[77.60378,12.95927],[77.60246,12.95976],[77.60296,12.96124],[77.60259,12.96138],[77.60304,12.96285],[77.60217,12.96297],[77.60259,12.96479],[77.60264,12.96564],[77.59869,12.96513],[77.59692,12.96485],[77.59599,12.96328],[77.59454,12.96205],[77.59223,12.95605],[77.59941,12.95039],[77.60024,12.94978],[77.60048,12.94973],[77.60071,12.94982],[77.60005,12.95103],[77.59987,12.95099],[77.59971,12.95144],[77.60048,12.95349],[77.6018,12.95301],[77.60185,12.95309],[77.6029,12.95256],[77.60291,12.95187],[77.60378,12.95146],[77.60416,12.95218],[77.60512,12.95272],[77.60598,12.95803]]]},"properties":{"osm_id":19883394,"zone_id":"W19883394","label":"Shanthinagar","admin_level":"10"}},{"type":"Feature","geometry":{"type":"Polygon","coordinates":[[[77.52355,13.07087],[77.52481,13.07104],[77.52515,13.07124],[77.52549,13.07118],[77.52558,13.07172],[77.52535,13.07194],[77.5236,13.07251],[77.52417,13.07481],[77.52545,13.07348],[77.52597,13.07604],[77.52673,13.07595],[77.52657,13.07659],[77.5301,13.07612],[77.53037,13.07784],[77.53078,13.07787],[77.53096,13.0763],[77.53112,13.07586],[77.53152,13.07561],[77.53124,13.07407],[77.53138,13.07319],[77.53183,13.07248],[77.53162,13.07228],[77.53098,13.06977],[77.53212,13.06905],[77.53234,13.06865],[77.53396,13.06732],[77.53394,13.06603],[77.53473,13.06374],[77.5352,13.06325],[77.53501,13.06316],[77.53385,13.06005],[77.53445,13.05913],[77.53357,13.05888],[77.53347,13.05954],[77.53269,13.05973],[77.5328,13.05835],[77.53225,13.05817],[77.53175,13.05936],[77.53107,13.06179],[77.52974,13.06157],[77.52861,13.06241],[77.52719,13.06312],[77.52735,13.06324],[77.5245,13.06439],[77.52481,13.06534],[77.52465,13.06542],[77.52499,13.06683],[77.52514,13.06712],[77.52555,13.06703],[77.52571,13.06928],[77.52491,13.06971],[77.52352,13.06987],[77.52344,13.07009],[77.52355,13.07087]]]},"properties":{"osm_id":19883395,"zone_id":"W19883395","label":"Kammagondanahalli","admin_level":"10"}},{"type":"Feature","geometry":{"type":"Polygon","coordinates":[[[77.60846,13.0051],[77.60836,13.0049],[77.6102,13.00418],[77.61133,13.00593],[77.61063,13.0061],[77.61092,13.00767],[77.61082,13.00769],[77.61079,13.00885],[77.61044,13.00893],[77.61016,13.00927],[77.60652,13.00946],[77.60672,13.01049],[77.6071,13.01135],[77.60491,13.01228],[77.60376,13.0125],[77.60359,13.013],[77.60385,13.01451],[77.6044,13.01445],[77.60458,13.01521],[77.60551,13.01511],[77.60575,13.01519],[77.60598,13.01463],[77.60641,13.01465],[77.60741,13.01438],[77.60714,13.01347],[77.60788,13.01316],[77.60755,13.01242],[77.60847,13.012],[77.60814,13.01118],[77.60948,13.01095],[77.60973,13.0103],[77.61058,13.01011],[77.61064,13.01033],[77.61111,13.01012],[77.6113,13.01018],[77.61206,13.01],[77.61184,13.00917],[77.61291,13.00887],[77.61286,13.00856],[77.61226,13.00865],[77.61214,13.00821],[77.61288,13.0079],[77.61238,13.00612],[77.61213,13.0016],[77.61043,13.00067],[77.61002,13.00082],[77.60927,13.00145],[77.60932,13.00197],[77.60906,13.0025],[77.60864,13.00278],[77.60886,13.00369],[77.60829,13.0039],[77.60851,13.00438],[77.60815,13.00454],[77.60846,13.0051]]]},"properties":{"osm_id":19883396,"zone_id":"W19883396","label":"Doddanna Nagar","admin_level":"10"}},{"type":"Feature","geometry":{"type":"Polygon","coordinates":[[[77.60466,13.03399],[77.60479,13.03219],[77.60019,13.03278],[77.60029,13.0311],[77.60017,13.03077],[77.59969,13.03019],[77.59939,13.02867],[77.60006,13.02676],[77.60055,13.0265],[77.60066,13.02628],[77.60043,13.0257],[77.60048,13.02486],[77.5999,13.02351],[77.59925,13.0236],[77.59888,13.02348],[77.59854,13.02244],[77.59811,13.02255],[77.59778,13.02136],[77.59795,13.0213],[77.59746,13.02009],[77.59715,13.02018],[77.59689,13.01961],[77.5936,13.02046],[77.59452,13.02376],[77.59612,13.02325],[77.59624,13.02366],[77.59687,13.02355],[77.59708,13.02443],[77.59716,13.02727],[77.5968,13.02732],[77.59678,13.0289],[77.59727,13.02887],[77.59725,13.02946],[77.59799,13.02947],[77.59803,13.03012],[77.59864,13.03001],[77.59871,13.03034],[77.59861,13.03037],[77.59903,13.03213],[77.59916,13.03213],[77.59926,13.03326],[77.6004,13.0333],[77.6017,13.03414],[77.60203,13.03405],[77.60194,13.03343],[77.6029,13.0333],[77.60347,13.03329],[77.60353,13.03403],[77.60466,13.03399]]]},"properties":{"osm_id":19883397,"zone_id":"W19883397","label":"Dinnur","admin_level":"10"}},{"type":"Feature","geometry":{"type":"Polygon","coordinates":[[[77.5945,12.94434],[77.59465,12.9447],[77.59521,12.94537],[77.59309,12.94662],[77.59418,12.94742],[77.5935,12.94874],[77.59081,12.94733],[77.58987,12.94641],[77.588,12.94616],[77.58815,12.94575],[77.58983,12.94577],[77.58959,12.94509],[77.59063,12.94471],[77.59042,12.94423],[77.59093,12.94401],[77.59054,12.94334],[77.59005,12.94313],[77.59068,12.94277],[77.59117,12.94374],[77.59141,12.94362],[77.59167,12.94428],[77.59183,12.94426],[77.59186,12.94438],[77.5922,12.94424],[77.59338,12.94417],[77.5945,12.94434]]]},"properties":{"osm_id":19883398,"zone_id":"W19883398","label":"Venkat Reddy Nagara","admin_level":"10"}},{"type":"Feature","geometry":{"type":"Polygon","coordinates":[[[77.70605,12.99928],[77.70424,12.99953],[77.70405,12.99832],[77.70344,12.99741],[77.70301,12.99703],[77.7029,12.99643],[77.70276,12.99634],[77.70261,12.99581],[77.70283,12.99569],[77.70277,12.99519],[77.70225,12.9938],[77.70575,12.99296],[77.70828,12.98486],[77.70829,12.98426],[77.71007,12.98483],[77.71019,12.98813],[77.7108,12.98843],[77.71099,12.98836],[77.71155,12.98869],[77.71229,12.98862],[77.71219,12.98733],[77.71192,12.98728],[77.71191,12.98683],[77.71344,12.98676],[77.71352,12.98649],[77.71348,12.98505],[77.71235,12.98391],[77.71259,12.98385],[77.71353,12.98303],[77.71388,12.98241],[77.7149,12.98204],[77.715,12.98144],[77.71543,12.98156],[77.71553,12.98142],[77.71577,12.98146],[77.71602,12.98094],[77.71706,12.98087],[77.71709,12.98102],[77.72138,12.98047],[77.72744,12.98022],[77.72784,12.98201],[77.72889,12.98403],[77.73023,12.98552],[77.73186,12.98656],[77.73176,12.98815],[77.72616,12.98924],[77.72455,12.99008],[77.72149,12.99102],[77.71957,12.99219],[77.71638,12.99231],[77.71444,12.99181],[77.71406,12.99181],[77.71095,12.99274],[77.70907,12.99284],[77.70929,12.99397],[77.70929,12.99501],[77.70826,12.99608],[77.70826,12.99673],[77.70894,12.99753],[77.7093,12.99749],[77.70935,12.99785],[77.70867,12.99784],[77.70874,12.99869],[77.70605,12.99928]]]},"properties":{"osm_id":19883399,"zone_id":"W19883399","label":"Kaveri Nagara","admin_level":"10"}},{"type":"Feature","geometry":{"type":"Polygon","coordinates":[[[77.60071,12.94982],[77.60005,12.95103],[77.59987,12.95099],[77.59971,12.95144],[77.60048,12.95349],[77.6018,12.95301],[77.60185,12.95309],[77.6029,12.95256],[77.60291,12.95187],[77.60378,12.95146],[77.60416,12.95218],[77.60517,12.9528],[77.6066,12.96147],[77.60674,12.96288],[77.6068,12.96625],[77.60877,12.96667],[77.61112,12.9634],[77.61248,12.96177],[77.61185,12.95625],[77.61133,12.95461],[77.61153,12.95438],[77.61233,12.95406],[77.61253,12.95367],[77.61189,12.95203],[77.6115,12.94987],[77.61131,12.94979],[77.61122,12.94938],[77.61024,12.94944],[77.60619,12.95002],[77.60574,12.94997],[77.60569,12.95012],[77.60344,12.95055],[77.60071,12.94982]]]},"properties":{"osm_id":19883400,"zone_id":"W19883400","label":"Vinayakanagar","admin_level":"10"}},{"type":"Feature","geometry":{"type":"Polygon","coordinates":[[[77.48817,12.93282],[77.48879,12.93277],[77.49046,12.9323],[77.49136,12.93338],[77.49142,12.93201],[77.49274,12.93187],[77.49307,12.93162],[77.49343,12.93214],[77.49373,12.93209],[77.49425,12.93292],[77.49628,12.93185],[77.49641,12.93153],[77.49914,12.9308],[77.50008,12.93537],[77.49914,12.93571],[77.49968,12.93803],[77.49934,12.93846],[77.4972,12.93994],[77.49719,12.94005],[77.49776,12.94132],[77.49948,12.94379],[77.49954,12.94404],[77.49982,12.94397],[77.49993,12.94446],[77.50031,12.94432],[77.50074,12.94666],[77.49856,12.94733],[77.49677,12.94744],[77.49673,12.94729],[77.49267,12.94771],[77.49072,12.94759],[77.4906,12.94735],[77.48861,12.94906],[77.48546,12.94422],[77.48518,12.94368],[77.48484,12.9421],[77.48323,12.94201],[77.48313,12.9411],[77.48339,12.94076],[77.48429,12.9404],[77.48461,12.9401],[77.4869,12.93951],[77.48675,12.93885],[77.48661,12.93885],[77.48658,12.93791],[77.48648,12.93751],[77.48638,12.93752],[77.48625,12.93654],[77.48669,12.93644],[77.48603,12.93374],[77.48782,12.93327],[77.48817,12.93282]]]},"properties":{"osm_id":19883401,"zone_id":"W19883401","label":"Nagadevanahalli","admin_level":"10"}},{"type":"Feature","geometry":{"type":"Polygon","coordinates":[[[77.62018,12.99996],[77.62415,12.99644],[77.62543,12.99555],[77.62695,12.99494],[77.62915,12.99447],[77.62889,12.99419],[77.6291,12.99427],[77.63178,12.99381],[77.63084,12.98968],[77.62714,12.9889],[77.62255,12.98769],[77.61931,12.9872],[77.61955,12.98961],[77.61936,12.99169],[77.6176,12.99509],[77.61678,12.99575],[77.61794,12.99828],[77.61898,12.99877],[77.61941,12.99941],[77.62018,12.99996]]]},"properties":{"osm_id":19883402,"zone_id":"W19883402","label":"Cox Town","admin_level":"10"}},{"type":"Feature","geometry":{"type":"Polygon","coordinates":[[[77.54555,12.92863],[77.54871,12.92615],[77.5504,12.92514],[77.5521,12.92434],[77.55447,12.92359],[77.55492,12.9252],[77.55514,12.92551],[77.55634,12.9265],[77.55829,12.9278],[77.55914,12.9282],[77.56011,12.92937],[77.56095,12.93005],[77.55927,12.93179],[77.55988,12.93224],[77.55964,12.93274],[77.5586,12.93213],[77.55841,12.93243],[77.55791,12.93233],[77.55709,12.93192],[77.5572,12.93171],[77.55651,12.93139],[77.55617,12.92984],[77.55631,12.92869],[77.556,12.92866],[77.55593,12.92886],[77.55511,12.92855],[77.55464,12.92852],[77.55469,12.92894],[77.55376,12.92927],[77.55357,12.92906],[77.55328,12.92907],[77.55355,12.93047],[77.55501,12.93138],[77.55616,12.93251],[77.55661,12.93278],[77.55653,12.93451],[77.5555,12.93458],[77.55479,12.93284],[77.55331,12.9334],[77.55287,12.9321],[77.55251,12.93223],[77.55242,12.9321],[77.55157,12.93233],[77.55166,12.93273],[77.5514,12.9328],[77.55161,12.9335],[77.55107,12.93367],[77.55064,12.93331],[77.55035,12.93362],[77.5508,12.93401],[77.55111,12.93482],[77.55086,12.93489],[77.55078,12.93488],[77.55092,12.93472],[77.54941,12.93331],[77.54555,12.92863]]]},"properties":{"osm_id":19883403,"zone_id":"W19883403","label":"Kathriguppe","admin_level":"10"}},{"type":"Feature","geometry":{"type":"Polygon","coordinates":[[[77.57353,12.95736],[77.57374,12.95758],[77.57508,12.96108],[77.57603,12.96226],[77.57685,12.96416],[77.57824,12.96371],[77.57981,12.96361],[77.57967,12.9619],[77.58179,12.96132],[77.58313,12.96062],[77.58233,12.95915],[77.58279,12.95892],[77.58286,12.95906],[77.58453,12.95853],[77.58472,12.95854],[77.58505,12.95961],[77.58676,12.95906],[77.58627,12.95781],[77.58572,12.95556],[77.58369,12.95631],[77.58346,12.95462],[77.58243,12.95478],[77.58272,12.9574],[77.58014,12.95896],[77.5801,12.9566],[77.57962,12.95524],[77.57731,12.95629],[77.57353,12.95736]]]},"properties":{"osm_id":19883404,"zone_id":"W19883404","label":"D.V Gundappa Ward","admin_level":"10"}},{"type":"Feature","geometry":{"type":"Polygon","coordinates":[[[77.58084,12.99724],[77.57923,12.99546],[77.57711,12.99366],[77.57795,12.99209],[77.57757,12.99174],[77.57639,12.99208],[77.57645,12.99259],[77.57624,12.99277],[77.57541,12.99191],[77.57418,12.99279],[77.57393,12.99391],[77.57354,12.99368],[77.57284,12.99351],[77.57106,12.99338],[77.57102,12.99631],[77.57406,12.9964],[77.57403,12.99691],[77.57545,12.99686],[77.57594,12.99703],[77.57594,12.99716],[77.57648,12.99718],[77.57649,12.99761],[77.57832,12.99758],[77.57945,12.99746],[77.57945,12.99733],[77.58084,12.99724]]]},"properties":{"osm_id":19883405,"zone_id":"W19883405","label":"Seshadripuram","admin_level":"10"}},{"type":"Feature","geometry":{"type":"Polygon","coordinates":[[[77.5495,12.95228],[77.5509,12.95206],[77.55128,12.95212],[77.55148,12.95198],[77.55158,12.95207],[77.55277,12.95056],[77.55327,12.95083],[77.55433,12.94936],[77.55398,12.94911],[77.5545,12.94836],[77.55324,12.94861],[77.55317,12.94841],[77.55293,12.94837],[77.55286,12.94753],[77.55309,12.94602],[77.55249,12.94608],[77.55243,12.94464],[77.54946,12.94501],[77.54982,12.94772],[77.54955,12.94782],[77.54981,12.94843],[77.55007,12.95019],[77.55003,12.95091],[77.5493,12.95133],[77.5495,12.95228]]]},"properties":{"osm_id":19883406,"zone_id":"W19883406","label":"Srinagar","admin_level":"10"}},{"type":"Feature","geometry":{"type":"Polygon","coordinates":[[[77.52276,13.01888],[77.522,13.01827],[77.52198,13.01793],[77.52238,13.01493],[77.52304,13.01295],[77.52283,13.01279],[77.5214,13.01246],[77.52122,13.01264],[77.52034,13.01247],[77.51969,13.01265],[77.51855,13.01267],[77.51873,13.01249],[77.51868,13.0121],[77.51914,13.01092],[77.51914,13.01051],[77.5188,13.01008],[77.52048,13.00956],[77.52051,13.00966],[77.52198,13.00931],[77.5221,13.01004],[77.52264,13.00978],[77.52483,13.00925],[77.52505,13.01035],[77.52645,13.01004],[77.5265,13.01088],[77.52631,13.01267],[77.5264,13.01312],[77.52624,13.0135],[77.52636,13.01507],[77.52614,13.01547],[77.52649,13.01578],[77.52658,13.01686],[77.5253,13.017],[77.52522,13.01742],[77.52276,13.01888]]]},"properties":{"osm_id":19883407,"zone_id":"W19883407","label":"Laggere","admin_level":"10"}},{"type":"Feature","geometry":{"type":"Polygon","coordinates":[[[77.61504,12.90891],[77.61489,12.90847],[77.61469,12.90841],[77.61407,12.90734],[77.61397,12.90684],[77.61348,12.90632],[77.613,12.90549],[77.61264,12.90461],[77.60931,12.90503],[77.6094,12.90547],[77.60839,12.9059],[77.60625,12.90563],[77.60385,12.90581],[77.60402,12.9087],[77.60023,12.90853],[77.59993,12.91173],[77.60121,12.91184],[77.60306,12.91167],[77.60373,12.91173],[77.60376,12.91093],[77.60491,12.91083],[77.60599,12.91092],[77.60596,12.91169],[77.60639,12.91168],[77.60649,12.91038],[77.60696,12.91036],[77.60697,12.91051],[77.60822,12.91046],[77.6081,12.90943],[77.6102,12.9092],[77.61011,12.90949],[77.61056,12.90946],[77.61068,12.91008],[77.61283,12.90998],[77.61318,12.90995],[77.61309,12.90944],[77.61504,12.90891]]]},"properties":{"osm_id":19883408,"zone_id":"W19883408","label":"N.S Palya","admin_level":"10"}},{"type":"Feature","geometry":{"type":"Polygon","coordinates":[[[77.60915,12.98573],[77.60975,12.98863],[77.61132,12.98833],[77.61187,12.9895],[77.61326,12.98922],[77.61395,12.9906],[77.61259,12.99129],[77.61116,12.99175],[77.60882,12.99346],[77.60754,12.99354],[77.60736,12.99341],[77.60727,12.99302],[77.60706,12.98955],[77.60714,12.9868],[77.60824,12.98647],[77.60915,12.98573]]]},"properties":{"osm_id":19883409,"zone_id":"W19883409","label":"Bharathi Nagar","admin_level":"10"}},{"type":"Feature","geometry":{"type":"Polygon","coordinates":[[[77.60895,12.99338],[77.60879,12.99369],[77.60782,12.99445],[77.60974,12.99769],[77.61104,13.00028],[77.61201,13.00118],[77.61213,13.0016],[77.61043,13.00067],[77.61002,13.00082],[77.6092,13.00154],[77.60932,13.00197],[77.60906,13.0025],[77.60864,13.00278],[77.60886,13.00369],[77.60829,13.0039],[77.60851,13.00438],[77.60815,13.00454],[77.60846,13.0051],[77.60524,13.00667],[77.60494,13.00598],[77.6047,13.00607],[77.6038,13.00432],[77.60387,13.00353],[77.60259,13.00156],[77.60233,13.00132],[77.60152,13.00144],[77.60159,13.00051],[77.6017,13.00055],[77.60185,12.99988],[77.6024,12.99952],[77.60378,12.99908],[77.6046,12.99867],[77.6048,12.99851],[77.60509,12.99779],[77.60647,12.99782],[77.60675,12.99942],[77.60685,12.99949],[77.60877,12.99897],[77.60563,12.99424],[77.60294,12.99517],[77.60068,12.9957],[77.5966,12.99455],[77.59659,12.99444],[77.60182,12.99248],[77.60286,12.9924],[77.60387,12.99273],[77.60425,12.99212],[77.60457,12.99196],[77.60498,12.99135],[77.60529,12.99064],[77.60536,12.99015],[77.60642,12.99015],[77.60716,12.99032],[77.60727,12.99302],[77.6074,12.99348],[77.60895,12.99338]]]},"properties":{"osm_id":19883410,"zone_id":"W19883410","label":"S.K Garden","admin_level":"10"}},{"type":"Feature","geometry":{"type":"Polygon","coordinates":[[[77.63977,12.9515],[77.64077,12.9532],[77.64126,12.9543],[77.64129,12.9547],[77.64333,12.95466],[77.64374,12.95637],[77.64331,12.95789],[77.64375,12.95791],[77.64306,12.95835],[77.64242,12.96051],[77.64167,12.96057],[77.64168,12.96248],[77.64132,12.96861],[77.63731,12.9683],[77.63709,12.9668],[77.63705,12.96687],[77.63506,12.96521],[77.6349,12.96539],[77.63428,12.96542],[77.63435,12.96462],[77.63424,12.96344],[77.63514,12.9634],[77.63522,12.9625],[77.63469,12.96257],[77.63453,12.96173],[77.63427,12.96171],[77.63475,12.96115],[77.63584,12.95795],[77.6382,12.95775],[77.63813,12.95742],[77.63753,12.95694],[77.63721,12.95697],[77.63696,12.95649],[77.63634,12.95658],[77.63667,12.95522],[77.63977,12.9515]]]},"properties":{"osm_id":19883411,"zone_id":"W19883411","label":"Domluru","admin_level":"10"}},{"type":"Feature","geometry":{"type":"Polygon","coordinates":[[[77.58889,12.86984],[77.58883,12.87265],[77.5873,12.87319],[77.58608,12.87404],[77.58624,12.87446],[77.58917,12.87644],[77.58959,12.87693],[77.5896,12.87785],[77.59019,12.87918],[77.59061,12.88136],[77.58543,12.87861],[77.58529,12.87759],[77.58395,12.87761],[77.58423,12.87982],[77.58377,12.8815],[77.58198,12.88137],[77.57941,12.88086],[77.57902,12.88191],[77.5785,12.88181],[77.57644,12.88193],[77.57636,12.88136],[77.57578,12.88142],[77.57635,12.87997],[77.57656,12.878],[77.57715,12.87712],[77.57741,12.87609],[77.57816,12.87615],[77.57818,12.87585],[77.57959,12.87499],[77.58107,12.87528],[77.58147,12.87522],[77.58115,12.87411],[77.58072,12.8741],[77.58044,12.87383],[77.57966,12.87202],[77.57943,12.8719],[77.57946,12.87115],[77.57531,12.8708],[77.57509,12.8697],[77.57437,12.86988],[77.57372,12.86743],[77.57221,12.8679],[77.56981,12.86826],[77.56972,12.86794],[77.56824,12.86853],[77.56686,12.86933],[77.56616,12.86944],[77.56612,12.86867],[77.56518,12.86648],[77.56571,12.86525],[77.56567,12.86455],[77.56496,12.86317],[77.5644,12.86251],[77.56477,12.86234],[77.56525,12.86231],[77.56543,12.86263],[77.56625,12.86243],[77.56693,12.8637],[77.56816,12.86365],[77.56914,12.86339],[77.5693,12.864],[77.57167,12.86362],[77.57162,12.86227],[77.57124,12.86231],[77.57116,12.86118],[77.57098,12.86072],[77.57184,12.86047],[77.57194,12.86049],[77.57198,12.86078],[77.57409,12.86034],[77.57392,12.85921],[77.57561,12.85881],[77.57596,12.86017],[77.57642,12.86014],[77.57783,12.85962],[77.5778,12.85873],[77.57992,12.85837],[77.58132,12.85828],[77.58159,12.85986],[77.58309,12.8596],[77.58379,12.86054],[77.58538,12.86016],[77.58542,12.86089],[77.58499,12.8622],[77.58517,12.86258],[77.58518,12.86339],[77.58558,12.86418],[77.58587,12.86581],[77.58539,12.86603],[77.58556,12.86687],[77.58577,12.86682],[77.58642,12.8679],[77.58741,12.86904],[77.58799,12.86947],[77.58889,12.86984]]]},"properties":{"osm_id":19883412,"zone_id":"W19883412","label":"Kothanur","admin_level":"10"}},{"type":"Feature","geometry":{"type":"Polygon","coordinates":[[[77.55342,13.03871],[77.55327,13.03655],[77.55347,13.03604],[77.55384,13.03361],[77.55428,13.03271],[77.55271,13.0317],[77.55163,13.03073],[77.55359,13.03066],[77.55353,13.02942],[77.55509,13.02939],[77.55507,13.0284],[77.55559,13.02839],[77.55561,13.02814],[77.55519,13.02816],[77.55517,13.02779],[77.55443,13.02781],[77.55446,13.02719],[77.55363,13.02721],[77.55403,13.02476],[77.55275,13.02455],[77.55286,13.02416],[77.55235,13.02415],[77.5513,13.02502],[77.55077,13.02471],[77.55004,13.02605],[77.54687,13.03326],[77.5476,13.0339],[77.55004,13.03684],[77.55017,13.03753],[77.5499,13.03758],[77.5502,13.03902],[77.54989,13.03909],[77.55005,13.03966],[77.5522,13.03888],[77.55342,13.03871]]]},"properties":{"osm_id":19883413,"zone_id":"W19883413","label":"J.P PARK","admin_level":"10"}},{"type":"Feature","geometry":{"type":"Polygon","coordinates":[[[77.53425,12.93651],[77.53924,12.93367],[77.54142,12.93215],[77.54059,12.93037],[77.54046,12.93044],[77.54002,12.92861],[77.53947,12.92874],[77.53871,12.92616],[77.53905,12.92594],[77.53914,12.92562],[77.53894,12.92484],[77.53858,12.92464],[77.53797,12.92374],[77.53729,12.9234],[77.5369,12.92351],[77.53668,12.92397],[77.53681,12.92462],[77.53665,12.92565],[77.53689,12.92677],[77.53547,12.92707],[77.53507,12.92732],[77.53494,12.92761],[77.53489,12.92841],[77.53505,12.92923],[77.53488,12.92932],[77.53417,12.93069],[77.53415,12.93301],[77.53382,12.93325],[77.5331,12.93509],[77.53365,12.93506],[77.5339,12.93596],[77.53425,12.93651]]]},"properties":{"osm_id":19883414,"zone_id":"W19883414","label":"Hosakerehalli","admin_level":"10"}},{"type":"Feature","geometry":{"type":"Polygon","coordinates":[[[77.56482,12.96241],[77.56713,12.96316],[77.56823,12.9638],[77.56828,12.96362],[77.57003,12.96419],[77.57022,12.96796],[77.57222,12.96707],[77.57326,12.96674],[77.57387,12.96639],[77.57488,12.96835],[77.57806,12.96674],[77.57634,12.96286],[77.57603,12.96226],[77.57508,12.96108],[77.5745,12.95974],[77.57181,12.9606],[77.56491,12.96039],[77.56482,12.96241]]]},"properties":{"osm_id":19883415,"zone_id":"W19883415","label":"K.R Market","admin_level":"10"}},{"type":"Feature","geometry":{"type":"Polygon","coordinates":[[[77.48253,13.04072],[77.48168,13.04176],[77.48147,13.04262],[77.48126,13.04288],[77.48031,13.04337],[77.47962,13.04476],[77.4798,13.04552],[77.48006,13.04864],[77.48024,13.04898],[77.48116,13.04828],[77.48214,13.04841],[77.48618,13.04664],[77.48753,13.04624],[77.48756,13.04612],[77.4895,13.04574],[77.48954,13.0456],[77.49097,13.0451],[77.49199,13.04822],[77.49221,13.05038],[77.49258,13.05156],[77.49722,13.05064],[77.4965,13.04881],[77.49613,13.04661],[77.4957,13.04511],[77.49568,13.04447],[77.49801,13.04391],[77.49807,13.04253],[77.49803,13.04223],[77.49666,13.04198],[77.49664,13.04179],[77.49629,13.04181],[77.49611,13.03975],[77.49623,13.03922],[77.49689,13.0379],[77.49729,13.03786],[77.49743,13.03719],[77.49771,13.03704],[77.49792,13.0365],[77.49814,13.03648],[77.49814,13.03512],[77.4992,13.03494],[77.49908,13.03442],[77.49894,13.03442],[77.49881,13.03369],[77.49841,13.03346],[77.49819,13.03266],[77.49728,13.03179],[77.49529,13.02455],[77.49512,13.02358],[77.4948,13.02293],[77.49562,13.02255],[77.49912,13.01394],[77.49722,13.01381],[77.49545,13.01417],[77.4937,13.01418],[77.49336,13.01683],[77.49334,13.01771],[77.49352,13.01881],[77.49205,13.01917],[77.4921,13.01977],[77.4915,13.01982],[77.4916,13.02065],[77.49151,13.02101],[77.49059,13.02053],[77.49024,13.0218],[77.48916,13.02124],[77.48866,13.0212],[77.48857,13.02135],[77.48876,13.02217],[77.48755,13.02265],[77.48724,13.02148],[77.4873,13.02013],[77.48584,13.0202],[77.48573,13.01908],[77.48506,13.01851],[77.48327,13.01856],[77.48393,13.01961],[77.48457,13.02201],[77.48459,13.02276],[77.48488,13.02357],[77.48528,13.02429],[77.48649,13.02495],[77.48633,13.02513],[77.48644,13.02559],[77.48637,13.02582],[77.48574,13.02597],[77.48651,13.02889],[77.48836,13.02854],[77.48906,13.03008],[77.4875,13.03035],[77.48707,13.03156],[77.48751,13.03327],[77.48667,13.0336],[77.4868,13.0339],[77.4867,13.03447],[77.4868,13.0353],[77.48643,13.03562],[77.48651,13.03631],[77.48716,13.03677],[77.48926,13.03685],[77.48935,13.0382],[77.48953,13.03862],[77.48883,13.03947],[77.48859,13.04001],[77.4882,13.03981],[77.48712,13.03983],[77.48712,13.04001],[77.48569,13.03958],[77.48483,13.03955],[77.48389,13.0402],[77.48253,13.04072]]]},"properties":{"osm_id":19883416,"zone_id":"W19883416","label":"Dodda Bidarakallu","admin_level":"10"}},{"type":"Feature","geometry":{"type":"Polygon","coordinates":[[[77.51869,12.97727],[77.51843,12.97641],[77.5186,12.97551],[77.51821,12.97535],[77.52057,12.97453],[77.52052,12.97436],[77.52062,12.97433],[77.52224,12.97398],[77.52236,12.97427],[77.52352,12.97391],[77.5238,12.97507],[77.52412,12.97504],[77.52427,12.9764],[77.52464,12.97639],[77.52461,12.97606],[77.52628,12.97592],[77.52656,12.97593],[77.52658,12.97625],[77.52872,12.97632],[77.52876,12.97676],[77.52913,12.97678],[77.52917,12.97786],[77.52952,12.9779],[77.53049,12.9803],[77.52968,12.9804],[77.52976,12.98085],[77.52941,12.98095],[77.52815,12.98102],[77.52789,12.98097],[77.52789,12.9807],[77.5272,12.9808],[77.52686,12.9793],[77.5258,12.97934],[77.52579,12.97879],[77.52527,12.9788],[77.52527,12.97852],[77.52452,12.97852],[77.52455,12.97792],[77.52329,12.9779],[77.5227,12.97775],[77.52266,12.97656],[77.51869,12.97727]]]},"properties":{"osm_id":19883417,"zone_id":"W19883417","label":"Pattegar Palya","admin_level":"10"}},{"type":"Feature","geometry":{"type":"Polygon","coordinates":[[[77.71694,12.96731],[77.71715,12.96944],[77.71542,12.9696],[77.71561,12.9733],[77.71795,12.97326],[77.71826,12.97729],[77.72709,12.97645],[77.72685,12.9715],[77.73036,12.97095],[77.73101,12.97071],[77.73163,12.97028],[77.73206,12.96968],[77.73177,12.96938],[77.73102,12.96782],[77.7306,12.96415],[77.73086,12.96375],[77.73312,12.96354],[77.73303,12.96261],[77.73264,12.96107],[77.73099,12.95617],[77.7366,12.95698],[77.73675,12.95593],[77.73586,12.95561],[77.73602,12.95358],[77.73546,12.95342],[77.73546,12.95225],[77.73605,12.95237],[77.73613,12.95211],[77.73685,12.95234],[77.73684,12.95247],[77.73729,12.95263],[77.73758,12.95123],[77.73576,12.95022],[77.73495,12.94959],[77.73408,12.94953],[77.73332,12.9493],[77.73292,12.94849],[77.73245,12.94824],[77.73136,12.94805],[77.73098,12.9482],[77.72942,12.94778],[77.72837,12.94767],[77.72759,12.94705],[77.72516,12.94641],[77.72507,12.94667],[77.72492,12.94663],[77.7249,12.94645],[77.72321,12.94648],[77.72322,12.94713],[77.72222,12.94696],[77.721,12.94647],[77.72004,12.94581],[77.71806,12.94529],[77.71694,12.94468],[77.71687,12.94428],[77.71652,12.94491],[77.71667,12.94681],[77.71519,12.94692],[77.71575,12.9489],[77.71511,12.9544],[77.71486,12.95463],[77.71476,12.95588],[77.7164,12.96038],[77.71683,12.96237],[77.71835,12.96511],[77.71836,12.9659],[77.71815,12.96646],[77.71768,12.96691],[77.71694,12.96731]]]},"properties":{"osm_id":19883418,"zone_id":"W19883418","label":"Kundalahalli","admin_level":"10"}},{"type":"Feature","geometry":{"type":"Polygon","coordinates":[[[77.51308,13.01229],[77.51359,13.01358],[77.51379,13.01346],[77.51385,13.01367],[77.51395,13.01366],[77.51506,13.01321],[77.51455,13.01521],[77.51388,13.01712],[77.51395,13.0177],[77.51501,13.018],[77.51553,13.01891],[77.51723,13.01832],[77.51752,13.01817],[77.51751,13.01802],[77.51881,13.01807],[77.5188,13.01726],[77.51766,13.0174],[77.51749,13.01614],[77.51781,13.01587],[77.51777,13.01567],[77.51829,13.01559],[77.51815,13.01477],[77.5187,13.0147],[77.51855,13.01355],[77.51794,13.01364],[77.51787,13.01338],[77.51822,13.01325],[77.51812,13.01279],[77.5187,13.01257],[77.51868,13.0121],[77.51914,13.01092],[77.51913,13.01049],[77.51805,13.0089],[77.51795,13.0088],[77.51561,13.00963],[77.51555,13.00947],[77.51443,13.00966],[77.51397,13.01012],[77.51395,13.01031],[77.51358,13.01041],[77.51385,13.01134],[77.51369,13.01137],[77.5138,13.01199],[77.51308,13.01229]]]},"properties":{"osm_id":19883419,"zone_id":"W19883419","label":"Rajeshwarinagar","admin_level":"10"}},{"type":"Feature","geometry":{"type":"Polygon","coordinates":[[[77.70079,12.98273],[77.69585,12.98392],[77.69559,12.9867],[77.69572,12.98877],[77.69556,12.98899],[77.69556,12.99028],[77.69349,12.99042],[77.69089,12.99156],[77.68968,12.99166],[77.68851,12.99205],[77.68881,12.99242],[77.68962,12.99491],[77.69041,12.99633],[77.69067,12.99726],[77.69497,12.9956],[77.69801,12.99502],[77.69985,12.99439],[77.70575,12.99296],[77.70728,12.98799],[77.70277,12.98864],[77.70118,12.98905],[77.69989,12.98955],[77.69969,12.9892],[77.69962,12.98869],[77.69873,12.98724],[77.69911,12.98676],[77.69866,12.98668],[77.69792,12.98627],[77.69776,12.98586],[77.69739,12.98586],[77.69774,12.98444],[77.69823,12.98403],[77.69995,12.98403],[77.70071,12.98391],[77.70094,12.9837],[77.70079,12.98273]]]},"properties":{"osm_id":19883420,"zone_id":"W19883420","label":"Garudachar Palya","admin_level":"10"}},{"type":"Feature","geometry":{"type":"Polygon","coordinates":[[[77.5188,13.01008],[77.51817,13.00891],[77.51731,13.00826],[77.51751,13.00714],[77.51732,13.00661],[77.51755,13.00622],[77.5175,13.00636],[77.51907,13.00609],[77.51906,13.00601],[77.52108,13.00587],[77.52161,13.00595],[77.52161,13.00615],[77.52212,13.00617],[77.52221,13.006],[77.52322,13.00608],[77.52318,13.00704],[77.52541,13.0066],[77.52677,13.00612],[77.52675,13.00668],[77.52695,13.00668],[77.52699,13.00686],[77.52763,13.00732],[77.52792,13.0077],[77.52988,13.00605],[77.53008,13.00752],[77.53046,13.00808],[77.5303,13.00881],[77.52878,13.00895],[77.52808,13.0096],[77.52782,13.01018],[77.52781,13.01057],[77.52752,13.01075],[77.52739,13.01111],[77.52676,13.01169],[77.52642,13.01155],[77.52645,13.01004],[77.52505,13.01035],[77.52483,13.00925],[77.52264,13.00978],[77.5221,13.01004],[77.52198,13.00931],[77.52051,13.00966],[77.52048,13.00956],[77.5188,13.01008]]]},"properties":{"osm_id":19883421,"zone_id":"W19883421","label":"Freedom Fighter Ward","admin_level":"10"}},{"type":"Feature","geometry":{"type":"Polygon","coordinates":[[[77.51044,13.03644],[77.5131,13.03593],[77.51353,13.03765],[77.51421,13.03751],[77.51436,13.03814],[77.51462,13.03813],[77.51458,13.03845],[77.51476,13.03845],[77.51506,13.03553],[77.51807,13.03512],[77.51833,13.03613],[77.51827,13.0388],[77.51844,13.03989],[77.51628,13.04179],[77.51162,13.04341],[77.50842,13.04506],[77.50542,13.04592],[77.50553,13.04565],[77.50521,13.04386],[77.50496,13.04312],[77.50488,13.04122],[77.50454,13.03848],[77.50673,13.03799],[77.507,13.03739],[77.50736,13.03735],[77.50795,13.037],[77.51044,13.03701],[77.51044,13.03644]]]},"properties":{"osm_id":19883422,"zone_id":"W19883422","label":"Chokkasandra","admin_level":"10"}},{"type":"Feature","geometry":{"type":"Polygon","coordinates":[[[77.59057,13.04311],[77.59048,13.04309],[77.59088,13.04543],[77.59202,13.04766],[77.59279,13.0496],[77.59275,13.04998],[77.5934,13.05224],[77.59345,13.0586],[77.59132,13.05916],[77.59001,13.06021],[77.58994,13.05956],[77.58729,13.06142],[77.58711,13.06232],[77.58567,13.06341],[77.58528,13.0629],[77.58598,13.06234],[77.58513,13.06113],[77.58552,13.06085],[77.58532,13.06037],[77.5851,13.05837],[77.58398,13.05853],[77.58383,13.05815],[77.58197,13.05838],[77.58163,13.05746],[77.57974,13.05819],[77.57896,13.05639],[77.57683,13.05735],[77.57612,13.05525],[77.5749,13.05259],[77.57475,13.0514],[77.57484,13.05088],[77.57515,13.05029],[77.57575,13.0496],[77.57601,13.04847],[77.57596,13.04744],[77.57836,13.04765],[77.5793,13.04742],[77.58113,13.04611],[77.58237,13.04504],[77.58479,13.04348],[77.5855,13.04315],[77.5884,13.04258],[77.59057,13.04311]]]},"properties":{"osm_id":19883423,"zone_id":"W19883423","label":"Rajiv Gandhi Nagar","admin_level":"10"}},{"type":"Feature","geometry":{"type":"Polygon","coordinates":[[[77.57832,12.99758],[77.57945,12.99746],[77.57945,12.99733],[77.58084,12.99724],[77.58208,12.99851],[77.583,12.99925],[77.58419,12.99946],[77.58436,12.99783],[77.58649,12.99753],[77.588,12.99647],[77.58952,12.99568],[77.58968,12.99533],[77.59395,12.99548],[77.59468,12.99536],[77.5961,12.99469],[77.5962,12.99485],[77.59566,12.99775],[77.59317,13.0059],[77.5917,13.00842],[77.58911,13.01223],[77.58812,13.0135],[77.58758,13.01393],[77.58652,13.01433],[77.58404,13.01451],[77.5839,13.00898],[77.58406,13.00295],[77.58394,13.00309],[77.58339,13.00293],[77.57864,13.00577],[77.57847,13.00185],[77.57708,13.00188],[77.57708,13.00283],[77.57621,13.00281],[77.57617,13.00186],[77.57571,13.00187],[77.5757,13.00103],[77.57539,13.00104],[77.57537,13.00187],[77.57506,13.00187],[77.57514,12.99891],[77.57691,12.99892],[77.57795,12.99918],[77.57843,12.99913],[77.57832,12.99758]]]},"properties":{"osm_id":19883424,"zone_id":"W19883424","label":"Rajamahal","admin_level":"10"}},{"type":"Feature","geometry":{"type":"Polygon","coordinates":[[[77.58889,12.86984],[77.59036,12.87053],[77.59266,12.8721],[77.59295,12.87272],[77.59396,12.87285],[77.5942,12.87297],[77.59426,12.87315],[77.5956,12.87298],[77.59615,12.87259],[77.59678,12.87028],[77.59757,12.86886],[77.59806,12.86677],[77.59903,12.86673],[77.59927,12.86655],[77.59926,12.86638],[77.59954,12.86632],[77.60154,12.86629],[77.6016,12.86647],[77.60148,12.86677],[77.60263,12.86665],[77.60354,12.86523],[77.60351,12.86466],[77.60384,12.8648],[77.60429,12.86478],[77.60433,12.86509],[77.60447,12.86513],[77.60466,12.86703],[77.60486,12.867],[77.6052,12.86812],[77.6059,12.86926],[77.60614,12.86928],[77.60643,12.86991],[77.60714,12.86993],[77.60802,12.86967],[77.60808,12.86813],[77.60838,12.867],[77.61027,12.86688],[77.61033,12.86752],[77.61111,12.86742],[77.61114,12.86665],[77.61146,12.86614],[77.6128,12.86541],[77.61312,12.86817],[77.61327,12.86819],[77.61332,12.86981],[77.61358,12.8713],[77.61499,12.87113],[77.61516,12.87159],[77.61528,12.87162],[77.61521,12.87233],[77.61534,12.87308],[77.61492,12.87626],[77.61602,12.87626],[77.61753,12.87606],[77.61826,12.87737],[77.61902,12.87758],[77.61923,12.87798],[77.62123,12.87772],[77.6213,12.87757],[77.62206,12.87732],[77.62438,12.87718],[77.62453,12.87731],[77.62479,12.87728],[77.62483,12.87582],[77.62429,12.87582],[77.62407,12.87402],[77.6224,12.87451],[77.62172,12.87342],[77.62231,12.87333],[77.62238,12.87276],[77.62195,12.87197],[77.62167,12.8707],[77.62205,12.87006],[77.62218,12.86952],[77.62177,12.8694],[77.62058,12.8671],[77.61967,12.866],[77.61665,12.86383],[77.61727,12.86169],[77.61697,12.86033],[77.61936,12.86006],[77.62044,12.86074],[77.61959,12.85795],[77.61918,12.85796],[77.61891,12.8576],[77.61806,12.85743],[77.61684,12.85753],[77.61649,12.85571],[77.61554,12.8552],[77.61436,12.85422],[77.61275,12.85175],[77.61156,12.85142],[77.60895,12.85127],[77.60926,12.85385],[77.60953,12.85487],[77.60683,12.8544],[77.60459,12.85385],[77.60489,12.85515],[77.60486,12.85595],[77.60501,12.85703],[77.60484,12.85788],[77.60543,12.85794],[77.60524,12.85971],[77.60624,12.85979],[77.60627,12.86092],[77.59972,12.86169],[77.59988,12.86309],[77.59962,12.86363],[77.5988,12.86415],[77.5982,12.86569],[77.59802,12.86568],[77.597,12.8629],[77.59734,12.86274],[77.59699,12.86186],[77.5961,12.86218],[77.59546,12.86341],[77.59519,12.86364],[77.595,12.86371],[77.59495,12.86349],[77.59419,12.86363],[77.59404,12.86316],[77.59341,12.86329],[77.59401,12.86567],[77.59452,12.86525],[77.59554,12.867],[77.59437,12.86732],[77.5945,12.8678],[77.59255,12.86827],[77.59059,12.86234],[77.59213,12.86203],[77.59409,12.86189],[77.59408,12.8606],[77.59372,12.86061],[77.59369,12.85998],[77.59329,12.85891],[77.59253,12.85913],[77.59237,12.85869],[77.59036,12.85892],[77.58903,12.85851],[77.58885,12.8564],[77.58753,12.85639],[77.58751,12.85597],[77.58681,12.85606],[77.58696,12.85674],[77.5864,12.85689],[77.58609,12.85577],[77.5854,12.85565],[77.58515,12.85567],[77.58501,12.85589],[77.5853,12.85734],[77.5855,12.85949],[77.58503,12.85938],[77.58398,12.85819],[77.58234,12.85861],[77.58199,12.85819],[77.58132,12.85828],[77.58159,12.85986],[77.58309,12.8596],[77.58379,12.86054],[77.58538,12.86016],[77.58542,12.86089],[77.58499,12.8622],[77.58517,12.86258],[77.58518,12.86339],[77.58558,12.86418],[77.58587,12.86581],[77.58539,12.86603],[77.58556,12.86687],[77.58577,12.86682],[77.58642,12.8679],[77.58741,12.86904],[77.58799,12.86947],[77.58889,12.86984]]]},"properties":{"osm_id":19883425,"zone_id":"W19883425","label":"Yelenahalli","admin_level":"10"}},{"type":"Feature","geometry":{"type":"Polygon","coordinates":[[[77.56118,12.89552],[77.56172,12.89536],[77.56148,12.89393],[77.56183,12.89385],[77.56199,12.89423],[77.56259,12.89426],[77.56579,12.89389],[77.56816,12.89384],[77.5712,12.89722],[77.57275,12.89938],[77.57325,12.90089],[77.57342,12.90184],[77.5732,12.90367],[77.57337,12.90519],[77.57327,12.90647],[77.57195,12.90672],[77.57122,12.90743],[77.57109,12.90629],[77.56843,12.90483],[77.56883,12.90476],[77.56876,12.90358],[77.56746,12.90356],[77.5673,12.90304],[77.56646,12.90341],[77.5658,12.90221],[77.56556,12.90216],[77.56523,12.90078],[77.5653,12.90067],[77.56507,12.90046],[77.56492,12.89954],[77.56511,12.89871],[77.56688,12.89865],[77.56757,12.89838],[77.56665,12.89574],[77.56417,12.89642],[77.56411,12.89608],[77.56343,12.89633],[77.5622,12.89637],[77.56189,12.89672],[77.56166,12.89679],[77.56118,12.89552]]]},"properties":{"osm_id":19883426,"zone_id":"W19883426","label":"Yelachenahalli","admin_level":"10"}},{"type":"Feature","geometry":{"type":"Polygon","coordinates":[[[77.63631,13.01721],[77.63686,13.01943],[77.63691,13.02081],[77.63722,13.02277],[77.64005,13.02181],[77.64035,13.02469],[77.63988,13.02488],[77.63994,13.02577],[77.64521,13.02347],[77.64513,13.01955],[77.64484,13.01498],[77.64615,13.01489],[77.64902,13.01433],[77.64776,13.01256],[77.64712,13.01205],[77.64814,13.01048],[77.64891,13.00968],[77.64948,13.00925],[77.65006,13.00918],[77.65088,13.00885],[77.65001,13.00733],[77.64897,13.00755],[77.64798,13.00753],[77.6467,13.00799],[77.64579,13.00693],[77.64553,13.00639],[77.64341,13.0063],[77.64375,13.00787],[77.64306,13.00791],[77.64305,13.00894],[77.64189,13.00827],[77.64192,13.01013],[77.64208,13.01079],[77.64179,13.01245],[77.64179,13.01409],[77.6393,13.01404],[77.6394,13.01612],[77.63848,13.01626],[77.63853,13.01662],[77.63631,13.01721]]]},"properties":{"osm_id":19883427,"zone_id":"W19883427","label":"Kalyanagar","admin_level":"10"}},{"type":"Feature","geometry":{"type":"Polygon","coordinates":[[[77.50469,12.99183],[77.50447,12.99428],[77.50428,12.99431],[77.50408,12.99465],[77.50407,12.99521],[77.50473,12.99515],[77.505,12.9953],[77.50603,12.99883],[77.50481,12.99907],[77.5049,12.99961],[77.50362,12.99979],[77.50361,12.9999],[77.50225,13.00037],[77.50213,13.00008],[77.50156,13.00036],[77.5012,12.99981],[77.50043,13.00024],[77.50008,13.0003],[77.50018,13.00088],[77.49957,13.00102],[77.49945,13.00044],[77.49827,13.00067],[77.49833,13.00127],[77.49546,13.00174],[77.49503,13.00041],[77.49637,13.00011],[77.4969,12.99968],[77.4979,12.99921],[77.49885,12.99906],[77.49868,12.99876],[77.49905,12.99857],[77.49911,12.99877],[77.49995,12.99853],[77.49979,12.998],[77.50148,12.99689],[77.50134,12.99666],[77.50147,12.99656],[77.5005,12.99575],[77.50018,12.99428],[77.49924,12.99132],[77.49837,12.99095],[77.49811,12.99031],[77.49694,12.9895],[77.49699,12.98857],[77.49855,12.9889],[77.49993,12.98892],[77.50287,12.99002],[77.50382,12.99025],[77.50478,12.99015],[77.50572,12.98967],[77.50545,12.9903],[77.5048,12.99118],[77.50469,12.99183]]]},"properties":{"osm_id":19883428,"zone_id":"W19883428","label":"Sunkadakatte","admin_level":"10"}},{"type":"Feature","geometry":{"type":"Polygon","coordinates":[[[77.56012,12.89614],[77.56017,12.89573],[77.56118,12.89552],[77.56166,12.89679],[77.56189,12.89672],[77.5622,12.89637],[77.56343,12.89633],[77.56411,12.89608],[77.56417,12.89642],[77.56665,12.89574],[77.56757,12.89838],[77.56688,12.89865],[77.56511,12.89871],[77.56491,12.89944],[77.56507,12.90046],[77.5653,12.90067],[77.56523,12.90078],[77.56556,12.90216],[77.5658,12.90221],[77.56646,12.90341],[77.5673,12.90304],[77.56746,12.90356],[77.56876,12.90358],[77.56883,12.90476],[77.56843,12.90483],[77.57109,12.90629],[77.57122,12.90743],[77.57021,12.90869],[77.56009,12.90032],[77.56124,12.89924],[77.56012,12.89614]]]},"properties":{"osm_id":19883429,"zone_id":"W19883429","label":"Chandranagara","admin_level":"10"}},{"type":"Feature","geometry":{"type":"Polygon","coordinates":[[[77.71804,12.92799],[77.71879,12.9294],[77.72147,12.93025],[77.72406,12.93058],[77.72523,12.93139],[77.72588,12.93144],[77.72729,12.93101],[77.72736,12.93122],[77.72883,12.93074],[77.72881,12.93055],[77.72999,12.93037],[77.73033,12.93344],[77.73033,12.93543],[77.73209,12.93575],[77.73264,12.93598],[77.7331,12.93599],[77.73325,12.93586],[77.7335,12.93596],[77.73364,12.9365],[77.73399,12.93704],[77.73397,12.93738],[77.73376,12.93738],[77.73373,12.93788],[77.733,12.9393],[77.73306,12.93975],[77.73282,12.94124],[77.7324,12.94124],[77.73227,12.94194],[77.7316,12.94262],[77.72862,12.94359],[77.72631,12.94317],[77.72565,12.94325],[77.72514,12.94346],[77.72035,12.94341],[77.71942,12.94294],[77.71821,12.94264],[77.71687,12.94428],[77.71694,12.94468],[77.71806,12.94529],[77.72004,12.94581],[77.721,12.94647],[77.72222,12.94696],[77.72322,12.94713],[77.72321,12.94648],[77.7249,12.94645],[77.72492,12.94663],[77.72507,12.94667],[77.72516,12.94641],[77.72759,12.94705],[77.72837,12.94767],[77.72942,12.94778],[77.73098,12.9482],[77.73136,12.94805],[77.73245,12.94824],[77.73292,12.94849],[77.73332,12.9493],[77.73408,12.94953],[77.73495,12.94959],[77.73576,12.95022],[77.73747,12.95112],[77.73758,12.95123],[77.73753,12.95153],[77.73815,12.95214],[77.73854,12.95225],[77.73924,12.95218],[77.73985,12.95265],[77.74137,12.95311],[77.74299,12.95382],[77.74364,12.95467],[77.74431,12.9564],[77.74344,12.95659],[77.74351,12.95695],[77.74489,12.9567],[77.74546,12.95714],[77.74622,12.95859],[77.74719,12.95822],[77.74734,12.95767],[77.74768,12.9575],[77.74773,12.95641],[77.74791,12.95579],[77.75043,12.95595],[77.75246,12.95715],[77.75267,12.95594],[77.75179,12.95482],[77.75088,12.95302],[77.7484,12.95231],[77.74859,12.94986],[77.74907,12.94772],[77.74978,12.94603],[77.74959,12.94534],[77.74991,12.94283],[77.7511,12.94344],[77.75353,12.94641],[77.75428,12.94672],[77.75439,12.94742],[77.75585,12.94826],[77.75614,12.94905],[77.75801,12.95169],[77.75879,12.95243],[77.75994,12.95323],[77.76096,12.95422],[77.76176,12.95477],[77.7645,12.95593],[77.76462,12.95568],[77.76455,12.95221],[77.76471,12.95157],[77.76499,12.95117],[77.76499,12.95054],[77.76559,12.94656],[77.76514,12.94239],[77.76528,12.9423],[77.76553,12.93998],[77.7655,12.93705],[77.76641,12.93498],[77.76576,12.93333],[77.7655,12.93126],[77.76506,12.93014],[77.76048,12.93245],[77.75856,12.93279],[77.75529,12.93436],[77.75455,12.9346],[77.75362,12.93465],[77.75144,12.9357],[77.75007,12.93662],[77.74906,12.93711],[77.7466,12.93801],[77.74395,12.93577],[77.74278,12.93294],[77.73791,12.92661],[77.73718,12.92518],[77.71804,12.92799]]]},"properties":{"osm_id":19883430,"zone_id":"W19883430","label":"Varthur","admin_level":"10"}},{"type":"Feature","geometry":{"type":"Polygon","coordinates":[[[77.63863,12.9059],[77.64645,12.90074],[77.64701,12.9003],[77.64741,12.89946],[77.64865,12.89945],[77.64921,12.89974],[77.6512,12.89886],[77.65178,12.90113],[77.65071,12.90177],[77.65044,12.90349],[77.65027,12.90366],[77.64873,12.90353],[77.64898,12.9048],[77.64905,12.90667],[77.64935,12.90899],[77.64903,12.91195],[77.6519,12.91199],[77.65169,12.91974],[77.65069,12.91972],[77.64929,12.91949],[77.64722,12.91945],[77.6471,12.91892],[77.64495,12.91898],[77.64465,12.91206],[77.64169,12.91219],[77.6416,12.90971],[77.63804,12.90984],[77.63802,12.90933],[77.63841,12.90931],[77.63841,12.90835],[77.63899,12.90833],[77.63902,12.90784],[77.63869,12.90723],[77.63863,12.9059]]]},"properties":{"osm_id":19883431,"zone_id":"W19883431","label":"Agara","admin_level":"10"}},{"type":"Feature","geometry":{"type":"Polygon","coordinates":[[[77.57121,13.00637],[77.57392,13.00634],[77.57395,13.00715],[77.57233,13.00788],[77.57243,13.00807],[77.57339,13.00769],[77.57574,13.00788],[77.57638,13.00775],[77.5788,13.00647],[77.57856,13.00533],[77.57847,13.00185],[77.57708,13.00188],[77.57708,13.00283],[77.57621,13.00281],[77.57617,13.00186],[77.57571,13.00187],[77.5757,13.00103],[77.57539,13.00104],[77.57537,13.00187],[77.57506,13.00187],[77.57514,12.99891],[77.57398,12.9989],[77.57378,13.001],[77.57225,13.00101],[77.57217,13.00337],[77.5713,13.00332],[77.57121,13.00637]]]},"properties":{"osm_id":19883432,"zone_id":"W19883432","label":"Kodandarampura","admin_level":"10"}},{"type":"Feature","geometry":{"type":"Polygon","coordinates":[[[77.6005,12.92829],[77.6007,12.93152],[77.6017,12.93709],[77.59993,12.93743],[77.59909,12.93778],[77.59847,12.9384],[77.59767,12.93994],[77.59409,12.93955],[77.59254,12.93852],[77.59273,12.93528],[77.5925,12.92847],[77.6005,12.92829]]]},"properties":{"osm_id":19883433,"zone_id":"W19883433","label":"BHEL Ward","admin_level":"10"}},{"type":"Feature","geometry":{"type":"Polygon","coordinates":[[[77.71821,12.94264],[77.71687,12.94428],[77.71652,12.94491],[77.71667,12.94681],[77.71519,12.94692],[77.71575,12.9489],[77.71511,12.9544],[77.71486,12.95463],[77.71476,12.95588],[77.70467,12.95667],[77.70503,12.95388],[77.70433,12.95383],[77.70433,12.95309],[77.70021,12.95344],[77.69913,12.94819],[77.69842,12.94595],[77.69919,12.94571],[77.7005,12.94576],[77.70139,12.94534],[77.70275,12.94541],[77.70342,12.94516],[77.7038,12.94454],[77.70385,12.94363],[77.70469,12.94311],[77.7051,12.94225],[77.70543,12.94194],[77.70669,12.94207],[77.70726,12.94186],[77.70748,12.94113],[77.70768,12.94103],[77.70862,12.94167],[77.71053,12.94157],[77.71186,12.94123],[77.71261,12.94131],[77.71366,12.94164],[77.71399,12.9415],[77.71414,12.94176],[77.71446,12.94189],[77.71592,12.94221],[77.71681,12.94209],[77.71806,12.94246],[77.71821,12.94264]]]},"properties":{"osm_id":19883434,"zone_id":"W19883434","label":"Munnenkolalu","admin_level":"10"}},{"type":"Feature","geometry":{"type":"Polygon","coordinates":[[[77.6566,12.89898],[77.65696,12.89882],[77.65698,12.89868],[77.65668,12.89748],[77.65567,12.8978],[77.6545,12.89665],[77.65406,12.89556],[77.65391,12.8945],[77.65601,12.89425],[77.65763,12.89432],[77.65922,12.89468],[77.66167,12.89472],[77.66724,12.894],[77.67159,12.89325],[77.67388,12.89314],[77.67735,12.89426],[77.67959,12.8976],[77.68228,12.89996],[77.68241,12.90019],[77.6824,12.90085],[77.68255,12.90141],[77.68452,12.90192],[77.68545,12.90204],[77.68555,12.90223],[77.68617,12.90244],[77.68727,12.90245],[77.68747,12.90256],[77.68758,12.90334],[77.68629,12.90391],[77.68572,12.90444],[77.68731,12.90473],[77.68685,12.90645],[77.68737,12.90654],[77.68775,12.90644],[77.68822,12.90608],[77.68836,12.90548],[77.68992,12.90541],[77.69093,12.90553],[77.69157,12.904],[77.69281,12.90414],[77.69309,12.90445],[77.69339,12.90449],[77.69534,12.90407],[77.69563,12.90424],[77.69588,12.90402],[77.69626,12.90399],[77.69636,12.90413],[77.69696,12.90407],[77.69766,12.90418],[77.69785,12.90454],[77.70082,12.90403],[77.7024,12.90358],[77.70289,12.90409],[77.69883,12.90628],[77.68882,12.90905],[77.68282,12.91144],[77.67873,12.91352],[77.67722,12.91413],[77.6758,12.91449],[77.67384,12.9159],[77.67352,12.91674],[77.67276,12.9173],[77.67029,12.91842],[77.66872,12.91886],[77.66498,12.9206],[77.66201,12.91772],[77.66121,12.91572],[77.66004,12.91515],[77.66057,12.91392],[77.65986,12.91108],[77.65982,12.91016],[77.65995,12.9099],[77.65901,12.90945],[77.65706,12.90964],[77.65655,12.90919],[77.65508,12.9038],[77.6548,12.90172],[77.65493,12.90021],[77.65621,12.90016],[77.65684,12.89988],[77.6566,12.89898]]]},"properties":{"osm_id":19883435,"zone_id":"W19883435","label":"Kasavanahalli","admin_level":"10"}},{"type":"Feature","geometry":{"type":"Polygon","coordinates":[[[77.49839,13.00903],[77.49797,13.00769],[77.49757,13.00386],[77.49574,13.00433],[77.49306,13.0007],[77.49428,13.0006],[77.49512,13.00039],[77.49461,12.99872],[77.49347,12.99894],[77.49325,12.99817],[77.49489,12.99797],[77.49486,12.99776],[77.49378,12.99644],[77.49344,12.9967],[77.49303,12.99609],[77.49434,12.99532],[77.49386,12.99448],[77.49475,12.9939],[77.49461,12.99348],[77.4916,12.9945],[77.49014,12.99467],[77.49009,12.99419],[77.48897,12.99434],[77.48873,12.99375],[77.48828,12.99389],[77.48843,12.99431],[77.48799,12.99442],[77.4875,12.99242],[77.48816,12.99224],[77.48763,12.99157],[77.48522,12.99209],[77.48508,12.99129],[77.48499,12.98817],[77.48477,12.98687],[77.48512,12.98528],[77.48375,12.98497],[77.48312,12.98499],[77.48193,12.98513],[77.47865,12.98587],[77.47006,12.98988],[77.47133,12.99386],[77.47125,12.9946],[77.47245,12.99681],[77.47288,12.99673],[77.47357,12.99887],[77.47447,12.99938],[77.47652,12.99912],[77.47695,13.00046],[77.47798,13.00026],[77.47774,12.99886],[77.47876,12.99862],[77.47968,13.00038],[77.48018,13.00287],[77.48369,13.00215],[77.48568,13.00195],[77.48598,13.00326],[77.48581,13.00329],[77.48601,13.00446],[77.4851,13.00462],[77.48528,13.00586],[77.48501,13.00593],[77.4851,13.00641],[77.48615,13.00627],[77.4858,13.0069],[77.48483,13.00801],[77.48737,13.00826],[77.48966,13.00819],[77.49007,13.0085],[77.49053,13.00912],[77.49178,13.0095],[77.49215,13.01081],[77.49249,13.01086],[77.49638,13.01018],[77.49704,13.00989],[77.4971,13.00943],[77.49839,13.00903]]]},"properties":{"osm_id":19883436,"zone_id":"W19883436","label":"Nada prabhu Kempegowda Nagara","admin_level":"10"}},{"type":"Feature","geometry":{"type":"Polygon","coordinates":[[[77.62748,12.90436],[77.62934,12.9039],[77.6293,12.90359],[77.63114,12.90342],[77.63189,12.9022],[77.63204,12.90228],[77.63264,12.90122],[77.63264,12.90097],[77.64033,12.88847],[77.63777,12.88831],[77.63955,12.8866],[77.63893,12.88522],[77.63821,12.88542],[77.63831,12.88577],[77.63751,12.88597],[77.63755,12.88616],[77.63684,12.88637],[77.63579,12.88724],[77.6354,12.88776],[77.63517,12.88782],[77.63495,12.88776],[77.6352,12.88638],[77.63233,12.8861],[77.63151,12.88857],[77.63147,12.88926],[77.63287,12.88941],[77.63272,12.8907],[77.6328,12.89241],[77.63028,12.89276],[77.6302,12.89265],[77.62872,12.89284],[77.6288,12.89328],[77.62858,12.89331],[77.6286,12.89373],[77.62959,12.89369],[77.62966,12.89459],[77.62976,12.8947],[77.63073,12.89457],[77.63083,12.89555],[77.6314,12.89548],[77.63147,12.89576],[77.63218,12.89563],[77.63222,12.89587],[77.63257,12.89589],[77.63052,12.89724],[77.62971,12.89942],[77.6285,12.89967],[77.62849,12.8995],[77.62823,12.89952],[77.62811,12.89903],[77.62748,12.89914],[77.62729,12.89816],[77.62647,12.89828],[77.62735,12.90166],[77.62746,12.90276],[77.62727,12.90365],[77.62748,12.90436]]]},"properties":{"osm_id":19883437,"zone_id":"W19883437","label":"Garvebavi Palya","admin_level":"10"}},{"type":"Feature","geometry":{"type":"Polygon","coordinates":[[[77.60363,13.0609],[77.60339,13.05838],[77.60438,13.05818],[77.60303,13.05644],[77.60295,13.05618],[77.60325,13.0561],[77.60258,13.05388],[77.60201,13.05408],[77.60191,13.05355],[77.59909,13.05409],[77.59891,13.05336],[77.59799,13.05352],[77.59754,13.05005],[77.59694,13.04918],[77.59524,13.04925],[77.59508,13.04907],[77.59374,13.0492],[77.59279,13.0496],[77.59275,13.04998],[77.5934,13.05224],[77.59345,13.0586],[77.59132,13.05916],[77.59001,13.06021],[77.58994,13.05956],[77.58729,13.06142],[77.58711,13.06232],[77.58567,13.06341],[77.58528,13.0629],[77.58598,13.06234],[77.58513,13.06113],[77.58552,13.06085],[77.58532,13.06037],[77.5851,13.05837],[77.58105,13.05888],[77.57681,13.05982],[77.57651,13.06025],[77.57578,13.06289],[77.5867,13.07025],[77.58795,13.07153],[77.5888,13.07305],[77.59372,13.08464],[77.59397,13.08738],[77.60214,13.08591],[77.60253,13.08613],[77.60286,13.08584],[77.60209,13.08201],[77.60235,13.08192],[77.602,13.08013],[77.60182,13.07815],[77.60228,13.07809],[77.60206,13.07709],[77.6016,13.07689],[77.60132,13.07293],[77.59865,13.0728],[77.59744,13.06871],[77.5985,13.06802],[77.59824,13.06606],[77.59482,13.06692],[77.59422,13.06551],[77.59496,13.0653],[77.59468,13.06449],[77.59639,13.06407],[77.59617,13.06238],[77.5962,13.06122],[77.60004,13.06013],[77.59938,13.05905],[77.59886,13.05894],[77.59846,13.05729],[77.60073,13.05673],[77.60098,13.05733],[77.602,13.05861],[77.60211,13.06022],[77.60296,13.06028],[77.60363,13.0609]]]},"properties":{"osm_id":19883438,"zone_id":"W19883438","label":"Byatarayanapura","admin_level":"10"}},{"type":"Feature","geometry":{"type":"Polygon","coordinates":[[[77.54082,12.954],[77.54092,12.95521],[77.54122,12.95519],[77.54135,12.95708],[77.54246,12.95689],[77.54257,12.95718],[77.54281,12.95709],[77.5435,12.9585],[77.5424,12.95876],[77.54205,12.95897],[77.54191,12.95844],[77.54159,12.95849],[77.54168,12.95918],[77.54137,12.95982],[77.54095,12.9601],[77.54108,12.9603],[77.54066,12.96064],[77.54045,12.96185],[77.54103,12.96427],[77.5401,12.96446],[77.53757,12.96532],[77.5373,12.96405],[77.53761,12.96401],[77.53721,12.96209],[77.53756,12.96209],[77.53752,12.96179],[77.53693,12.96015],[77.53655,12.95967],[77.53708,12.95947],[77.5372,12.95998],[77.53828,12.95892],[77.5382,12.95818],[77.53747,12.95827],[77.53735,12.95796],[77.53826,12.9573],[77.53745,12.95624],[77.53793,12.95608],[77.5379,12.95579],[77.5381,12.95576],[77.53805,12.9552],[77.5378,12.95523],[77.53773,12.95431],[77.54082,12.954]]]},"properties":{"osm_id":19883439,"zone_id":"W19883439","label":"Krishnadevaraya ward","admin_level":"10"}},{"type":"Feature","geometry":{"type":"Polygon","coordinates":[[[77.54992,12.8919],[77.54961,12.8921],[77.55007,12.89329],[77.54968,12.89359],[77.54896,12.89357],[77.54834,12.8926],[77.5468,12.89325],[77.54716,12.89418],[77.54767,12.89401],[77.54807,12.89497],[77.54819,12.8956],[77.54881,12.8968],[77.54893,12.89677],[77.54899,12.89761],[77.55014,12.89687],[77.55083,12.89626],[77.5518,12.89659],[77.55254,12.89628],[77.55271,12.8959],[77.55265,12.89522],[77.55301,12.89494],[77.55448,12.89511],[77.55525,12.89502],[77.55621,12.89609],[77.55538,12.89695],[77.55587,12.89755],[77.55561,12.89797],[77.55583,12.89819],[77.55565,12.89856],[77.55651,12.9025],[77.55623,12.90257],[77.55635,12.90294],[77.55623,12.90303],[77.55496,12.90341],[77.55423,12.90329],[77.55343,12.90335],[77.55242,12.90382],[77.55183,12.90357],[77.55146,12.90365],[77.55103,12.90392],[77.55089,12.90435],[77.55038,12.90446],[77.55017,12.90441],[77.55032,12.90398],[77.54907,12.90421],[77.54909,12.90392],[77.5484,12.90345],[77.54825,12.90431],[77.54835,12.90538],[77.54925,12.90771],[77.54806,12.90821],[77.54704,12.9074],[77.54623,12.90702],[77.5441,12.90654],[77.54271,12.90578],[77.54198,12.90588],[77.54174,12.90509],[77.54098,12.90374],[77.54145,12.90346],[77.54079,12.90209],[77.5414,12.90164],[77.54135,12.90147],[77.5406,12.90037],[77.54042,12.90027],[77.53982,12.9004],[77.5396,12.9],[77.53927,12.90001],[77.53908,12.89934],[77.53919,12.89918],[77.53965,12.89914],[77.53944,12.89845],[77.54,12.89772],[77.54127,12.89712],[77.54225,12.89692],[77.54252,12.89701],[77.54295,12.89786],[77.54398,12.89763],[77.54402,12.8966],[77.54387,12.89576],[77.54348,12.89514],[77.54348,12.89382],[77.54312,12.893],[77.54338,12.89313],[77.5435,12.89292],[77.5437,12.89202],[77.54433,12.89084],[77.54408,12.88997],[77.54482,12.88954],[77.54562,12.88937],[77.54558,12.889],[77.54536,12.88902],[77.54534,12.88889],[77.5455,12.88873],[77.54554,12.8884],[77.54526,12.88746],[77.54525,12.88608],[77.54542,12.88601],[77.54533,12.88482],[77.54594,12.88478],[77.54873,12.88762],[77.54752,12.88828],[77.54763,12.88861],[77.54794,12.88845],[77.54868,12.88954],[77.5489,12.89043],[77.54992,12.8919]]]},"properties":{"osm_id":19883440,"zone_id":"W19883440","label":"Uttarahalli","admin_level":"10"}},{"type":"Feature","geometry":{"type":"Polygon","coordinates":[[[77.77411,12.99198],[77.77441,12.99372],[77.77416,12.99391],[77.77441,12.99529],[77.77466,12.99576],[77.7745,12.99644],[77.77464,12.99708],[77.77445,12.99791],[77.77495,12.99818],[77.77474,12.99979],[77.77475,13.00112],[77.7738,13.00127],[77.77365,13.00177],[77.77292,13.00206],[77.77256,13.00253],[77.77274,13.00297],[77.7735,13.00311],[77.77478,13.00297],[77.77557,13.00355],[77.77584,13.00576],[77.77436,13.00636],[77.77357,13.00617],[77.77335,13.0064],[77.77345,13.00812],[77.77317,13.0088],[77.77321,13.00955],[77.7734,13.01029],[77.7739,13.0108],[77.77414,13.01316],[77.77348,13.01389],[77.77285,13.01486],[77.77172,13.01524],[77.77146,13.01505],[77.77086,13.0126],[77.77037,13.01156],[77.77035,13.01109],[77.76977,13.00937],[77.76993,13.00914],[77.76987,13.00885],[77.7697,13.00886],[77.76972,13.00755],[77.76923,13.00464],[77.76936,13.00454],[77.76858,13.00265],[77.76779,13.00311],[77.76412,13.00407],[77.76387,13.00324],[77.76406,13.00313],[77.76349,13.00271],[77.7635,13.00229],[77.76305,13.00216],[77.76294,13.00166],[77.76269,13.00131],[77.76211,13.00175],[77.76179,13.00062],[77.76138,13.0005],[77.76114,12.99975],[77.76088,12.99954],[77.75981,12.99937],[77.75953,12.99817],[77.76012,12.99807],[77.75982,12.99654],[77.75841,12.99675],[77.75784,12.99462],[77.75718,12.99295],[77.75483,12.99004],[77.75283,12.98914],[77.75182,12.98896],[77.74989,12.98898],[77.74875,12.98862],[77.74862,12.98765],[77.74877,12.98585],[77.74764,12.98536],[77.75213,12.98384],[77.7544,12.98351],[77.75585,12.9829],[77.75786,12.98247],[77.76175,12.98298],[77.76329,12.98266],[77.76391,12.98271],[77.76419,12.98469],[77.76449,12.98465],[77.76458,12.9853],[77.76429,12.98535],[77.76455,12.98618],[77.76475,12.98602],[77.76626,12.9858],[77.76678,12.98546],[77.76707,12.98563],[77.76761,12.98549],[77.76799,12.98504],[77.76805,12.9834],[77.76953,12.98388],[77.77146,12.9839],[77.77154,12.98547],[77.77101,12.98801],[77.77072,12.98889],[77.76911,12.99139],[77.76969,12.99142],[77.76981,12.99197],[77.77252,12.99172],[77.7728,12.99216],[77.77362,12.99221],[77.77411,12.99198]]]},"properties":{"osm_id":19883441,"zone_id":"W19883441","label":"Kadugodi","admin_level":"10"}},{"type":"Feature","geometry":{"type":"Polygon","coordinates":[[[77.66907,12.99381],[77.66899,12.99275],[77.66879,12.9927],[77.66894,12.99234],[77.6687,12.99222],[77.66896,12.99168],[77.66906,12.99168],[77.66904,12.9914],[77.66853,12.9912],[77.66871,12.99081],[77.66837,12.99064],[77.66848,12.99044],[77.66831,12.99023],[77.66691,12.99105],[77.66553,12.99238],[77.66279,12.99676],[77.66439,12.99776],[77.6671,12.99914],[77.66702,12.99939],[77.66765,12.9997],[77.66755,13.00187],[77.6677,13.0028],[77.66801,13.00338],[77.66915,13.00322],[77.66916,13.00301],[77.67014,13.00301],[77.67272,13.00337],[77.67271,13.00259],[77.67546,13.00236],[77.67536,13.00152],[77.67563,13.00075],[77.67711,13.00074],[77.67667,13.00041],[77.66784,12.99616],[77.6682,12.99568],[77.6687,12.99546],[77.66836,12.99374],[77.66893,12.99365],[77.66907,12.99381]]]},"properties":{"osm_id":19883442,"zone_id":"W19883442","label":"K.S. Nissar Ahmed Ward","admin_level":"10"}},{"type":"Feature","geometry":{"type":"Polygon","coordinates":[[[77.58004,12.93677],[77.58007,12.94058],[77.57927,12.94058],[77.57924,12.94212],[77.58007,12.94214],[77.57997,12.9513],[77.58009,12.95515],[77.58346,12.95462],[77.58567,12.95389],[77.58714,12.95272],[77.59179,12.95106],[77.59291,12.94998],[77.5935,12.94874],[77.59081,12.94733],[77.58987,12.94641],[77.58777,12.94611],[77.58609,12.94553],[77.58581,12.94534],[77.58532,12.94451],[77.58526,12.94359],[77.5848,12.94374],[77.58285,12.94371],[77.58284,12.94322],[77.58445,12.94282],[77.58409,12.94188],[77.584,12.93666],[77.58004,12.93677]]]},"properties":{"osm_id":19883443,"zone_id":"W19883443","label":"Ashoka Pillar","admin_level":"10"}},{"type":"Feature","geometry":{"type":"Polygon","coordinates":[[[77.53754,13.05449],[77.53484,13.05488],[77.53225,13.05476],[77.53142,13.05452],[77.53116,13.05427],[77.53053,13.05315],[77.52881,13.05187],[77.52828,13.05155],[77.52684,13.05114],[77.52521,13.04989],[77.52397,13.04917],[77.52359,13.0486],[77.52289,13.04699],[77.52219,13.0459],[77.52531,13.04376],[77.52555,13.04414],[77.52637,13.04456],[77.52692,13.04511],[77.53122,13.04425],[77.52998,13.04655],[77.53548,13.04817],[77.53564,13.04832],[77.53557,13.04862],[77.53643,13.04905],[77.53969,13.04402],[77.54013,13.04431],[77.54165,13.0464],[77.54299,13.04517],[77.54284,13.04484],[77.54376,13.04431],[77.54404,13.04459],[77.54447,13.04572],[77.54651,13.04481],[77.54592,13.04399],[77.54749,13.04358],[77.54722,13.04168],[77.55091,13.04291],[77.55086,13.04414],[77.55014,13.04445],[77.55016,13.04458],[77.5519,13.04426],[77.5523,13.0454],[77.54983,13.04795],[77.55015,13.04885],[77.54269,13.04925],[77.54284,13.05048],[77.54257,13.05075],[77.54174,13.05069],[77.53762,13.04958],[77.53723,13.05131],[77.53724,13.05149],[77.53767,13.05147],[77.53754,13.05449]]]},"properties":{"osm_id":19883444,"zone_id":"W19883444","label":"Jalahalli","admin_level":"10"}},{"type":"Feature","geometry":{"type":"Polygon","coordinates":[[[77.77411,12.99198],[77.77412,12.99189],[77.77446,12.99186],[77.77507,12.99195],[77.77545,12.99176],[77.77561,12.99151],[77.77554,12.99029],[77.77589,12.9895],[77.77615,12.9883],[77.77587,12.98645],[77.77615,12.98579],[77.77691,12.98519],[77.77605,12.98273],[77.77537,12.98208],[77.77525,12.98131],[77.77467,12.98046],[77.77584,12.9799],[77.77703,12.97849],[77.77815,12.97843],[77.77848,12.97754],[77.77846,12.97679],[77.77822,12.97698],[77.77648,12.9776],[77.77618,12.97746],[77.77545,12.97755],[77.77544,12.97741],[77.77444,12.97765],[77.77306,12.97725],[77.77044,12.97716],[77.77124,12.97594],[77.77131,12.97561],[77.77109,12.97448],[77.77069,12.97441],[77.76977,12.97482],[77.76549,12.97504],[77.7638,12.9753],[77.76465,12.97617],[77.763,12.97539],[77.76076,12.97577],[77.75926,12.97641],[77.75829,12.97664],[77.75707,12.97671],[77.75824,12.98249],[77.76175,12.98298],[77.76329,12.98266],[77.76391,12.98271],[77.76419,12.98469],[77.76449,12.98465],[77.76458,12.9853],[77.76429,12.98535],[77.76455,12.98618],[77.76475,12.98602],[77.76626,12.9858],[77.76678,12.98546],[77.76707,12.98563],[77.76761,12.98549],[77.76799,12.98504],[77.76805,12.9834],[77.76953,12.98388],[77.77146,12.9839],[77.77154,12.98547],[77.77101,12.98801],[77.77072,12.98889],[77.76911,12.99139],[77.76969,12.99142],[77.76981,12.99197],[77.77252,12.99172],[77.7728,12.99216],[77.77362,12.99221],[77.77411,12.99198]]]},"properties":{"osm_id":19883445,"zone_id":"W19883445","label":"Channasandra","admin_level":"10"}},{"type":"Feature","geometry":{"type":"Polygon","coordinates":[[[77.55407,13.01403],[77.55402,13.01488],[77.5542,13.0152],[77.55504,13.01538],[77.55561,13.01566],[77.5581,13.01284],[77.55881,13.0116],[77.55928,13.01047],[77.56093,13.00523],[77.56142,13.00402],[77.56067,13.00413],[77.56057,13.00374],[77.56011,13.00384],[77.56019,13.00331],[77.55981,13.00295],[77.55831,13.00335],[77.55799,13.0021],[77.55693,13.00233],[77.55679,13.00126],[77.55583,13.00131],[77.55323,13.00186],[77.55343,13.00301],[77.55429,13.00617],[77.55449,13.00807],[77.55446,13.01241],[77.55407,13.01403]]]},"properties":{"osm_id":19883446,"zone_id":"W19883446","label":"Subramanyanagara","admin_level":"10"}},{"type":"Feature","geometry":{"type":"Polygon","coordinates":[[[77.56144,13.00396],[77.56067,13.00413],[77.56057,13.00374],[77.56011,13.00384],[77.56019,13.00331],[77.55981,13.00295],[77.55831,13.00335],[77.55799,13.0021],[77.55693,13.00233],[77.55679,13.00126],[77.55583,13.00131],[77.55323,13.00186],[77.5527,12.99936],[77.55307,12.9982],[77.5554,12.99863],[77.5563,12.99861],[77.55787,12.99824],[77.56058,12.99718],[77.56088,12.99743],[77.56108,12.99802],[77.56147,12.99794],[77.5616,12.99857],[77.56145,12.9986],[77.56167,12.99908],[77.56194,12.99905],[77.56213,13.00036],[77.56229,13.00035],[77.56232,13.00084],[77.56213,13.00094],[77.56071,13.00108],[77.56144,13.00396]]]},"properties":{"osm_id":19883447,"zone_id":"W19883447","label":"Gayathri Nagara","admin_level":"10"}},{"type":"Feature","geometry":{"type":"Polygon","coordinates":[[[77.47096,12.91866],[77.47259,12.92367],[77.47339,12.92664],[77.47589,12.9267],[77.4774,12.92647],[77.4796,12.92592],[77.47971,12.92646],[77.47948,12.92656],[77.47911,12.92701],[77.47912,12.92723],[77.47952,12.92749],[77.48026,12.92764],[77.48099,12.92741],[77.48124,12.928],[77.48165,12.92838],[77.48192,12.92891],[77.48232,12.92896],[77.4832,12.9306],[77.4832,12.93088],[77.48289,12.93126],[77.48335,12.93138],[77.48313,12.93239],[77.48346,12.93281],[77.48361,12.93392],[77.48389,12.93389],[77.48377,12.93417],[77.48424,12.93692],[77.47884,12.93751],[77.47939,12.93923],[77.47954,12.94029],[77.47961,12.94037],[77.48061,12.94016],[77.4823,12.93958],[77.48337,12.93974],[77.48355,12.93982],[77.48357,12.94012],[77.48461,12.9401],[77.4869,12.93951],[77.48675,12.93885],[77.48661,12.93885],[77.48658,12.93791],[77.48648,12.93751],[77.48638,12.93752],[77.48625,12.93654],[77.48669,12.93644],[77.48603,12.93374],[77.48782,12.93327],[77.48817,12.93282],[77.48791,12.93256],[77.48694,12.92943],[77.48501,12.92404],[77.48282,12.92477],[77.48241,12.92359],[77.48124,12.92406],[77.48132,12.92392],[77.48104,12.92309],[77.47953,12.92349],[77.47865,12.91995],[77.47937,12.91976],[77.47986,12.91946],[77.48016,12.92025],[77.47978,12.92041],[77.48,12.92104],[77.48073,12.92076],[77.48119,12.92207],[77.48393,12.92105],[77.48023,12.91104],[77.48019,12.91058],[77.47895,12.91072],[77.47897,12.91167],[77.47796,12.91171],[77.47774,12.91275],[77.47708,12.91404],[77.47701,12.91431],[77.47713,12.91465],[77.47638,12.91494],[77.47628,12.91468],[77.47527,12.91492],[77.47513,12.91442],[77.47326,12.91483],[77.47318,12.91692],[77.47298,12.91747],[77.47253,12.91788],[77.47096,12.91866]]]},"properties":{"osm_id":19883448,"zone_id":"W19883448","label":"Kengal Hanumanthaiah West","admin_level":"10"}},{"type":"Feature","geometry":{"type":"Polygon","coordinates":[[[77.54301,12.94794],[77.54343,12.94861],[77.54448,12.95221],[77.54546,12.95172],[77.54622,12.95191],[77.54637,12.95552],[77.5463,12.95604],[77.54691,12.95629],[77.54839,12.9566],[77.54958,12.95471],[77.54935,12.95473],[77.54912,12.95235],[77.5495,12.95228],[77.54931,12.95131],[77.55003,12.95091],[77.54999,12.9494],[77.54981,12.94893],[77.54977,12.94826],[77.54955,12.94782],[77.54982,12.94772],[77.54946,12.94501],[77.54881,12.94509],[77.54869,12.94419],[77.54793,12.94427],[77.54798,12.9447],[77.54625,12.94503],[77.54588,12.94491],[77.54531,12.94507],[77.54538,12.94531],[77.54418,12.94569],[77.54448,12.94621],[77.54427,12.94631],[77.54466,12.947],[77.54301,12.94794]]]},"properties":{"osm_id":19883449,"zone_id":"W19883449","label":"Muneshwara Block","admin_level":"10"}},{"type":"Feature","geometry":{"type":"Polygon","coordinates":[[[77.53167,13.01825],[77.53107,13.01588],[77.5304,13.01412],[77.52884,13.01184],[77.52764,13.01068],[77.52687,13.01164],[77.52644,13.01164],[77.52634,13.01198],[77.5264,13.01312],[77.52624,13.0135],[77.52636,13.01507],[77.52614,13.01547],[77.52649,13.01578],[77.52658,13.01686],[77.5253,13.017],[77.52522,13.01742],[77.52276,13.01888],[77.52679,13.02152],[77.52794,13.02115],[77.52741,13.02089],[77.52743,13.02065],[77.52791,13.02029],[77.52813,13.01983],[77.52861,13.01978],[77.52866,13.01938],[77.52925,13.01945],[77.52927,13.01882],[77.53044,13.01868],[77.53038,13.01843],[77.53167,13.01825]]]},"properties":{"osm_id":19883450,"zone_id":"W19883450","label":"Lakshmi Devi Nagar","admin_level":"10"}},{"type":"Feature","geometry":{"type":"Polygon","coordinates":[[[77.60915,12.98573],[77.60975,12.98863],[77.61132,12.98833],[77.61187,12.9895],[77.61326,12.98922],[77.61395,12.9906],[77.61726,12.98866],[77.61908,12.98718],[77.62255,12.98769],[77.62249,12.98411],[77.62293,12.98174],[77.62286,12.98146],[77.62231,12.98097],[77.62158,12.97921],[77.62056,12.97864],[77.62029,12.97808],[77.6203,12.97629],[77.62004,12.97471],[77.62013,12.97271],[77.61968,12.9727],[77.61932,12.97248],[77.61385,12.97373],[77.61439,12.9753],[77.60873,12.97717],[77.61006,12.98096],[77.61091,12.98069],[77.61297,12.98289],[77.61279,12.98305],[77.61247,12.9842],[77.61205,12.98456],[77.61187,12.98454],[77.61064,12.98306],[77.61009,12.98321],[77.6104,12.98477],[77.61032,12.98506],[77.61004,12.98549],[77.60915,12.98573]]]},"properties":{"osm_id":19883451,"zone_id":"W19883451","label":"K Kamaraj Ward","admin_level":"10"}},{"type":"Feature","geometry":{"type":"Polygon","coordinates":[[[77.59684,12.91468],[77.59687,12.91682],[77.59506,12.91685],[77.59514,12.91897],[77.59263,12.91898],[77.59286,12.91969],[77.59148,12.91973],[77.59149,12.92166],[77.59345,12.92162],[77.59346,12.92319],[77.58958,12.92328],[77.58956,12.92247],[77.58594,12.92251],[77.58596,12.92335],[77.57359,12.92356],[77.57356,12.92103],[77.5744,12.92084],[77.57423,12.91974],[77.57352,12.91767],[77.57733,12.91759],[77.57815,12.91725],[77.58584,12.9171],[77.5859,12.92025],[77.58803,12.92019],[77.58804,12.92067],[77.58954,12.92064],[77.58951,12.91888],[77.59038,12.91887],[77.59033,12.91743],[77.59058,12.91733],[77.59077,12.91696],[77.58942,12.917],[77.58942,12.91653],[77.58963,12.91651],[77.58979,12.91495],[77.59046,12.91496],[77.59061,12.91336],[77.59152,12.91336],[77.59155,12.91452],[77.59326,12.91498],[77.59504,12.91491],[77.59505,12.91444],[77.59419,12.9141],[77.59436,12.9131],[77.59509,12.91349],[77.59511,12.9127],[77.59693,12.91276],[77.59684,12.91468]]]},"properties":{"osm_id":19883452,"zone_id":"W19883452","label":"Pattabhirama Nagara","admin_level":"10"}},{"type":"Feature","geometry":{"type":"Polygon","coordinates":[[[77.48151,12.91449],[77.48393,12.92105],[77.48119,12.92207],[77.48073,12.92076],[77.48,12.92104],[77.47978,12.92041],[77.48016,12.92025],[77.47986,12.91946],[77.47937,12.91976],[77.47865,12.91995],[77.47946,12.9233],[77.47953,12.92349],[77.48104,12.92309],[77.48132,12.92392],[77.48124,12.92406],[77.48241,12.92359],[77.48282,12.92477],[77.48501,12.92404],[77.48803,12.93273],[77.48838,12.93286],[77.49046,12.9323],[77.49136,12.93338],[77.49142,12.93201],[77.49274,12.93187],[77.49307,12.93162],[77.49343,12.93214],[77.49373,12.93209],[77.49425,12.93292],[77.49628,12.93185],[77.49641,12.93153],[77.49862,12.93091],[77.4986,12.92831],[77.4989,12.92599],[77.4972,12.92511],[77.48579,12.92009],[77.48528,12.91976],[77.48439,12.91891],[77.48343,12.91768],[77.48203,12.91398],[77.48151,12.91449]]]},"properties":{"osm_id":19883453,"zone_id":"W19883453","label":"Kengeri","admin_level":"10"}},{"type":"Feature","geometry":{"type":"Polygon","coordinates":[[[77.61852,12.95224],[77.61748,12.95076],[77.61695,12.95065],[77.61535,12.95084],[77.61376,12.95033],[77.6115,12.94987],[77.61131,12.94979],[77.61122,12.94938],[77.60965,12.94949],[77.60619,12.95002],[77.60574,12.94997],[77.60579,12.9498],[77.61104,12.94897],[77.61144,12.94902],[77.61166,12.94931],[77.61686,12.94925],[77.61932,12.94745],[77.62089,12.95026],[77.6215,12.95166],[77.62338,12.95079],[77.62565,12.95027],[77.62684,12.94945],[77.62712,12.94965],[77.62629,12.95117],[77.62602,12.95214],[77.62031,12.95324],[77.62018,12.95242],[77.61913,12.9529],[77.61887,12.95212],[77.61852,12.95224]]]},"properties":{"osm_id":19883454,"zone_id":"W19883454","label":"Ambedkarnagar","admin_level":"10"}},{"type":"Feature","geometry":{"type":"Polygon","coordinates":[[[77.62625,13.02117],[77.62785,13.02586],[77.62842,13.0286],[77.62888,13.02992],[77.63144,13.02915],[77.63194,13.02818],[77.63272,13.02777],[77.6335,13.02869],[77.63635,13.0278],[77.63761,13.02799],[77.63787,13.02993],[77.6394,13.03138],[77.63985,13.03258],[77.64077,13.03368],[77.64103,13.03426],[77.64124,13.03434],[77.6412,13.03422],[77.64215,13.0339],[77.64337,13.03387],[77.64318,13.03524],[77.64323,13.03591],[77.64494,13.03588],[77.64491,13.03602],[77.64442,13.03623],[77.64377,13.03897],[77.64237,13.03898],[77.64217,13.03903],[77.64181,13.03943],[77.64146,13.03951],[77.64138,13.03775],[77.64118,13.037],[77.64076,13.03685],[77.64021,13.03643],[77.63882,13.0343],[77.63592,13.03165],[77.63529,13.03279],[77.63473,13.0328],[77.63467,13.0325],[77.63393,13.03271],[77.63408,13.03338],[77.63338,13.03358],[77.63331,13.03405],[77.6327,13.0344],[77.63014,13.0319],[77.62776,13.03664],[77.62708,13.03734],[77.62589,13.03804],[77.62561,13.03641],[77.6243,13.03371],[77.62566,13.03329],[77.62507,13.03085],[77.62183,13.03205],[77.62089,13.02992],[77.62059,13.02802],[77.62006,13.0262],[77.62113,13.02562],[77.6217,13.02502],[77.62277,13.0231],[77.62335,13.02122],[77.62625,13.02117]]]},"properties":{"osm_id":19883455,"zone_id":"W19883455","label":"HBR Layout","admin_level":"10"}},{"type":"Feature","geometry":{"type":"Polygon","coordinates":[[[77.56841,12.89412],[77.56889,12.894],[77.57188,12.89426],[77.57188,12.89449],[77.5724,12.89455],[77.5729,12.8948],[77.57328,12.89425],[77.57353,12.89435],[77.5734,12.89457],[77.5743,12.8946],[77.57515,12.89497],[77.57726,12.89613],[77.5772,12.89623],[77.57746,12.89639],[77.57923,12.89725],[77.57945,12.89689],[77.58107,12.89784],[77.58265,12.89788],[77.58269,12.89861],[77.58289,12.89868],[77.58274,12.90191],[77.58185,12.9016],[77.58126,12.90179],[77.57791,12.90199],[77.5779,12.90283],[77.57767,12.90338],[77.576,12.90323],[77.57599,12.90338],[77.57508,12.9033],[77.57323,12.90343],[77.5734,12.90163],[77.57274,12.89936],[77.5712,12.89722],[77.56841,12.89412]]]},"properties":{"osm_id":19883456,"zone_id":"W19883456","label":"Jaraganahalli","admin_level":"10"}},{"type":"Feature","geometry":{"type":"Polygon","coordinates":[[[77.60159,12.93711],[77.59938,12.93761],[77.59847,12.9384],[77.59766,12.93995],[77.59726,12.94319],[77.60263,12.94214],[77.60286,12.94316],[77.60277,12.94446],[77.60622,12.944],[77.6063,12.94349],[77.60602,12.9423],[77.60663,12.94219],[77.60802,12.94256],[77.61357,12.93208],[77.6134,12.93193],[77.60868,12.93544],[77.60939,12.93697],[77.60844,12.93723],[77.60847,12.93751],[77.60813,12.93761],[77.6085,12.93879],[77.60846,12.93923],[77.60581,12.93963],[77.60382,12.94025],[77.60388,12.94049],[77.60266,12.94058],[77.60254,12.93998],[77.60235,12.93984],[77.60235,12.94021],[77.6017,12.94031],[77.60155,12.93982],[77.60143,12.93984],[77.60135,12.93962],[77.601,12.9397],[77.60056,12.93898],[77.60197,12.93871],[77.60159,12.93711]]]},"properties":{"osm_id":19883457,"zone_id":"W19883457","label":"Lakkasandra","admin_level":"10"}},{"type":"Feature","geometry":{"type":"Polygon","coordinates":[[[77.61395,12.9906],[77.61259,12.99129],[77.61116,12.99175],[77.6096,12.99284],[77.60884,12.99348],[77.60879,12.99369],[77.60782,12.99445],[77.60974,12.99769],[77.61104,13.00028],[77.61201,13.00118],[77.61213,13.0016],[77.61387,13.00207],[77.61545,13.00214],[77.61707,13.00183],[77.61859,13.00114],[77.61955,13.00374],[77.61968,13.00315],[77.62074,13.00229],[77.62029,13.0011],[77.6203,13.00012],[77.61941,12.99941],[77.61898,12.99877],[77.61794,12.99828],[77.61678,12.99575],[77.6176,12.99509],[77.61936,12.99169],[77.61955,12.98961],[77.61931,12.9872],[77.61908,12.98718],[77.61726,12.98866],[77.61395,12.9906]]]},"properties":{"osm_id":19883458,"zone_id":"W19883458","label":"Pulakeshi Nagar","admin_level":"10"}},{"type":"Feature","geometry":{"type":"Polygon","coordinates":[[[77.59254,12.93852],[77.59249,12.94049],[77.59403,12.94222],[77.59451,12.943],[77.59474,12.94357],[77.59452,12.94446],[77.59521,12.94537],[77.59309,12.94662],[77.59322,12.9468],[77.59418,12.94742],[77.59488,12.94652],[77.59558,12.94591],[77.59624,12.94688],[77.59768,12.94592],[77.59823,12.9467],[77.5993,12.94624],[77.60026,12.9489],[77.60174,12.94843],[77.60213,12.94856],[77.60263,12.94836],[77.60242,12.94697],[77.60286,12.94354],[77.60263,12.94214],[77.59726,12.94319],[77.59767,12.93994],[77.59409,12.93955],[77.59254,12.93852]]]},"properties":{"osm_id":19883459,"zone_id":"W19883459","label":"Someshwara Nagara","admin_level":"10"}},{"type":"Feature","geometry":{"type":"Polygon","coordinates":[[[77.53148,12.99111],[77.53134,12.99003],[77.53062,12.98834],[77.52911,12.98618],[77.52909,12.98525],[77.52874,12.98383],[77.52955,12.98372],[77.53038,12.98335],[77.53069,12.98305],[77.53093,12.98243],[77.5314,12.98211],[77.53369,12.9818],[77.53679,12.98065],[77.53714,12.98154],[77.53726,12.98231],[77.53727,12.98271],[77.53705,12.98347],[77.53751,12.98792],[77.53446,12.98844],[77.53301,12.9891],[77.53357,12.98965],[77.53275,12.99006],[77.53292,12.99096],[77.53148,12.99111]]]},"properties":{"osm_id":19883460,"zone_id":"W19883460","label":"Kamakshipalya","admin_level":"10"}},{"type":"Feature","geometry":{"type":"Polygon","coordinates":[[[77.61213,13.0016],[77.61251,13.00685],[77.61345,13.00648],[77.61369,13.00699],[77.61451,13.00661],[77.61466,13.00692],[77.61499,13.00676],[77.61583,13.00845],[77.61622,13.00822],[77.61657,13.00939],[77.61471,13.01005],[77.61534,13.01076],[77.61606,13.01034],[77.61851,13.00943],[77.61908,13.00891],[77.62013,13.00909],[77.62095,13.00966],[77.62179,13.00869],[77.62266,13.00827],[77.62161,13.00711],[77.61996,13.00469],[77.61859,13.00114],[77.61707,13.00183],[77.61545,13.00214],[77.61387,13.00207],[77.61213,13.0016]]]},"properties":{"osm_id":19883461,"zone_id":"W19883461","label":"Sagayapuram","admin_level":"10"}},{"type":"Feature","geometry":{"type":"Polygon","coordinates":[[[77.48151,12.91449],[77.48016,12.91084],[77.48028,12.90976],[77.48221,12.91037],[77.48407,12.91048],[77.48433,12.91062],[77.48466,12.91097],[77.48519,12.91279],[77.48664,12.91052],[77.48692,12.90995],[77.48737,12.90836],[77.48983,12.90868],[77.49017,12.90904],[77.49057,12.91025],[77.49251,12.90976],[77.49496,12.90875],[77.49735,12.90819],[77.49906,12.90711],[77.50322,12.90506],[77.50556,12.90458],[77.5071,12.9038],[77.51231,12.90403],[77.51234,12.90647],[77.51204,12.90727],[77.51202,12.90801],[77.51217,12.90848],[77.51317,12.90919],[77.51348,12.90999],[77.51356,12.91084],[77.51276,12.91089],[77.513,12.91183],[77.51251,12.91201],[77.51253,12.91221],[77.51197,12.91366],[77.51227,12.91594],[77.51256,12.91625],[77.5123,12.9171],[77.51162,12.91815],[77.51151,12.91951],[77.51157,12.91979],[77.51173,12.91984],[77.51182,12.92032],[77.51172,12.92063],[77.51154,12.92073],[77.51171,12.92136],[77.51171,12.92203],[77.51144,12.92368],[77.51043,12.92385],[77.51043,12.92465],[77.50888,12.92477],[77.50827,12.92515],[77.50785,12.92508],[77.50666,12.92538],[77.50659,12.92557],[77.50515,12.92554],[77.50407,12.92713],[77.5028,12.92813],[77.50252,12.92778],[77.50012,12.92608],[77.49921,12.92523],[77.49894,12.92601],[77.49473,12.92399],[77.48579,12.92009],[77.48502,12.91958],[77.48343,12.91768],[77.48203,12.91398],[77.48151,12.91449]]]},"properties":{"osm_id":19883462,"zone_id":"W19883462","label":"Mylasandra","admin_level":"10"}},{"type":"Feature","geometry":{"type":"Polygon","coordinates":[[[77.67934,12.97792],[77.67975,12.98023],[77.68042,12.9825],[77.68044,12.98276],[77.68001,12.98341],[77.67971,12.98363],[77.6798,12.98367],[77.68722,12.97948],[77.68705,12.97937],[77.68681,12.97951],[77.68563,12.97838],[77.6849,12.97803],[77.68456,12.97704],[77.684,12.97595],[77.68425,12.97582],[77.6843,12.9755],[77.68574,12.97465],[77.6859,12.97395],[77.68682,12.97322],[77.68668,12.97209],[77.68609,12.9703],[77.68646,12.97021],[77.68631,12.96996],[77.68639,12.96968],[77.68737,12.9694],[77.68781,12.96907],[77.68779,12.96727],[77.6884,12.96701],[77.68887,12.96232],[77.68935,12.96217],[77.68961,12.96144],[77.68924,12.96],[77.68952,12.95582],[77.68964,12.95542],[77.68758,12.95501],[77.6803,12.95435],[77.67986,12.95442],[77.67996,12.95502],[77.67963,12.95637],[77.67975,12.95686],[77.68033,12.95795],[77.68102,12.95841],[77.68102,12.9599],[77.68206,12.96347],[77.68211,12.96412],[77.6829,12.96556],[77.68301,12.96613],[77.68263,12.96707],[77.68257,12.96905],[77.68244,12.96962],[77.68185,12.97067],[77.68173,12.97172],[77.68226,12.97414],[77.68124,12.97441],[77.68211,12.97687],[77.68121,12.97721],[77.68143,12.97767],[77.67934,12.97792]]]},"properties":{"osm_id":19883463,"zone_id":"W19883463","label":"Sangama Ward","admin_level":"10"}},{"type":"Feature","geometry":{"type":"Polygon","coordinates":[[[77.60159,12.93711],[77.6017,12.93709],[77.6007,12.93152],[77.60043,12.92661],[77.60111,12.92661],[77.60127,12.92691],[77.60329,12.92799],[77.60492,12.92804],[77.60474,12.92743],[77.60444,12.92751],[77.60436,12.92731],[77.6046,12.92723],[77.60455,12.92705],[77.60467,12.92701],[77.60442,12.92631],[77.6051,12.92595],[77.60494,12.92514],[77.60581,12.92533],[77.60619,12.92562],[77.60696,12.92546],[77.60688,12.92503],[77.60827,12.92478],[77.60881,12.92509],[77.60877,12.92588],[77.60914,12.92757],[77.60796,12.92757],[77.60825,12.9309],[77.60812,12.93133],[77.60738,12.93137],[77.60734,12.93224],[77.60838,12.93222],[77.60846,12.93285],[77.61007,12.93278],[77.60983,12.93332],[77.60968,12.93478],[77.60868,12.93544],[77.60939,12.93697],[77.60844,12.93723],[77.60847,12.93751],[77.60813,12.93761],[77.6085,12.93879],[77.60846,12.93923],[77.60581,12.93963],[77.60382,12.94025],[77.60388,12.94049],[77.60266,12.94058],[77.60254,12.93998],[77.60235,12.93984],[77.60235,12.94021],[77.6017,12.94031],[77.60155,12.93982],[77.60143,12.93984],[77.60135,12.93962],[77.601,12.9397],[77.60056,12.93898],[77.60197,12.93871],[77.60159,12.93711]]]},"properties":{"osm_id":19883464,"zone_id":"W19883464","label":"S.G Palya","admin_level":"10"}},{"type":"Feature","geometry":{"type":"Polygon","coordinates":[[[77.49912,13.01394],[77.49976,13.01353],[77.49968,13.01293],[77.49999,13.01188],[77.49976,13.01157],[77.49973,13.01028],[77.49995,13.00935],[77.4998,13.00906],[77.49922,13.00857],[77.4984,13.00905],[77.4971,13.00943],[77.49704,13.00989],[77.49638,13.01018],[77.49339,13.01075],[77.49215,13.01081],[77.49178,13.0095],[77.49053,13.00912],[77.49007,13.0085],[77.48966,13.00819],[77.48737,13.00826],[77.48483,13.00801],[77.4858,13.0069],[77.48615,13.00627],[77.4851,13.00641],[77.48501,13.00593],[77.48528,13.00586],[77.4851,13.00462],[77.48601,13.00446],[77.48581,13.00329],[77.48598,13.00326],[77.48568,13.00195],[77.48369,13.00215],[77.48018,13.00287],[77.47968,13.00038],[77.47876,12.99862],[77.47774,12.99886],[77.47798,13.00026],[77.47695,13.00046],[77.47652,12.99912],[77.47452,12.99938],[77.47422,12.99927],[77.47453,13.0006],[77.47478,13.00075],[77.47542,13.00339],[77.47519,13.00343],[77.47517,13.00437],[77.475,13.00486],[77.4754,13.00645],[77.47284,13.00727],[77.4731,13.00883],[77.47344,13.00876],[77.47399,13.00965],[77.47481,13.01144],[77.47526,13.01315],[77.47637,13.01435],[77.47701,13.01484],[77.47694,13.01543],[77.47741,13.01715],[77.47828,13.01897],[77.4784,13.0196],[77.47883,13.02213],[77.47834,13.02228],[77.4786,13.02621],[77.47954,13.02916],[77.47687,13.03152],[77.47868,13.03504],[77.47991,13.03564],[77.4801,13.03793],[77.48086,13.0384],[77.48134,13.03971],[77.48211,13.04002],[77.48253,13.04072],[77.48389,13.0402],[77.48483,13.03955],[77.48569,13.03958],[77.48712,13.04001],[77.48712,13.03983],[77.4882,13.03981],[77.48859,13.04001],[77.48883,13.03947],[77.48953,13.03862],[77.48935,13.0382],[77.48926,13.03685],[77.48716,13.03677],[77.48651,13.03631],[77.48643,13.03562],[77.4868,13.0353],[77.4867,13.03447],[77.4868,13.0339],[77.48667,13.0336],[77.48751,13.03327],[77.48707,13.03156],[77.4875,13.03035],[77.48906,13.03008],[77.48836,13.02854],[77.48651,13.02889],[77.48574,13.02597],[77.48637,13.02582],[77.48644,13.02559],[77.48633,13.02513],[77.48649,13.02495],[77.48528,13.02429],[77.48488,13.02357],[77.48459,13.02276],[77.48457,13.02201],[77.48393,13.01961],[77.48327,13.01856],[77.48506,13.01851],[77.48573,13.01908],[77.48584,13.0202],[77.4873,13.02013],[77.48724,13.02148],[77.48755,13.02265],[77.48876,13.02217],[77.48857,13.02135],[77.48866,13.0212],[77.48916,13.02124],[77.49024,13.0218],[77.49059,13.02053],[77.49151,13.02101],[77.4916,13.02065],[77.4915,13.01982],[77.4921,13.01977],[77.49205,13.01917],[77.49352,13.01881],[77.49334,13.01771],[77.49336,13.01683],[77.4937,13.01418],[77.49545,13.01417],[77.49722,13.01381],[77.49912,13.01394]]]},"properties":{"osm_id":19883465,"zone_id":"W19883465","label":"Andrahalli","admin_level":"10"}},{"type":"Feature","geometry":{"type":"Polygon","coordinates":[[[77.54546,12.98677],[77.54517,12.98501],[77.54908,12.98442],[77.5492,12.98509],[77.54931,12.98498],[77.5516,12.98456],[77.55416,12.98435],[77.55432,12.98752],[77.55595,12.9875],[77.55606,12.98991],[77.5544,12.98996],[77.55452,12.99156],[77.55559,12.99153],[77.55532,12.99416],[77.5555,12.99432],[77.55457,12.99606],[77.55339,12.9975],[77.55305,12.99818],[77.55028,12.99759],[77.55102,12.9944],[77.55108,12.99346],[77.55093,12.99117],[77.55005,12.98831],[77.54921,12.98914],[77.54882,12.98916],[77.54863,12.98833],[77.54713,12.98884],[77.54666,12.98743],[77.54724,12.98734],[77.5472,12.98637],[77.54546,12.98677]]]},"properties":{"osm_id":19883466,"zone_id":"W19883466","label":"Rajajinagara","admin_level":"10"}},{"type":"Feature","geometry":{"type":"Polygon","coordinates":[[[77.55609,12.89596],[77.55621,12.89609],[77.55833,12.89499],[77.55846,12.89531],[77.55894,12.89519],[77.55912,12.89433],[77.55971,12.89413],[77.56,12.8956],[77.55993,12.8959],[77.56012,12.89614],[77.56017,12.89573],[77.56172,12.89536],[77.56148,12.89393],[77.56183,12.89385],[77.56199,12.89423],[77.56259,12.89426],[77.56579,12.89389],[77.56816,12.89384],[77.56269,12.88892],[77.5616,12.88749],[77.55991,12.88571],[77.55945,12.88553],[77.55894,12.88481],[77.55765,12.8841],[77.55733,12.88377],[77.55708,12.88272],[77.55684,12.88234],[77.55688,12.8817],[77.55677,12.88138],[77.5555,12.88159],[77.55531,12.88151],[77.55462,12.88372],[77.5529,12.88369],[77.5509,12.88412],[77.55666,12.88591],[77.55746,12.88896],[77.55596,12.88951],[77.55588,12.88927],[77.55524,12.88948],[77.55458,12.8869],[77.55401,12.88732],[77.55274,12.88755],[77.55188,12.88755],[77.55235,12.88951],[77.55093,12.88996],[77.55305,12.89241],[77.55127,12.89283],[77.55096,12.89168],[77.55028,12.89201],[77.55014,12.89176],[77.54961,12.8921],[77.55007,12.89329],[77.54968,12.89359],[77.54896,12.89357],[77.54834,12.8926],[77.5468,12.89325],[77.54716,12.89418],[77.54767,12.89401],[77.54807,12.89497],[77.54819,12.8956],[77.54881,12.8968],[77.54893,12.89677],[77.54899,12.89761],[77.55014,12.89687],[77.55083,12.89626],[77.5518,12.89659],[77.55254,12.89628],[77.55271,12.8959],[77.55265,12.89522],[77.55301,12.89494],[77.55448,12.89511],[77.55525,12.89502],[77.55609,12.89596]]]},"properties":{"osm_id":19883467,"zone_id":"W19883467","label":"Vasanthapura","admin_level":"10"}},{"type":"Feature","geometry":{"type":"Polygon","coordinates":[[[77.49197,13.06001],[77.49096,13.05696],[77.49233,13.05474],[77.49247,13.05158],[77.49722,13.05064],[77.49657,13.04899],[77.5073,13.04533],[77.50803,13.04722],[77.50762,13.04944],[77.50788,13.05191],[77.5065,13.05199],[77.50523,13.05237],[77.50569,13.05396],[77.5036,13.05429],[77.50364,13.05534],[77.50307,13.05555],[77.50134,13.0558],[77.50145,13.05631],[77.49854,13.05688],[77.49861,13.05714],[77.49668,13.05713],[77.49578,13.05744],[77.49471,13.0582],[77.49373,13.05864],[77.49197,13.06001]]]},"properties":{"osm_id":19883468,"zone_id":"W19883468","label":"Manjunatha Nagar","admin_level":"10"}},{"type":"Feature","geometry":{"type":"Polygon","coordinates":[[[77.50686,13.06102],[77.50716,13.06086],[77.50799,13.05946],[77.50955,13.05927],[77.51125,13.05883],[77.51146,13.06001],[77.51197,13.05983],[77.51349,13.06072],[77.51411,13.06123],[77.51808,13.06024],[77.51975,13.05916],[77.52054,13.05921],[77.52105,13.05818],[77.51973,13.05141],[77.51934,13.04994],[77.5187,13.04838],[77.5118,13.05329],[77.50936,13.05714],[77.5081,13.05681],[77.50725,13.05678],[77.50686,13.06102]]]},"properties":{"osm_id":19883469,"zone_id":"W19883469","label":"Mallasandra","admin_level":"10"}},{"type":"Feature","geometry":{"type":"Polygon","coordinates":[[[77.53747,12.96333],[77.53685,12.96341],[77.53691,12.96375],[77.53577,12.96385],[77.53494,12.96166],[77.53532,12.96165],[77.53519,12.96132],[77.53559,12.96131],[77.53547,12.96095],[77.53608,12.96098],[77.53549,12.96026],[77.53526,12.96037],[77.53513,12.96004],[77.53444,12.96],[77.53561,12.95716],[77.53525,12.95694],[77.53549,12.95566],[77.53624,12.95491],[77.53565,12.95426],[77.53587,12.95405],[77.53459,12.95307],[77.53135,12.95202],[77.52995,12.95122],[77.52716,12.94733],[77.52638,12.94582],[77.52669,12.94915],[77.52708,12.95143],[77.52777,12.9513],[77.52794,12.9524],[77.52881,12.95223],[77.52891,12.95338],[77.52956,12.95325],[77.5299,12.95496],[77.53103,12.95476],[77.53108,12.95512],[77.53181,12.95501],[77.53184,12.95548],[77.53264,12.95533],[77.5327,12.95659],[77.53453,12.95621],[77.53433,12.95701],[77.53345,12.95889],[77.53308,12.96003],[77.53161,12.95993],[77.52964,12.96054],[77.53003,12.96174],[77.53038,12.96359],[77.53039,12.9647],[77.53132,12.96462],[77.53311,12.96475],[77.53469,12.96438],[77.53604,12.96714],[77.53667,12.96879],[77.53683,12.96876],[77.5388,12.96817],[77.53856,12.96687],[77.5391,12.96671],[77.5391,12.96643],[77.54074,12.96577],[77.54055,12.96435],[77.53757,12.96532],[77.5373,12.96405],[77.53761,12.96401],[77.53747,12.96333]]]},"properties":{"osm_id":19883470,"zone_id":"W19883470","label":"Hampi Nagar","admin_level":"10"}},{"type":"Feature","geometry":{"type":"Polygon","coordinates":[[[77.61697,12.945],[77.61662,12.9452],[77.61614,12.94617],[77.61607,12.947],[77.61644,12.94845],[77.61698,12.94912],[77.61932,12.94745],[77.6203,12.94927],[77.62106,12.94816],[77.622,12.9488],[77.62385,12.94625],[77.62419,12.94623],[77.62626,12.94514],[77.62638,12.94454],[77.62599,12.94442],[77.62617,12.94172],[77.62693,12.94131],[77.627,12.94076],[77.62599,12.94039],[77.62542,12.93988],[77.62178,12.94339],[77.61857,12.94588],[77.61827,12.94599],[77.61796,12.94496],[77.61711,12.94532],[77.61697,12.945]]]},"properties":{"osm_id":19883471,"zone_id":"W19883471","label":"National Games Village","admin_level":"10"}},{"type":"Feature","geometry":{"type":"Polygon","coordinates":[[[77.62302,13.01687],[77.62331,13.01793],[77.6235,13.01941],[77.62342,13.0208],[77.62311,13.0222],[77.62243,13.02377],[77.62156,13.02521],[77.62092,13.02577],[77.62006,13.0262],[77.61965,13.02484],[77.62077,13.02463],[77.62054,13.023],[77.62138,13.02283],[77.62113,13.02178],[77.62072,13.02188],[77.62042,13.02055],[77.61903,13.02064],[77.61867,13.01859],[77.6177,13.01575],[77.61834,13.01547],[77.61847,13.0157],[77.61878,13.0156],[77.619,13.01605],[77.62017,13.01551],[77.62133,13.01532],[77.62153,13.01507],[77.62207,13.01593],[77.6219,13.01602],[77.62205,13.01629],[77.62175,13.01645],[77.62185,13.01663],[77.62227,13.01644],[77.6226,13.01708],[77.62302,13.01687]]]},"properties":{"osm_id":19883472,"zone_id":"W19883472","label":"K.G.Halli","admin_level":"10"}},{"type":"Feature","geometry":{"type":"Polygon","coordinates":[[[77.65501,12.88057],[77.65491,12.8801],[77.6539,12.88039],[77.65357,12.88104],[77.65295,12.88044],[77.65226,12.88202],[77.65198,12.88233],[77.65176,12.8825],[77.65013,12.88294],[77.64949,12.88343],[77.64933,12.88371],[77.64939,12.88618],[77.64616,12.88551],[77.64489,12.8867],[77.64383,12.88521],[77.64263,12.8847],[77.64122,12.88706],[77.64361,12.88764],[77.6439,12.89138],[77.64468,12.89172],[77.64903,12.89092],[77.65039,12.89328],[77.65261,12.89473],[77.6539,12.89444],[77.65601,12.89425],[77.65763,12.89432],[77.65922,12.89468],[77.66167,12.89472],[77.66724,12.894],[77.67159,12.89325],[77.67377,12.89315],[77.67345,12.89094],[77.67252,12.88649],[77.67233,12.88465],[77.66783,12.8855],[77.66816,12.88362],[77.66658,12.88418],[77.66312,12.88446],[77.66053,12.88418],[77.65652,12.88494],[77.65575,12.88339],[77.65501,12.88057]]]},"properties":{"osm_id":19883473,"zone_id":"W19883473","label":"Kudlu","admin_level":"10"}},{"type":"Feature","geometry":{"type":"Polygon","coordinates":[[[77.54142,12.93215],[77.53925,12.93366],[77.53984,12.93569],[77.54058,12.93761],[77.53933,12.93794],[77.53892,12.93982],[77.53865,12.94352],[77.54495,12.94318],[77.54639,12.94277],[77.54602,12.94176],[77.54689,12.94163],[77.5468,12.94133],[77.54643,12.94142],[77.5463,12.94114],[77.54673,12.94101],[77.54667,12.94064],[77.54737,12.94064],[77.54876,12.94037],[77.54865,12.9399],[77.54942,12.93961],[77.54951,12.93897],[77.54906,12.93878],[77.54973,12.93799],[77.55073,12.93875],[77.5515,12.93907],[77.55321,12.93859],[77.55301,12.93736],[77.55216,12.93556],[77.55189,12.93571],[77.55174,12.93544],[77.55105,12.93576],[77.55078,12.93488],[77.55092,12.93472],[77.54941,12.93331],[77.54556,12.92863],[77.54248,12.93138],[77.54142,12.93215]]]},"properties":{"osm_id":19883474,"zone_id":"W19883474","label":"Swamy Vivekananda Ward","admin_level":"10"}},{"type":"Feature","geometry":{"type":"Polygon","coordinates":[[[77.70215,12.96582],[77.7031,12.9666],[77.70323,12.9662],[77.7035,12.96617],[77.70343,12.96698],[77.70417,12.96774],[77.70524,12.96857],[77.70566,12.96743],[77.70704,12.96779],[77.70724,12.96765],[77.7081,12.96562],[77.70837,12.96374],[77.71364,12.96476],[77.71356,12.96516],[77.71411,12.96527],[77.71398,12.96607],[77.71407,12.9677],[77.71631,12.96753],[77.71721,12.96718],[77.71815,12.96646],[77.71835,12.96595],[77.71838,12.96546],[77.71827,12.96493],[77.71683,12.96237],[77.7161,12.95944],[77.71475,12.95588],[77.70488,12.95665],[77.70487,12.95716],[77.70462,12.95779],[77.70403,12.96228],[77.70343,12.96165],[77.70162,12.96189],[77.70215,12.96582]]]},"properties":{"osm_id":19883475,"zone_id":"W19883475","label":"Priyadarshini Ward","admin_level":"10"}},{"type":"Feature","geometry":{"type":"Polygon","coordinates":[[[77.64495,12.91898],[77.6451,12.92199],[77.64677,12.92344],[77.6482,12.9242],[77.64924,12.92436],[77.65005,12.92431],[77.65019,12.92442],[77.65164,12.92424],[77.65174,12.92422],[77.65149,12.923],[77.6515,12.92118],[77.6536,12.92096],[77.65361,12.92045],[77.65466,12.92045],[77.66035,12.91634],[77.662,12.91826],[77.66279,12.9212],[77.66116,12.92161],[77.66247,12.92614],[77.66276,12.92673],[77.66195,12.92652],[77.66221,12.92794],[77.66263,12.92854],[77.66376,12.92804],[77.66493,12.92814],[77.66511,12.92836],[77.66586,12.93035],[77.6664,12.93101],[77.66692,12.9312],[77.66804,12.93124],[77.66778,12.92882],[77.6685,12.92868],[77.66893,12.9272],[77.66901,12.92612],[77.66887,12.92323],[77.66808,12.9233],[77.66778,12.92166],[77.66676,12.92101],[77.66538,12.92109],[77.66201,12.91772],[77.66121,12.91572],[77.66004,12.91515],[77.66057,12.91392],[77.65986,12.91108],[77.65982,12.91016],[77.65995,12.9099],[77.65901,12.90945],[77.65706,12.90964],[77.65655,12.90919],[77.65508,12.9038],[77.6548,12.90172],[77.65493,12.90021],[77.65621,12.90016],[77.65684,12.89988],[77.6566,12.89898],[77.65507,12.89962],[77.65495,12.89927],[77.65402,12.89941],[77.65404,12.89975],[77.65328,12.89993],[77.65344,12.9006],[77.65177,12.90113],[77.65071,12.90177],[77.65044,12.90349],[77.65027,12.90366],[77.64873,12.90353],[77.64898,12.9048],[77.64905,12.90667],[77.64935,12.90899],[77.64903,12.91195],[77.6519,12.91199],[77.65169,12.91974],[77.65069,12.91972],[77.64929,12.91949],[77.64722,12.91945],[77.6471,12.91892],[77.64495,12.91898]]]},"properties":{"osm_id":19883476,"zone_id":"W19883476","label":"Iblur","admin_level":"10"}},{"type":"Feature","geometry":{"type":"Polygon","coordinates":[[[77.59229,12.956],[77.60024,12.94978],[77.60054,12.94974],[77.60346,12.95055],[77.60263,12.94836],[77.60213,12.94856],[77.60174,12.94843],[77.60026,12.9489],[77.5993,12.94624],[77.59823,12.9467],[77.59768,12.94592],[77.59624,12.94688],[77.59558,12.94591],[77.59488,12.94652],[77.59418,12.94742],[77.59291,12.94998],[77.59179,12.95106],[77.58714,12.95272],[77.58567,12.95389],[77.58346,12.95462],[77.58369,12.95631],[77.58572,12.95556],[77.58627,12.95781],[77.58676,12.95906],[77.58837,12.95858],[77.5881,12.95779],[77.58749,12.95798],[77.58736,12.95757],[77.58804,12.95737],[77.58785,12.95667],[77.58854,12.95646],[77.58872,12.95706],[77.58964,12.95677],[77.58943,12.95602],[77.58954,12.95594],[77.58914,12.95458],[77.59144,12.95381],[77.59229,12.956]]]},"properties":{"osm_id":19883477,"zone_id":"W19883477","label":"Hombegowda Nagara","admin_level":"10"}},{"type":"Feature","geometry":{"type":"Polygon","coordinates":[[[77.52704,12.9512],[77.52733,12.95293],[77.52863,12.95681],[77.52841,12.95708],[77.52695,12.95799],[77.52527,12.95873],[77.51937,12.95965],[77.51887,12.95815],[77.51928,12.95764],[77.51961,12.95661],[77.5197,12.9545],[77.51958,12.95449],[77.51996,12.95321],[77.52143,12.95289],[77.52139,12.95271],[77.52364,12.95243],[77.52354,12.95175],[77.5259,12.95155],[77.52647,12.95129],[77.52704,12.9512]]]},"properties":{"osm_id":19883478,"zone_id":"W19883478","label":"Chandra Layout","admin_level":"10"}},{"type":"Feature","geometry":{"type":"Polygon","coordinates":[[[77.52708,12.95143],[77.52777,12.9513],[77.52794,12.9524],[77.52881,12.95223],[77.52891,12.95338],[77.52956,12.95325],[77.5299,12.95496],[77.53103,12.95476],[77.53108,12.95512],[77.53181,12.95501],[77.53184,12.95548],[77.53264,12.95533],[77.5327,12.95659],[77.53453,12.95621],[77.53433,12.95701],[77.53345,12.95889],[77.53308,12.96003],[77.53161,12.95993],[77.52964,12.96054],[77.53003,12.96174],[77.53042,12.96425],[77.53039,12.9647],[77.5295,12.96494],[77.52643,12.9646],[77.52673,12.96364],[77.52657,12.96278],[77.52671,12.96199],[77.52631,12.962],[77.5263,12.96222],[77.52395,12.96168],[77.52328,12.96173],[77.52316,12.96224],[77.5226,12.96213],[77.52197,12.96174],[77.52064,12.96179],[77.52032,12.96049],[77.51932,12.95966],[77.52527,12.95873],[77.52695,12.95799],[77.52841,12.95708],[77.52863,12.95681],[77.52733,12.95293],[77.52708,12.95143]]]},"properties":{"osm_id":19883479,"zone_id":"W19883479","label":"Attigupe","admin_level":"10"}},{"type":"Feature","geometry":{"type":"Polygon","coordinates":[[[77.56145,12.98828],[77.56396,12.98818],[77.56405,12.98859],[77.56374,12.98862],[77.56379,12.98923],[77.56196,12.98929],[77.56198,12.98971],[77.56212,12.98976],[77.56209,12.99023],[77.56384,12.99017],[77.56387,12.99103],[77.56518,12.991],[77.56518,12.99133],[77.56392,12.99146],[77.56375,12.99177],[77.5631,12.99186],[77.56346,12.99368],[77.56012,12.99393],[77.56038,12.99458],[77.55915,12.99499],[77.55921,12.99525],[77.55875,12.99533],[77.55912,12.99278],[77.55752,12.99259],[77.5569,12.99237],[77.55791,12.99102],[77.559,12.99167],[77.5604,12.992],[77.56104,12.9903],[77.56076,12.99014],[77.56096,12.9892],[77.56115,12.9892],[77.56119,12.98872],[77.56145,12.98828]]]},"properties":{"osm_id":19883480,"zone_id":"W19883480","label":"Bandi Reddy Circle Ward","admin_level":"10"}},{"type":"Feature","geometry":{"type":"Polygon","coordinates":[[[77.48512,12.98528],[77.48477,12.98687],[77.48499,12.98817],[77.48508,12.99129],[77.48522,12.99209],[77.48763,12.99157],[77.48816,12.99224],[77.4875,12.99242],[77.48799,12.99442],[77.48843,12.99431],[77.48828,12.99389],[77.48873,12.99375],[77.48897,12.99434],[77.49009,12.99419],[77.49014,12.99467],[77.4916,12.9945],[77.49461,12.99348],[77.49475,12.9939],[77.49386,12.99448],[77.49434,12.99532],[77.49303,12.99609],[77.49344,12.9967],[77.49378,12.99644],[77.49486,12.99776],[77.49489,12.99797],[77.49325,12.99817],[77.49347,12.99894],[77.49461,12.99872],[77.49512,13.00039],[77.49637,13.00011],[77.4969,12.99968],[77.4979,12.99921],[77.49885,12.99906],[77.49868,12.99876],[77.49905,12.99857],[77.49911,12.99877],[77.49995,12.99853],[77.49979,12.998],[77.50148,12.99689],[77.50134,12.99666],[77.50147,12.99656],[77.5005,12.99575],[77.50018,12.99428],[77.49924,12.99132],[77.49837,12.99095],[77.49811,12.99031],[77.49694,12.9895],[77.49699,12.98858],[77.48512,12.98528]]]},"properties":{"osm_id":19883481,"zone_id":"W19883481","label":"Herohalli","admin_level":"10"}},{"type":"Feature","geometry":{"type":"Polygon","coordinates":[[[77.64588,13.02318],[77.64521,13.02347],[77.64513,13.01955],[77.64484,13.01498],[77.64615,13.01489],[77.64902,13.01433],[77.64776,13.01256],[77.64712,13.01205],[77.64814,13.01048],[77.64891,13.00968],[77.64948,13.00925],[77.65006,13.00918],[77.65088,13.00885],[77.65001,13.00733],[77.65063,13.00696],[77.65157,13.00669],[77.65126,13.00608],[77.65288,13.00582],[77.65409,13.00679],[77.6562,13.00907],[77.65817,13.01048],[77.65951,13.01122],[77.6618,13.01205],[77.66233,13.01241],[77.66209,13.01573],[77.66194,13.0162],[77.66171,13.01641],[77.64588,13.02318]]]},"properties":{"osm_id":19883482,"zone_id":"W19883482","label":"Banaswadi","admin_level":"10"}},{"type":"Feature","geometry":{"type":"Polygon","coordinates":[[[77.54288,12.91778],[77.54317,12.91764],[77.5447,12.91752],[77.54476,12.91829],[77.54672,12.91803],[77.54686,12.91833],[77.54859,12.91804],[77.54846,12.91717],[77.5481,12.91716],[77.54804,12.91649],[77.5506,12.91578],[77.55051,12.91532],[77.5521,12.91502],[77.55364,12.91436],[77.55327,12.91391],[77.55221,12.91184],[77.55118,12.91253],[77.5507,12.91304],[77.5504,12.9131],[77.55005,12.91159],[77.55145,12.91099],[77.55186,12.91147],[77.55242,12.9117],[77.55426,12.91131],[77.55485,12.91158],[77.55582,12.91146],[77.55489,12.90957],[77.55467,12.90953],[77.55444,12.90867],[77.55376,12.90894],[77.55199,12.90927],[77.55216,12.90981],[77.55128,12.91001],[77.55113,12.90951],[77.55022,12.90978],[77.54922,12.90915],[77.54677,12.90983],[77.54685,12.91077],[77.54612,12.91053],[77.5452,12.91001],[77.54461,12.90982],[77.54438,12.90988],[77.54396,12.90911],[77.5442,12.90898],[77.54393,12.90842],[77.54414,12.90833],[77.54341,12.90647],[77.54287,12.90663],[77.54382,12.90891],[77.54353,12.90899],[77.54277,12.90728],[77.54255,12.90734],[77.54251,12.90723],[77.54208,12.90739],[77.54299,12.90878],[77.54254,12.90915],[77.5411,12.90879],[77.53983,12.9081],[77.53896,12.9086],[77.53875,12.90866],[77.53847,12.90853],[77.53935,12.91033],[77.53871,12.91052],[77.53884,12.91108],[77.53939,12.91099],[77.53954,12.91169],[77.54041,12.91152],[77.54237,12.91082],[77.54278,12.91223],[77.54305,12.91216],[77.54373,12.914],[77.54397,12.91394],[77.54481,12.91613],[77.5435,12.91646],[77.54375,12.91602],[77.54368,12.91586],[77.54294,12.91608],[77.54247,12.91707],[77.54262,12.91716],[77.54288,12.91778]]]},"properties":{"osm_id":19883483,"zone_id":"W19883483","label":"Sarvabhouma Nagar","admin_level":"10"}},{"type":"Feature","geometry":{"type":"Polygon","coordinates":[[[77.57144,13.02845],[77.57125,13.02846],[77.56999,13.032],[77.56948,13.03288],[77.56799,13.03484],[77.56646,13.03644],[77.56498,13.03828],[77.56465,13.0381],[77.56457,13.03626],[77.56335,13.03636],[77.56319,13.03562],[77.56427,13.03468],[77.56387,13.03196],[77.56235,13.03207],[77.56228,13.03094],[77.56162,13.02866],[77.55998,13.03093],[77.55841,13.02724],[77.56066,13.02634],[77.55894,13.02202],[77.56019,13.02155],[77.56027,13.02182],[77.56119,13.02144],[77.56125,13.02154],[77.56149,13.02143],[77.56159,13.02218],[77.56312,13.02249],[77.56287,13.02362],[77.56183,13.02633],[77.56178,13.02678],[77.56202,13.02821],[77.56271,13.03005],[77.56433,13.02975],[77.56694,13.02809],[77.56743,13.028],[77.56979,13.02793],[77.5715,13.02759],[77.57144,13.02845]]]},"properties":{"osm_id":19883484,"zone_id":"W19883484","label":"Aramane Nagara","admin_level":"10"}},{"type":"Feature","geometry":{"type":"Polygon","coordinates":[[[77.6636,12.98372],[77.66287,12.98328],[77.66183,12.98325],[77.66132,12.98346],[77.66091,12.9841],[77.66016,12.98406],[77.65872,12.98312],[77.65834,12.98137],[77.65524,12.98025],[77.65272,12.97905],[77.65116,12.98072],[77.65056,12.98159],[77.64838,12.98526],[77.64811,12.98606],[77.64805,12.98677],[77.64793,12.98685],[77.66416,12.99448],[77.66553,12.99238],[77.66626,12.99158],[77.66691,12.99105],[77.66836,12.99019],[77.66816,12.98984],[77.66763,12.98953],[77.66741,12.98867],[77.66753,12.98594],[77.66782,12.98587],[77.66797,12.98549],[77.66726,12.98517],[77.66676,12.98511],[77.66393,12.98554],[77.66373,12.98393],[77.6636,12.98372]]]},"properties":{"osm_id":19883485,"zone_id":"W19883485","label":"Nagavarapalya","admin_level":"10"}},{"type":"Feature","geometry":{"type":"Polygon","coordinates":[[[77.60881,12.92509],[77.60827,12.92478],[77.60853,12.92482],[77.60873,12.92388],[77.60842,12.92375],[77.60887,12.92288],[77.60885,12.92231],[77.60871,12.92212],[77.60848,12.92102],[77.60802,12.92002],[77.60807,12.91977],[77.60723,12.91655],[77.61427,12.91645],[77.61433,12.91783],[77.61265,12.91787],[77.61284,12.91888],[77.61206,12.91907],[77.61217,12.91968],[77.61297,12.91964],[77.61355,12.92127],[77.61489,12.92065],[77.61523,12.9213],[77.61469,12.92174],[77.61541,12.92316],[77.61464,12.92339],[77.61463,12.92349],[77.61382,12.92352],[77.61338,12.92386],[77.61181,12.92423],[77.61024,12.92491],[77.60938,12.92502],[77.60896,12.92493],[77.60881,12.92509]]]},"properties":{"osm_id":19883486,"zone_id":"W19883486","label":"New Tavarekere","admin_level":"10"}},{"type":"Feature","geometry":{"type":"Polygon","coordinates":[[[77.54243,12.9857],[77.5446,12.9851],[77.54908,12.98442],[77.54902,12.98081],[77.55385,12.98062],[77.55374,12.97984],[77.55527,12.98012],[77.55475,12.97845],[77.55455,12.97733],[77.55516,12.97703],[77.55449,12.97557],[77.55296,12.97537],[77.55096,12.97388],[77.55047,12.97369],[77.54998,12.97377],[77.54833,12.97509],[77.5469,12.9766],[77.54559,12.97761],[77.54407,12.97823],[77.5443,12.97923],[77.54438,12.9808],[77.54281,12.98089],[77.54285,12.98176],[77.54257,12.98328],[77.54203,12.98317],[77.54188,12.98525],[77.54238,12.98512],[77.54243,12.9857]]]},"properties":{"osm_id":19883487,"zone_id":"W19883487","label":"Dr Rajkumar Ward","admin_level":"10"}},{"type":"Feature","geometry":{"type":"Polygon","coordinates":[[[77.57685,12.96416],[77.57868,12.96798],[77.5813,12.96651],[77.58234,12.96851],[77.58235,12.96842],[77.58298,12.97013],[77.58279,12.97032],[77.58287,12.97184],[77.58445,12.97036],[77.58436,12.9687],[77.58529,12.96774],[77.58744,12.96681],[77.58662,12.96577],[77.58673,12.96551],[77.5898,12.96286],[77.59117,12.96258],[77.59092,12.96154],[77.59157,12.96138],[77.59136,12.96065],[77.59074,12.96084],[77.59066,12.9606],[77.58989,12.96081],[77.58937,12.95904],[77.58713,12.95955],[77.58827,12.96104],[77.5841,12.96149],[77.58524,12.96384],[77.58204,12.96337],[77.57824,12.96371],[77.57685,12.96416]]]},"properties":{"osm_id":19883488,"zone_id":"W19883488","label":"Dharmaraya Swamy Temple Ward","admin_level":"10"}},{"type":"Feature","geometry":{"type":"Polygon","coordinates":[[[77.50537,12.92966],[77.50612,12.92955],[77.50718,12.92909],[77.50984,12.9291],[77.50985,12.9289],[77.51097,12.9289],[77.511,12.92995],[77.51087,12.93056],[77.51097,12.93245],[77.50959,12.93301],[77.50918,12.93294],[77.50897,12.93311],[77.5091,12.93325],[77.51116,12.9349],[77.51205,12.93525],[77.51497,12.93609],[77.5167,12.93634],[77.51834,12.93639],[77.51782,12.93474],[77.51808,12.93441],[77.51803,12.93367],[77.51755,12.93261],[77.51769,12.93222],[77.51877,12.93172],[77.5209,12.92993],[77.52003,12.92658],[77.52187,12.92594],[77.52312,12.92529],[77.52223,12.92205],[77.52401,12.92164],[77.52398,12.9213],[77.52471,12.92129],[77.52456,12.91923],[77.52403,12.91923],[77.52411,12.91849],[77.52379,12.9178],[77.52341,12.91783],[77.52322,12.91713],[77.52354,12.91701],[77.52296,12.91476],[77.5207,12.91488],[77.52098,12.91125],[77.52109,12.90384],[77.52131,12.90285],[77.5203,12.90261],[77.51982,12.90263],[77.51231,12.90403],[77.51234,12.90647],[77.51204,12.90727],[77.51202,12.90801],[77.51217,12.90848],[77.51317,12.90919],[77.51348,12.90999],[77.51356,12.91084],[77.51276,12.91089],[77.513,12.91183],[77.51251,12.91201],[77.51253,12.91221],[77.51197,12.91366],[77.51227,12.91594],[77.51256,12.91625],[77.5123,12.9171],[77.51162,12.91815],[77.51151,12.91951],[77.51157,12.91979],[77.51173,12.91984],[77.51182,12.92032],[77.51172,12.92063],[77.51154,12.92073],[77.51171,12.92136],[77.51171,12.92203],[77.51144,12.92368],[77.51043,12.92385],[77.51043,12.92465],[77.50888,12.92477],[77.50827,12.92515],[77.50785,12.92508],[77.50666,12.92538],[77.50659,12.92557],[77.50515,12.92554],[77.50407,12.92713],[77.5028,12.92813],[77.50382,12.92919],[77.50537,12.92966]]]},"properties":{"osm_id":19883489,"zone_id":"W19883489","label":"Rajarajeshwari Nagara","admin_level":"10"}},{"type":"Feature","geometry":{"type":"Polygon","coordinates":[[[77.58933,12.90113],[77.58875,12.90107],[77.58889,12.90038],[77.58838,12.90032],[77.58852,12.90006],[77.58754,12.89983],[77.58758,12.89943],[77.58699,12.89941],[77.58692,12.89788],[77.58585,12.89781],[77.58611,12.89697],[77.58315,12.89687],[77.58322,12.89757],[77.58265,12.89788],[77.58107,12.89784],[77.5799,12.89717],[77.57955,12.89682],[77.5797,12.89591],[77.58068,12.89326],[77.5809,12.89211],[77.58181,12.89217],[77.58186,12.89128],[77.58259,12.89046],[77.58583,12.88942],[77.58828,12.88902],[77.59023,12.88945],[77.59053,12.89014],[77.59159,12.88987],[77.59206,12.89144],[77.59008,12.89234],[77.5898,12.89439],[77.58977,12.89585],[77.59002,12.89586],[77.59001,12.89757],[77.59157,12.89802],[77.59132,12.8998],[77.58955,12.89958],[77.58933,12.90113]]]},"properties":{"osm_id":19883490,"zone_id":"W19883490","label":"Puttenahalli","admin_level":"10"}},{"type":"Feature","geometry":{"type":"Polygon","coordinates":[[[77.56781,12.99338],[77.56561,12.99345],[77.56346,12.99368],[77.5631,12.99186],[77.56375,12.99177],[77.56392,12.99146],[77.56518,12.99133],[77.56518,12.991],[77.56387,12.99103],[77.56384,12.99017],[77.56209,12.99023],[77.56212,12.98976],[77.56198,12.98971],[77.56196,12.98929],[77.56379,12.98923],[77.56374,12.98862],[77.56405,12.98859],[77.56399,12.98836],[77.5651,12.9883],[77.56511,12.98854],[77.56793,12.9884],[77.56781,12.99338]]]},"properties":{"osm_id":19883491,"zone_id":"W19883491","label":"Dayanand Nagara","admin_level":"10"}},{"type":"Feature","geometry":{"type":"Polygon","coordinates":[[[77.55305,12.99818],[77.5554,12.99863],[77.5563,12.99861],[77.55787,12.99824],[77.56057,12.99718],[77.56011,12.997],[77.55985,12.99668],[77.55941,12.99595],[77.55921,12.99525],[77.55875,12.99533],[77.55912,12.99278],[77.55752,12.99259],[77.5569,12.99237],[77.55791,12.99102],[77.55606,12.98991],[77.5544,12.98996],[77.55452,12.99156],[77.55559,12.99153],[77.55532,12.99416],[77.5555,12.99432],[77.55457,12.99606],[77.55339,12.9975],[77.55305,12.99818]]]},"properties":{"osm_id":19883492,"zone_id":"W19883492","label":"Prakash Nagara","admin_level":"10"}},{"type":"Feature","geometry":{"type":"Polygon","coordinates":[[[77.73176,12.98814],[77.72616,12.98924],[77.72455,12.99008],[77.72149,12.99102],[77.71957,12.99219],[77.71638,12.99231],[77.71444,12.99181],[77.71406,12.99181],[77.71095,12.99274],[77.70907,12.99284],[77.70929,12.99397],[77.70929,12.99501],[77.70826,12.99608],[77.70826,12.99673],[77.70894,12.99753],[77.7093,12.99749],[77.70935,12.99785],[77.70867,12.99784],[77.70874,12.99869],[77.70587,12.99931],[77.70693,13.00294],[77.70713,13.00431],[77.71034,13.00428],[77.71355,13.00464],[77.71585,13.00444],[77.71829,13.00455],[77.71896,13.00613],[77.7197,13.01009],[77.72619,13.0102],[77.72805,13.01054],[77.73141,13.01082],[77.73284,13.01077],[77.73396,13.0102],[77.73567,13.01093],[77.73623,13.01076],[77.73615,13.00761],[77.73558,13.00701],[77.73555,13.00639],[77.73495,13.00603],[77.7336,13.00565],[77.73157,13.00547],[77.73066,13.00554],[77.73046,13.00502],[77.7303,13.00494],[77.72932,13.00548],[77.72843,13.00469],[77.72814,13.0042],[77.7278,13.00427],[77.72739,13.00388],[77.72528,13.00357],[77.72349,13.0036],[77.72325,13.0022],[77.72214,12.9993],[77.72202,12.99864],[77.71988,12.99592],[77.7216,12.99559],[77.72499,12.99551],[77.73155,12.99661],[77.73326,12.9933],[77.73418,12.98862],[77.73419,12.98783],[77.73176,12.98814]]]},"properties":{"osm_id":19883493,"zone_id":"W19883493","label":"Hoodi","admin_level":"10"}},{"type":"Feature","geometry":{"type":"Polygon","coordinates":[[[77.6623,13.01239],[77.66228,13.01327],[77.66309,13.01305],[77.66311,13.0133],[77.66354,13.01336],[77.6655,13.0148],[77.66656,13.01525],[77.6669,13.01535],[77.6701,13.01494],[77.67007,13.01442],[77.66991,13.01444],[77.66971,13.01178],[77.66958,13.0118],[77.66943,13.01087],[77.66782,13.01111],[77.66768,13.01023],[77.67005,13.00987],[77.66994,13.00926],[77.66969,13.0093],[77.6696,13.00873],[77.67088,13.00868],[77.6707,13.00705],[77.67073,13.00579],[77.67025,13.00471],[77.67009,13.00375],[77.67085,13.00364],[77.67083,13.00308],[77.66916,13.00301],[77.66915,13.00322],[77.66801,13.00338],[77.6677,13.0028],[77.66755,13.00187],[77.66765,12.9997],[77.66702,12.99939],[77.6671,12.99914],[77.66404,12.99753],[77.66359,12.99826],[77.66319,13.00456],[77.66257,13.00819],[77.6623,13.01239]]]},"properties":{"osm_id":19883494,"zone_id":"W19883494","label":"Dooravaninagar","admin_level":"10"}},{"type":"Feature","geometry":{"type":"Polygon","coordinates":[[[77.56624,12.91373],[77.56736,12.91228],[77.5668,12.90951],[77.56403,12.90943],[77.56217,12.90882],[77.55693,12.90456],[77.55635,12.90294],[77.55496,12.90341],[77.55423,12.90329],[77.55343,12.90335],[77.55242,12.90382],[77.55183,12.90357],[77.55146,12.90365],[77.55103,12.90392],[77.55089,12.90435],[77.55025,12.90447],[77.55016,12.90431],[77.55033,12.90415],[77.55032,12.90398],[77.54907,12.90421],[77.54909,12.90392],[77.54838,12.90348],[77.54825,12.90431],[77.54835,12.90538],[77.54928,12.90777],[77.55194,12.90704],[77.55356,12.90633],[77.55463,12.90913],[77.55467,12.90953],[77.55489,12.90957],[77.55583,12.91152],[77.55637,12.91175],[77.55846,12.91154],[77.55829,12.91062],[77.55852,12.90977],[77.55851,12.90865],[77.55937,12.90912],[77.56013,12.90992],[77.56081,12.90954],[77.56121,12.91012],[77.56166,12.91056],[77.5619,12.91063],[77.5621,12.91214],[77.56274,12.91206],[77.56285,12.91295],[77.56187,12.91307],[77.56192,12.91346],[77.56598,12.91289],[77.56624,12.91373]]]},"properties":{"osm_id":19883495,"zone_id":"W19883495","label":"Gowdanapalya","admin_level":"10"}},{"type":"Feature","geometry":{"type":"Polygon","coordinates":[[[77.47509,12.9715],[77.47509,12.97294],[77.47486,12.97435],[77.47484,12.97567],[77.4743,12.97959],[77.47379,12.98222],[77.47345,12.98332],[77.47306,12.984],[77.47226,12.98485],[77.4698,12.9863],[77.46845,12.9867],[77.47006,12.98988],[77.47865,12.98587],[77.48193,12.98513],[77.48312,12.98499],[77.48427,12.98505],[77.49755,12.98871],[77.49588,12.98645],[77.49563,12.9853],[77.49432,12.98226],[77.49394,12.98164],[77.4932,12.97925],[77.49337,12.97804],[77.49364,12.97813],[77.49364,12.97698],[77.49372,12.97677],[77.49393,12.97672],[77.49399,12.97624],[77.49532,12.97602],[77.49534,12.97568],[77.49512,12.97554],[77.49489,12.97508],[77.49445,12.97329],[77.49465,12.9715],[77.4952,12.97136],[77.49553,12.97091],[77.49546,12.97034],[77.49668,12.9701],[77.4977,12.97023],[77.49839,12.97014],[77.49805,12.96976],[77.49449,12.97041],[77.49231,12.96997],[77.49155,12.97007],[77.4881,12.97137],[77.48777,12.96895],[77.48816,12.96758],[77.48774,12.96611],[77.48509,12.96673],[77.4854,12.96814],[77.48418,12.96965],[77.48462,12.97082],[77.48274,12.9715],[77.48245,12.97107],[77.48163,12.97133],[77.48125,12.97036],[77.4798,12.97066],[77.47917,12.97094],[77.47901,12.97116],[77.47509,12.9715]]]},"properties":{"osm_id":19883496,"zone_id":"W19883496","label":"Byadarahalli","admin_level":"10"}},{"type":"Feature","geometry":{"type":"Polygon","coordinates":[[[77.51508,13.01811],[77.51553,13.01891],[77.51723,13.01832],[77.51752,13.01817],[77.51751,13.01802],[77.51881,13.01807],[77.5188,13.01726],[77.51766,13.0174],[77.51749,13.01614],[77.51781,13.01587],[77.51777,13.01567],[77.51829,13.01559],[77.51815,13.01477],[77.5187,13.0147],[77.51855,13.01355],[77.51794,13.01364],[77.51787,13.01338],[77.51822,13.01325],[77.51812,13.01279],[77.51854,13.01267],[77.51969,13.01265],[77.52034,13.01247],[77.52122,13.01264],[77.5214,13.01246],[77.52283,13.01279],[77.52304,13.01295],[77.52241,13.01482],[77.52217,13.01599],[77.522,13.01827],[77.52679,13.02152],[77.5235,13.02267],[77.52183,13.02362],[77.52148,13.02407],[77.51975,13.02852],[77.51101,13.02506],[77.51111,13.02506],[77.51085,13.02447],[77.5095,13.02241],[77.51426,13.01949],[77.5138,13.01873],[77.51508,13.01811]]]},"properties":{"osm_id":19883497,"zone_id":"W19883497","label":"Parvathi Nagar","admin_level":"10"}},{"type":"Feature","geometry":{"type":"Polygon","coordinates":[[[77.70222,13.01058],[77.70204,13.01064],[77.70116,13.0104],[77.70074,13.0117],[77.70079,13.0119],[77.69926,13.01246],[77.70038,13.01471],[77.70113,13.0155],[77.702,13.01605],[77.70436,13.01702],[77.70956,13.01999],[77.71356,13.02246],[77.72481,13.02865],[77.72511,13.02712],[77.72515,13.02593],[77.72566,13.02594],[77.7295,13.0202],[77.73009,13.01982],[77.73012,13.01904],[77.7298,13.0177],[77.7291,13.01546],[77.72866,13.01445],[77.72808,13.01054],[77.72619,13.0102],[77.71992,13.01005],[77.71942,13.01021],[77.71848,13.00992],[77.71781,13.00991],[77.71788,13.01115],[77.71795,13.0113],[77.71843,13.01123],[77.7185,13.01228],[77.71711,13.01223],[77.71703,13.01417],[77.71634,13.01394],[77.71558,13.01313],[77.71557,13.01284],[77.71449,13.01299],[77.71432,13.0117],[77.71374,13.01126],[77.71312,13.01127],[77.71222,13.01102],[77.71188,13.01114],[77.71001,13.01113],[77.71008,13.01059],[77.70982,13.00973],[77.70622,13.01036],[77.70467,13.01045],[77.70268,13.01034],[77.70222,13.01058]]]},"properties":{"osm_id":19883498,"zone_id":"W19883498","label":"Medahalli","admin_level":"10"}},{"type":"Feature","geometry":{"type":"Polygon","coordinates":[[[77.51779,12.93638],[77.51576,12.93621],[77.51383,12.93579],[77.51354,12.93647],[77.51276,12.93741],[77.51279,12.93836],[77.51388,12.93874],[77.51427,12.9394],[77.5146,12.93968],[77.51467,12.9402],[77.51445,12.9407],[77.51472,12.94132],[77.51469,12.94212],[77.51538,12.94207],[77.51562,12.94217],[77.51586,12.94266],[77.51589,12.94344],[77.51604,12.94388],[77.51625,12.94409],[77.5168,12.94407],[77.51701,12.94449],[77.51677,12.94494],[77.51619,12.94535],[77.51501,12.94683],[77.51272,12.94791],[77.51284,12.94832],[77.51274,12.94858],[77.51119,12.94983],[77.51104,12.95035],[77.51113,12.95108],[77.51146,12.9517],[77.51119,12.95274],[77.51122,12.95365],[77.51129,12.95383],[77.51199,12.95432],[77.51219,12.95466],[77.51215,12.95504],[77.51194,12.95514],[77.51172,12.95555],[77.51205,12.95655],[77.51179,12.9571],[77.51201,12.95841],[77.51188,12.95869],[77.51162,12.95871],[77.51161,12.95919],[77.51176,12.95937],[77.51201,12.95933],[77.51293,12.95861],[77.51326,12.95814],[77.51373,12.95821],[77.51395,12.95793],[77.5141,12.958],[77.51436,12.9577],[77.51448,12.95771],[77.51476,12.95822],[77.51498,12.95931],[77.51552,12.9597],[77.51577,12.96019],[77.51597,12.96084],[77.51606,12.9618],[77.51655,12.96189],[77.51739,12.96175],[77.51776,12.96196],[77.51779,12.96224],[77.51745,12.9632],[77.51747,12.9638],[77.51802,12.96422],[77.51847,12.96534],[77.51844,12.96546],[77.51752,12.96595],[77.5174,12.96648],[77.51759,12.96666],[77.51823,12.96669],[77.51954,12.96662],[77.51925,12.96462],[77.52005,12.96455],[77.51983,12.96397],[77.52052,12.96375],[77.52048,12.96347],[77.52085,12.9634],[77.52068,12.96183],[77.52037,12.96058],[77.51939,12.95978],[77.51887,12.95815],[77.51928,12.95764],[77.51961,12.95661],[77.5197,12.9545],[77.51958,12.95449],[77.51996,12.95321],[77.52143,12.95289],[77.52139,12.95271],[77.52364,12.95243],[77.52354,12.95175],[77.5259,12.95155],[77.52647,12.95129],[77.52704,12.9512],[77.52666,12.94855],[77.52413,12.94952],[77.52316,12.9496],[77.52307,12.94946],[77.52253,12.9494],[77.52218,12.9499],[77.52195,12.94933],[77.52058,12.94957],[77.52007,12.94658],[77.51973,12.94661],[77.51968,12.94616],[77.51866,12.94635],[77.51861,12.94591],[77.51882,12.94589],[77.51869,12.94491],[77.51848,12.94492],[77.51841,12.94418],[77.51996,12.9439],[77.52,12.94283],[77.52049,12.94285],[77.52053,12.94204],[77.52132,12.94213],[77.52143,12.94183],[77.51849,12.94064],[77.51779,12.93638]]]},"properties":{"osm_id":19883499,"zone_id":"W19883499","label":"Nagarbhavi","admin_level":"10"}},{"type":"Feature","geometry":{"type":"Polygon","coordinates":[[[77.53659,13.00124],[77.53582,13.00372],[77.53657,13.00334],[77.53682,13.00387],[77.53772,13.00456],[77.53812,13.00508],[77.53947,13.0045],[77.54086,13.00419],[77.54112,13.00616],[77.54221,13.00587],[77.54271,13.00705],[77.54235,13.00717],[77.54262,13.00809],[77.54302,13.00802],[77.54315,13.00867],[77.54354,13.00861],[77.54361,13.00894],[77.54427,13.00884],[77.545,13.00932],[77.5452,13.00903],[77.54584,13.00945],[77.547,13.00926],[77.54726,13.01062],[77.5478,13.0105],[77.5473,13.00794],[77.54875,13.0077],[77.54863,13.00665],[77.54989,12.99948],[77.54773,12.99885],[77.54639,12.99899],[77.54628,12.99995],[77.54547,12.99983],[77.5449,12.99992],[77.54435,13.00008],[77.54432,13.00058],[77.5415,13.00084],[77.5411,13.00242],[77.54068,13.00225],[77.54067,13.00243],[77.53946,13.00189],[77.53659,13.00124]]]},"properties":{"osm_id":19883500,"zone_id":"W19883500","label":"Nagapura","admin_level":"10"}},{"type":"Feature","geometry":{"type":"Polygon","coordinates":[[[77.70222,13.01058],[77.70268,13.01034],[77.70467,13.01045],[77.70622,13.01036],[77.70982,13.00973],[77.71008,13.01059],[77.71001,13.01113],[77.71188,13.01114],[77.71222,13.01102],[77.71312,13.01127],[77.71374,13.01126],[77.71432,13.0117],[77.71449,13.01299],[77.71557,13.01284],[77.71558,13.01313],[77.71634,13.01394],[77.71703,13.01417],[77.71711,13.01223],[77.7185,13.01228],[77.71843,13.01123],[77.71795,13.0113],[77.71788,13.01115],[77.71781,13.00991],[77.71848,13.00992],[77.71942,13.01021],[77.71972,13.01008],[77.71896,13.00613],[77.71829,13.00455],[77.71585,13.00444],[77.71355,13.00464],[77.71034,13.00428],[77.70655,13.00427],[77.70521,13.00451],[77.7058,13.0061],[77.70529,13.0062],[77.70535,13.00647],[77.70558,13.00645],[77.70575,13.00719],[77.70466,13.00734],[77.70471,13.00784],[77.7024,13.00782],[77.7024,13.00792],[77.70187,13.00803],[77.70219,13.00959],[77.70222,13.01058]]]},"properties":{"osm_id":19883501,"zone_id":"W19883501","label":"Basavanapura","admin_level":"10"}},{"type":"Feature","geometry":{"type":"Polygon","coordinates":[[[77.50783,13.05157],[77.50788,13.05191],[77.5065,13.05199],[77.50523,13.05237],[77.50569,13.05396],[77.5036,13.05429],[77.50364,13.05534],[77.50307,13.05555],[77.50134,13.0558],[77.50145,13.05631],[77.49854,13.05688],[77.49861,13.05714],[77.49668,13.05713],[77.49578,13.05744],[77.49471,13.0582],[77.49373,13.05864],[77.49197,13.06001],[77.49273,13.06209],[77.49304,13.06217],[77.49274,13.06378],[77.49263,13.06673],[77.49297,13.07353],[77.49834,13.07329],[77.49942,13.072],[77.4996,13.07203],[77.50425,13.06531],[77.50502,13.0641],[77.50522,13.06357],[77.50682,13.06114],[77.50725,13.05678],[77.5081,13.05681],[77.50936,13.05714],[77.51143,13.05376],[77.51109,13.05382],[77.51096,13.05344],[77.50924,13.05383],[77.50908,13.05328],[77.50869,13.05286],[77.50825,13.05154],[77.50783,13.05157]]]},"properties":{"osm_id":19883502,"zone_id":"W19883502","label":"Bagalagunte","admin_level":"10"}},{"type":"Feature","geometry":{"type":"Polygon","coordinates":[[[77.5033,12.95788],[77.50446,12.96083],[77.50503,12.96305],[77.50508,12.96356],[77.50486,12.96446],[77.50482,12.96548],[77.50497,12.96632],[77.50683,12.97069],[77.50868,12.97347],[77.50955,12.97526],[77.50773,12.97583],[77.50749,12.97559],[77.50694,12.97573],[77.50698,12.97591],[77.50618,12.9761],[77.50383,12.97702],[77.50404,12.97777],[77.50159,12.97828],[77.50207,12.97982],[77.497,12.98177],[77.49575,12.97917],[77.49336,12.97999],[77.4932,12.97925],[77.49337,12.97804],[77.49364,12.97813],[77.49364,12.97698],[77.49372,12.97677],[77.49393,12.97672],[77.49399,12.97624],[77.49532,12.97602],[77.49534,12.97568],[77.49512,12.97554],[77.49489,12.97508],[77.49445,12.97329],[77.49465,12.9715],[77.4952,12.97136],[77.49553,12.97091],[77.49546,12.97034],[77.49668,12.9701],[77.49816,12.97022],[77.49839,12.97014],[77.49801,12.96978],[77.49851,12.96957],[77.49678,12.96771],[77.49683,12.96742],[77.49699,12.96728],[77.49683,12.96682],[77.49668,12.96685],[77.49632,12.96558],[77.49645,12.96512],[77.49688,12.96504],[77.49693,12.96465],[77.49671,12.9643],[77.49649,12.96442],[77.4961,12.96412],[77.49528,12.96252],[77.49629,12.96232],[77.49618,12.96186],[77.49731,12.96165],[77.49715,12.96066],[77.49633,12.96083],[77.49601,12.95902],[77.49708,12.95884],[77.49702,12.95847],[77.4975,12.95859],[77.49824,12.95839],[77.49923,12.95806],[77.50004,12.95762],[77.50051,12.95884],[77.50104,12.95862],[77.50132,12.95836],[77.50318,12.95761],[77.5033,12.95788]]]},"properties":{"osm_id":19883503,"zone_id":"W19883503","label":"Mallathahalli","admin_level":"10"}},{"type":"Feature","geometry":{"type":"Polygon","coordinates":[[[77.54082,12.954],[77.54092,12.95521],[77.54122,12.95519],[77.54135,12.95708],[77.54246,12.95689],[77.54257,12.95718],[77.54281,12.95709],[77.54397,12.95945],[77.54403,12.96111],[77.5444,12.96103],[77.54443,12.96092],[77.54608,12.96083],[77.54839,12.9566],[77.54691,12.95629],[77.5463,12.95604],[77.54551,12.95557],[77.54379,12.95414],[77.54248,12.95364],[77.5417,12.95305],[77.54081,12.9533],[77.54082,12.954]]]},"properties":{"osm_id":19884504,"zone_id":"W19884504","label":"Bapuji Nagara","admin_level":"10"}},{"type":"Feature","geometry":{"type":"Polygon","coordinates":[[[77.62013,12.97271],[77.62004,12.97471],[77.6203,12.97629],[77.62029,12.97808],[77.62056,12.97864],[77.62158,12.97921],[77.62231,12.98097],[77.62286,12.98146],[77.62293,12.98174],[77.62456,12.98189],[77.62431,12.9809],[77.62557,12.98077],[77.6255,12.98032],[77.62588,12.98026],[77.62569,12.97948],[77.62644,12.97941],[77.62629,12.97867],[77.62747,12.97851],[77.6285,12.97813],[77.62732,12.97746],[77.62664,12.97619],[77.62494,12.97483],[77.62168,12.97285],[77.62082,12.97267],[77.62013,12.97271]]]},"properties":{"osm_id":19884505,"zone_id":"W19884505","label":"Halasuru","admin_level":"10"}},{"type":"Feature","geometry":{"type":"Polygon","coordinates":[[[77.59775,12.98074],[77.59751,12.98054],[77.59932,12.97666],[77.59505,12.97344],[77.59395,12.97202],[77.59516,12.96628],[77.59594,12.96513],[77.59626,12.96492],[77.59692,12.96485],[77.59678,12.96451],[77.59595,12.96324],[77.59493,12.9624],[77.59445,12.96223],[77.59305,12.96224],[77.5898,12.96286],[77.58673,12.96551],[77.58662,12.96577],[77.58744,12.96681],[77.58529,12.96774],[77.58436,12.9687],[77.58445,12.97036],[77.58272,12.97199],[77.58109,12.97306],[77.58445,12.97793],[77.58109,12.9801],[77.58043,12.98029],[77.57792,12.98047],[77.57725,12.98067],[77.57671,12.98134],[77.57658,12.98207],[77.57695,12.98316],[77.57759,12.98365],[77.57479,12.98414],[77.5748,12.9843],[77.57541,12.98463],[77.5761,12.9853],[77.5799,12.99099],[77.57757,12.99174],[77.57795,12.99209],[77.57711,12.99366],[77.57923,12.99546],[77.58058,12.99694],[77.58261,12.99622],[77.58297,12.99556],[77.58403,12.99592],[77.58477,12.99601],[77.58506,12.99471],[77.5858,12.98952],[77.58612,12.98893],[77.58829,12.98718],[77.58888,12.98637],[77.58904,12.98653],[77.58889,12.98767],[77.59328,12.98574],[77.59229,12.98311],[77.59233,12.98266],[77.5971,12.9811],[77.59775,12.98074]]]},"properties":{"osm_id":19884506,"zone_id":"W19884506","label":"Sampangirama Nagar","admin_level":"10"}},{"type":"Feature","geometry":{"type":"Polygon","coordinates":[[[77.55113,12.96771],[77.55194,12.96818],[77.55458,12.96891],[77.55453,12.96904],[77.55254,12.9695],[77.55158,12.96997],[77.55287,12.97134],[77.55074,12.97219],[77.54978,12.97278],[77.54895,12.97255],[77.54715,12.97242],[77.54627,12.97046],[77.54643,12.97039],[77.54598,12.96938],[77.54846,12.96868],[77.54808,12.96802],[77.54934,12.96712],[77.55021,12.9683],[77.55113,12.96771]]]},"properties":{"osm_id":19884507,"zone_id":"W19884507","label":"Vidyaranyanagara","admin_level":"10"}},{"type":"Feature","geometry":{"type":"Polygon","coordinates":[[[77.56192,12.91346],[77.56187,12.91307],[77.56285,12.91295],[77.56274,12.91206],[77.5621,12.91214],[77.5619,12.91063],[77.56166,12.91056],[77.56121,12.91012],[77.56081,12.90954],[77.56013,12.90992],[77.55937,12.90912],[77.55851,12.90865],[77.55852,12.90977],[77.55829,12.91062],[77.55846,12.91154],[77.55637,12.91175],[77.55581,12.91146],[77.55485,12.91158],[77.55426,12.91131],[77.55261,12.91172],[77.55193,12.91152],[77.55145,12.91099],[77.55005,12.91159],[77.5504,12.9131],[77.5507,12.91304],[77.55118,12.91253],[77.55221,12.91184],[77.55327,12.91391],[77.55364,12.91436],[77.5521,12.91502],[77.55051,12.91532],[77.5507,12.91612],[77.55161,12.91708],[77.55201,12.91791],[77.55192,12.91866],[77.55213,12.91972],[77.55264,12.91968],[77.55279,12.92006],[77.55398,12.92097],[77.55432,12.92106],[77.5557,12.92102],[77.55625,12.92297],[77.55872,12.92218],[77.55812,12.91955],[77.55794,12.91939],[77.55723,12.91947],[77.55691,12.91832],[77.55727,12.91823],[77.55714,12.91784],[77.5578,12.91765],[77.5574,12.91624],[77.55788,12.91618],[77.55776,12.91344],[77.55973,12.9138],[77.56192,12.91346]]]},"properties":{"osm_id":19884508,"zone_id":"W19884508","label":"Padmanabhanagara","admin_level":"10"}},{"type":"Feature","geometry":{"type":"Polygon","coordinates":[[[77.59865,13.0728],[77.60054,13.07293],[77.60186,13.07285],[77.6015,13.07121],[77.60384,13.07141],[77.60366,13.07078],[77.60344,13.06881],[77.60426,13.06851],[77.60411,13.06579],[77.60386,13.06585],[77.60389,13.0645],[77.60667,13.06462],[77.60674,13.06762],[77.60977,13.0666],[77.60929,13.06343],[77.60825,13.06351],[77.60786,13.06305],[77.60706,13.06291],[77.60682,13.06262],[77.60575,13.06217],[77.60572,13.062],[77.60531,13.06191],[77.6037,13.06101],[77.60296,13.06028],[77.60211,13.06022],[77.602,13.05861],[77.60098,13.05733],[77.60073,13.05673],[77.59846,13.05729],[77.59886,13.05894],[77.59938,13.05905],[77.60004,13.06013],[77.5962,13.06122],[77.59617,13.06238],[77.59639,13.06407],[77.59468,13.06449],[77.59496,13.0653],[77.59422,13.06551],[77.59482,13.06692],[77.59824,13.06606],[77.5985,13.06802],[77.59744,13.06871],[77.59865,13.0728]]]},"properties":{"osm_id":19884509,"zone_id":"W19884509","label":"Amruthahalli","admin_level":"10"}},{"type":"Feature","geometry":{"type":"Polygon","coordinates":[[[77.55078,12.93488],[77.55105,12.93576],[77.55174,12.93544],[77.55189,12.93571],[77.55216,12.93556],[77.55301,12.93736],[77.55321,12.93859],[77.55603,12.93835],[77.55727,12.93795],[77.5573,12.93812],[77.55999,12.93827],[77.5598,12.93633],[77.55993,12.93618],[77.55979,12.93608],[77.55982,12.93582],[77.55905,12.93593],[77.55887,12.93518],[77.55845,12.93527],[77.55849,12.93565],[77.55757,12.93581],[77.55772,12.93552],[77.55802,12.93358],[77.55661,12.93278],[77.55653,12.93451],[77.5555,12.93458],[77.55479,12.93284],[77.55331,12.9334],[77.55287,12.9321],[77.55157,12.93233],[77.55166,12.93273],[77.5514,12.9328],[77.55161,12.9335],[77.55107,12.93367],[77.55064,12.93331],[77.55035,12.93362],[77.5508,12.93401],[77.55111,12.93482],[77.55078,12.93488]]]},"properties":{"osm_id":19884510,"zone_id":"W19884510","label":"Srinivasa Nagara","admin_level":"10"}},{"type":"Feature","geometry":{"type":"Polygon","coordinates":[[[77.54243,12.9857],[77.54157,12.98602],[77.53813,12.98778],[77.53751,12.98792],[77.53705,12.98347],[77.53727,12.98271],[77.53726,12.98231],[77.53714,12.98154],[77.5368,12.98068],[77.5408,12.97894],[77.54407,12.97823],[77.5443,12.97923],[77.54438,12.9808],[77.54281,12.98089],[77.54285,12.98176],[77.54257,12.98328],[77.54203,12.98317],[77.54188,12.98525],[77.54238,12.98512],[77.54243,12.9857]]]},"properties":{"osm_id":19884511,"zone_id":"W19884511","label":"Agrahara Dasarahalli","admin_level":"10"}},{"type":"Feature","geometry":{"type":"Polygon","coordinates":[[[77.5116,13.05348],[77.5222,13.04591],[77.51906,13.04108],[77.51844,13.03989],[77.51628,13.04179],[77.51298,13.04293],[77.51325,13.04411],[77.51358,13.04455],[77.5136,13.0451],[77.51452,13.04763],[77.51496,13.04926],[77.51194,13.05008],[77.512,13.05058],[77.51081,13.05104],[77.5116,13.05348]]]},"properties":{"osm_id":19884512,"zone_id":"W19884512","label":"Dasarahalli","admin_level":"10"}},{"type":"Feature","geometry":{"type":"Polygon","coordinates":[[[77.65649,13.07461],[77.65472,13.08199],[77.64959,13.08136],[77.65068,13.07797],[77.65066,13.07709],[77.65117,13.07479],[77.65159,13.07098],[77.65201,13.0632],[77.65196,13.06075],[77.65161,13.0587],[77.6508,13.05885],[77.64907,13.05883],[77.64889,13.05771],[77.64779,13.0575],[77.64703,13.05752],[77.64691,13.05727],[77.64713,13.05674],[77.64696,13.05616],[77.6471,13.05565],[77.64728,13.0557],[77.64729,13.0556],[77.64732,13.05427],[77.6471,13.05424],[77.64725,13.05273],[77.64748,13.05198],[77.64802,13.05092],[77.64799,13.05073],[77.64705,13.04951],[77.64742,13.04941],[77.64727,13.04906],[77.64747,13.04887],[77.6472,13.04832],[77.64744,13.04806],[77.64998,13.04773],[77.65217,13.04708],[77.65287,13.04656],[77.65614,13.04684],[77.6561,13.0481],[77.65512,13.04808],[77.65485,13.04889],[77.65553,13.05266],[77.65552,13.05507],[77.65513,13.05515],[77.65552,13.05653],[77.65538,13.05699],[77.65548,13.05933],[77.65572,13.06081],[77.6559,13.06406],[77.65652,13.06782],[77.65649,13.07461]]]},"properties":{"osm_id":19884513,"zone_id":"W19884513","label":"Byrathi","admin_level":"10"}},{"type":"Feature","geometry":{"type":"Polygon","coordinates":[[[77.59333,13.00559],[77.59444,13.00809],[77.59475,13.00923],[77.59499,13.0091],[77.59577,13.01122],[77.59686,13.01081],[77.60524,13.00667],[77.60494,13.00598],[77.6047,13.00607],[77.6038,13.00432],[77.60387,13.00353],[77.60363,13.00313],[77.60133,13.00433],[77.60001,13.0047],[77.59878,13.00207],[77.59642,13.0033],[77.59333,13.00559]]]},"properties":{"osm_id":19884514,"zone_id":"W19884514","label":"Ramaswamy Palya","admin_level":"10"}},{"type":"Feature","geometry":{"type":"Polygon","coordinates":[[[77.59061,12.88136],[77.59057,12.8827],[77.5912,12.88416],[77.59163,12.88586],[77.5918,12.8883],[77.59071,12.8886],[77.58624,12.88932],[77.58252,12.89051],[77.58186,12.89128],[77.58181,12.89217],[77.5809,12.89211],[77.58068,12.89326],[77.57985,12.89543],[77.57954,12.89664],[77.57955,12.89682],[77.57985,12.89712],[77.57945,12.89689],[77.57923,12.89725],[77.57773,12.89654],[77.5772,12.89623],[77.57726,12.89613],[77.57548,12.89524],[77.57578,12.8944],[77.57675,12.89477],[77.57692,12.89394],[77.57758,12.89412],[77.57797,12.89269],[77.57721,12.89252],[77.57733,12.89162],[77.57652,12.89146],[77.57668,12.88962],[77.57565,12.88953],[77.57583,12.88826],[77.57643,12.88716],[77.57649,12.88683],[77.57668,12.88652],[77.57709,12.88661],[77.57753,12.88564],[77.57675,12.88522],[77.57552,12.88537],[77.57546,12.88438],[77.57558,12.88353],[77.57435,12.88356],[77.57432,12.88307],[77.57137,12.88345],[77.57134,12.88314],[77.57269,12.88302],[77.57264,12.8827],[77.57292,12.88268],[77.57286,12.88216],[77.57559,12.88194],[77.57578,12.88142],[77.57636,12.88136],[77.57644,12.88193],[77.5785,12.88181],[77.57902,12.88191],[77.57941,12.88086],[77.58198,12.88137],[77.58377,12.8815],[77.58423,12.87982],[77.58395,12.87761],[77.58529,12.87759],[77.58543,12.87861],[77.59061,12.88136]]]},"properties":{"osm_id":19884515,"zone_id":"W19884515","label":"RBI Layout","admin_level":"10"}},{"type":"Feature","geometry":{"type":"Polygon","coordinates":[[[77.57137,12.88345],[77.57432,12.88307],[77.57435,12.88356],[77.57558,12.88353],[77.57546,12.88438],[77.57552,12.88537],[77.57675,12.88522],[77.57753,12.88564],[77.57709,12.88661],[77.57668,12.88652],[77.57649,12.88683],[77.57643,12.88716],[77.57583,12.88826],[77.57565,12.88953],[77.57668,12.88962],[77.57652,12.89146],[77.57733,12.89162],[77.57721,12.89252],[77.57797,12.89269],[77.57758,12.89412],[77.57692,12.89394],[77.57675,12.89477],[77.57578,12.8944],[77.57556,12.89513],[77.57546,12.89515],[77.5743,12.8946],[77.5734,12.89457],[77.57353,12.89435],[77.57328,12.89425],[77.5729,12.8948],[77.5724,12.89455],[77.57188,12.89449],[77.5721,12.89212],[77.57172,12.89071],[77.56934,12.89054],[77.56963,12.88854],[77.56872,12.8886],[77.56881,12.88633],[77.57064,12.88612],[77.57032,12.88463],[77.56993,12.8837],[77.57137,12.88345]]]},"properties":{"osm_id":19884516,"zone_id":"W19884516","label":"Bheereshwara Nagar","admin_level":"10"}},{"type":"Feature","geometry":{"type":"Polygon","coordinates":[[[77.6636,12.98372],[77.66373,12.98393],[77.66393,12.98554],[77.66676,12.98511],[77.66726,12.98517],[77.66888,12.98598],[77.66948,12.98612],[77.67128,12.9859],[77.67135,12.98603],[77.67171,12.98588],[77.67293,12.98637],[77.67492,12.98637],[77.67824,12.98444],[77.67859,12.98408],[77.67907,12.98399],[77.67984,12.98357],[77.68044,12.98276],[77.67975,12.98023],[77.67934,12.97798],[77.67816,12.97814],[77.67559,12.9789],[77.67536,12.97881],[77.6744,12.97889],[77.67417,12.9783],[77.67269,12.97873],[77.67201,12.97697],[77.6719,12.97687],[77.67129,12.9772],[77.67105,12.97682],[77.67175,12.97649],[77.67167,12.97631],[77.67129,12.97631],[77.67112,12.97609],[77.6705,12.97619],[77.67067,12.97658],[77.66995,12.97687],[77.67103,12.97913],[77.67084,12.97937],[77.67013,12.9796],[77.67001,12.98039],[77.66905,12.98065],[77.66914,12.98138],[77.66728,12.98162],[77.66563,12.98151],[77.66571,12.98212],[77.66556,12.98241],[77.66522,12.98265],[77.66485,12.98255],[77.66428,12.9827],[77.66441,12.9833],[77.66398,12.98373],[77.6636,12.98372]]]},"properties":{"osm_id":19884517,"zone_id":"W19884517","label":"Kaggadasapura","admin_level":"10"}},{"type":"Feature","geometry":{"type":"Polygon","coordinates":[[[77.6286,12.89373],[77.62858,12.89331],[77.6288,12.89328],[77.62872,12.89284],[77.6302,12.89265],[77.62986,12.89205],[77.62943,12.89176],[77.62925,12.89086],[77.62861,12.89013],[77.62863,12.88812],[77.62834,12.88807],[77.62652,12.88842],[77.62554,12.88839],[77.6255,12.88857],[77.62366,12.88856],[77.62147,12.88886],[77.62138,12.8886],[77.6199,12.88887],[77.61932,12.88822],[77.61601,12.8886],[77.61601,12.88877],[77.61569,12.88895],[77.61605,12.89296],[77.61436,12.89334],[77.61465,12.89489],[77.61548,12.89489],[77.61549,12.89516],[77.61655,12.89523],[77.61647,12.89449],[77.6172,12.89441],[77.61718,12.89597],[77.61776,12.89603],[77.61808,12.898],[77.61892,12.89797],[77.61915,12.89816],[77.61975,12.89828],[77.62144,12.89768],[77.62136,12.89741],[77.6231,12.89732],[77.62292,12.89639],[77.62312,12.89633],[77.62412,12.89661],[77.62423,12.89707],[77.62488,12.89695],[77.62487,12.89682],[77.62612,12.89661],[77.62605,12.89583],[77.62534,12.89591],[77.62547,12.89571],[77.62532,12.8946],[77.62277,12.89501],[77.6227,12.89459],[77.62297,12.89455],[77.62305,12.8943],[77.62303,12.89401],[77.62272,12.89402],[77.62274,12.89346],[77.62584,12.89337],[77.62581,12.89371],[77.62624,12.89378],[77.6286,12.89373]]]},"properties":{"osm_id":19884518,"zone_id":"W19884518","label":"Devarachikkanahalli","admin_level":"10"}},{"type":"Feature","geometry":{"type":"Polygon","coordinates":[[[77.68635,12.91003],[77.68282,12.91144],[77.67873,12.91352],[77.67722,12.91413],[77.6758,12.91449],[77.67384,12.9159],[77.67352,12.91674],[77.67276,12.9173],[77.67029,12.91842],[77.66872,12.91886],[77.66498,12.9206],[77.66538,12.92109],[77.66676,12.92101],[77.66778,12.92166],[77.66808,12.9233],[77.66887,12.92323],[77.66887,12.92335],[77.66958,12.92342],[77.66952,12.92271],[77.67107,12.92343],[77.67112,12.92307],[77.67565,12.92263],[77.6759,12.92472],[77.67617,12.9258],[77.68469,12.92986],[77.68572,12.93059],[77.69036,12.9348],[77.69175,12.93216],[77.69313,12.9314],[77.69507,12.93132],[77.69471,12.92922],[77.69483,12.92515],[77.6955,12.9213],[77.6964,12.9201],[77.69665,12.91941],[77.69901,12.91684],[77.69906,12.91648],[77.69871,12.91549],[77.69656,12.91612],[77.69212,12.91557],[77.68936,12.91534],[77.68849,12.91544],[77.68793,12.91335],[77.68765,12.91319],[77.68713,12.91214],[77.68727,12.91207],[77.68702,12.91162],[77.68691,12.91166],[77.68635,12.91003]]]},"properties":{"osm_id":19884519,"zone_id":"W19884519","label":"Shivanasamudra Ward","admin_level":"10"}},{"type":"Feature","geometry":{"type":"Polygon","coordinates":[[[77.59345,12.92165],[77.59346,12.92324],[77.59748,12.92313],[77.59753,12.92451],[77.60218,12.92393],[77.60204,12.92268],[77.60489,12.9226],[77.60511,12.92515],[77.60581,12.92533],[77.60619,12.92562],[77.60696,12.92546],[77.60688,12.92503],[77.60798,12.92481],[77.60737,12.92304],[77.60658,12.92325],[77.60606,12.9217],[77.60484,12.92194],[77.60481,12.92153],[77.604,12.9215],[77.604,12.92136],[77.60378,12.92145],[77.60244,12.92142],[77.60238,12.92107],[77.60012,12.92091],[77.60005,12.92057],[77.59714,12.92051],[77.59697,12.92051],[77.59699,12.9216],[77.59345,12.92165]]]},"properties":{"osm_id":19884520,"zone_id":"W19884520","label":"Abdul Kalam Nagar","admin_level":"10"}},{"type":"Feature","geometry":{"type":"Polygon","coordinates":[[[77.52666,12.94855],[77.52638,12.94581],[77.52792,12.94548],[77.52802,12.94532],[77.52654,12.94389],[77.52432,12.94056],[77.52288,12.93899],[77.52172,12.93824],[77.52036,12.93699],[77.51896,12.9365],[77.51779,12.93638],[77.51849,12.94064],[77.52143,12.94183],[77.52132,12.94213],[77.52053,12.94204],[77.52049,12.94285],[77.52,12.94283],[77.51996,12.9439],[77.51841,12.94418],[77.51848,12.94492],[77.51869,12.94491],[77.51882,12.94589],[77.51861,12.94591],[77.51866,12.94635],[77.51968,12.94616],[77.51973,12.94661],[77.52007,12.94658],[77.52058,12.94957],[77.52195,12.94933],[77.52218,12.9499],[77.52253,12.9494],[77.52307,12.94946],[77.52316,12.9496],[77.52413,12.94952],[77.52666,12.94855]]]},"properties":{"osm_id":19884521,"zone_id":"W19884521","label":"Nayanda Halli","admin_level":"10"}},{"type":"Feature","geometry":{"type":"Polygon","coordinates":[[[77.61576,13.0288],[77.61156,13.03411],[77.61077,13.03613],[77.6107,13.03641],[77.61083,13.03668],[77.61175,13.03649],[77.6117,13.03597],[77.61187,13.03593],[77.61189,13.03616],[77.6137,13.03581],[77.61343,13.03422],[77.61315,13.0334],[77.61399,13.03312],[77.61449,13.0343],[77.61954,13.03287],[77.62182,13.03203],[77.62089,13.02992],[77.62059,13.02802],[77.62006,13.0262],[77.61698,13.02756],[77.61576,13.0288]]]},"properties":{"osm_id":19884522,"zone_id":"W19884522","label":"Govindapura","admin_level":"10"}},{"type":"Feature","geometry":{"type":"Polygon","coordinates":[[[77.50469,12.99183],[77.5048,12.99118],[77.50545,12.9903],[77.50572,12.98967],[77.50478,12.99015],[77.50382,12.99025],[77.50287,12.99002],[77.49993,12.98892],[77.49855,12.9889],[77.49755,12.98871],[77.49588,12.98645],[77.49563,12.9853],[77.49432,12.98226],[77.49394,12.98164],[77.49336,12.97999],[77.49575,12.97917],[77.497,12.98177],[77.50207,12.97982],[77.50159,12.97828],[77.50404,12.97777],[77.50383,12.97702],[77.50618,12.9761],[77.50698,12.97591],[77.50694,12.97573],[77.50749,12.97559],[77.50773,12.97583],[77.50955,12.97526],[77.51098,12.98053],[77.51106,12.98272],[77.51076,12.98376],[77.51074,12.9846],[77.51183,12.98645],[77.51228,12.9879],[77.51096,12.98836],[77.51018,12.98813],[77.50925,12.9882],[77.50861,12.98892],[77.50765,12.98913],[77.50829,12.99294],[77.50842,12.99471],[77.50719,12.99509],[77.50692,12.99403],[77.50529,12.99419],[77.50526,12.99375],[77.50652,12.99359],[77.50644,12.99314],[77.50584,12.99323],[77.5058,12.9928],[77.5052,12.99287],[77.50517,12.99199],[77.50469,12.99183]]]},"properties":{"osm_id":19884523,"zone_id":"W19884523","label":"Srigandada Kaval","admin_level":"10"}},{"type":"Feature","geometry":{"type":"Polygon","coordinates":[[[77.57047,12.92461],[77.57143,12.92436],[77.57155,12.92482],[77.5714,12.92561],[77.57258,12.92535],[77.57357,12.9253],[77.57356,12.92103],[77.5744,12.92084],[77.5741,12.9193],[77.57351,12.91783],[77.57353,12.91698],[77.57289,12.91663],[77.57118,12.91655],[77.5704,12.91634],[77.56998,12.91565],[77.56957,12.9155],[77.56879,12.9171],[77.56865,12.91774],[77.56871,12.91815],[77.56607,12.9188],[77.56553,12.91748],[77.56485,12.91676],[77.56447,12.9177],[77.56573,12.92099],[77.56522,12.92114],[77.56565,12.92259],[77.56926,12.92188],[77.56906,12.9212],[77.56958,12.92105],[77.57047,12.92461]]]},"properties":{"osm_id":19884524,"zone_id":"W19884524","label":"Dharmagiri Ward","admin_level":"10"}},{"type":"Feature","geometry":{"type":"Polygon","coordinates":[[[77.52656,12.97593],[77.52658,12.97625],[77.52872,12.97632],[77.52876,12.97676],[77.52913,12.97678],[77.52917,12.97786],[77.52952,12.9779],[77.5306,12.98055],[77.53177,12.98015],[77.53174,12.98003],[77.53418,12.97926],[77.53391,12.97838],[77.53424,12.9783],[77.5334,12.97581],[77.53548,12.97557],[77.53892,12.97574],[77.54043,12.97556],[77.54029,12.97429],[77.54207,12.97465],[77.54221,12.97381],[77.53902,12.9731],[77.53834,12.97274],[77.53801,12.97241],[77.53619,12.96752],[77.53555,12.9677],[77.53623,12.96944],[77.53485,12.96987],[77.53308,12.97022],[77.53312,12.97036],[77.53278,12.97042],[77.53282,12.97065],[77.53334,12.97054],[77.5338,12.97209],[77.52957,12.97296],[77.52872,12.97283],[77.52706,12.97292],[77.52713,12.97436],[77.52654,12.97438],[77.52656,12.97593]]]},"properties":{"osm_id":19884525,"zone_id":"W19884525","label":"Dr. Vishnuvardhan Ward","admin_level":"10"}},{"type":"Feature","geometry":{"type":"Polygon","coordinates":[[[77.56144,13.00396],[77.56374,12.99988],[77.56608,12.99665],[77.56718,12.99479],[77.56833,12.99337],[77.56561,12.99345],[77.56012,12.99393],[77.56038,12.99458],[77.55915,12.99499],[77.55941,12.99595],[77.55985,12.99668],[77.56011,12.997],[77.56088,12.99743],[77.56108,12.99802],[77.56147,12.99794],[77.5616,12.99857],[77.56145,12.9986],[77.56167,12.99908],[77.56194,12.99905],[77.56213,13.00036],[77.56229,13.00035],[77.56232,13.00084],[77.56213,13.00094],[77.56071,13.00108],[77.56144,13.00396]]]},"properties":{"osm_id":19884526,"zone_id":"W19884526","label":"Kuvempu Ward","admin_level":"10"}},{"type":"Feature","geometry":{"type":"Polygon","coordinates":[[[77.58074,13.10849],[77.58129,13.10716],[77.584,13.10417],[77.59232,13.09719],[77.59212,13.09699],[77.59154,13.09431],[77.59098,13.09303],[77.59015,13.09254],[77.58975,13.09348],[77.58893,13.09306],[77.58663,13.0927],[77.58583,13.09272],[77.584,13.09308],[77.58188,13.09379],[77.58066,13.09452],[77.57948,13.0955],[77.57846,13.09446],[77.57871,13.09424],[77.5784,13.09392],[77.57855,13.09357],[77.57894,13.0936],[77.57894,13.09301],[77.57903,13.09296],[77.57891,13.09271],[77.5793,13.09253],[77.57919,13.09238],[77.5804,13.09179],[77.58081,13.09126],[77.58021,13.08909],[77.57417,13.09044],[77.57029,13.09231],[77.56954,13.09438],[77.56993,13.09806],[77.57098,13.09818],[77.57091,13.09906],[77.57011,13.10018],[77.57044,13.10043],[77.57077,13.10008],[77.57082,13.10041],[77.57118,13.1008],[77.57161,13.10107],[77.57207,13.101],[77.57233,13.10111],[77.57281,13.10167],[77.573,13.10156],[77.57359,13.1016],[77.57431,13.10109],[77.57455,13.10236],[77.57468,13.10236],[77.57473,13.10271],[77.57593,13.10254],[77.57595,13.1035],[77.5756,13.10381],[77.57512,13.10385],[77.57532,13.10551],[77.57728,13.1052],[77.57812,13.10689],[77.57967,13.10867],[77.57973,13.10834],[77.58074,13.10849]]]},"properties":{"osm_id":19884527,"zone_id":"W19884527","label":"Yelahanka Satellite Town","admin_level":"10"}},{"type":"Feature","geometry":{"type":"Polygon","coordinates":[[[77.51588,12.89381],[77.51686,12.89359],[77.51723,12.89318],[77.5183,12.89341],[77.5185,12.89339],[77.51872,12.89298],[77.51887,12.89292],[77.51982,12.89306],[77.52057,12.89356],[77.5209,12.89361],[77.52099,12.89384],[77.52104,12.89469],[77.52093,12.89542],[77.5208,12.8961],[77.52058,12.8963],[77.52045,12.89678],[77.52113,12.89784],[77.52237,12.89737],[77.52316,12.89767],[77.52375,12.89753],[77.52404,12.89762],[77.52433,12.89748],[77.52484,12.89817],[77.52533,12.89959],[77.52594,12.90068],[77.52608,12.90121],[77.52634,12.90238],[77.52591,12.90247],[77.52587,12.9043],[77.5295,12.90992],[77.53013,12.911],[77.53109,12.9131],[77.53138,12.9143],[77.53178,12.91779],[77.53443,12.91836],[77.53643,12.91925],[77.53785,12.91856],[77.53836,12.9181],[77.53832,12.91828],[77.53878,12.91865],[77.53856,12.91964],[77.53889,12.92017],[77.53894,12.92074],[77.53922,12.92127],[77.53931,12.92187],[77.53963,12.92194],[77.53983,12.92213],[77.54024,12.92324],[77.54025,12.92414],[77.53968,12.92452],[77.53887,12.92473],[77.53838,12.92434],[77.53781,12.92362],[77.53729,12.9234],[77.53674,12.92368],[77.53668,12.92397],[77.53681,12.92462],[77.53665,12.92565],[77.53689,12.92677],[77.53547,12.92707],[77.53507,12.92732],[77.53488,12.92807],[77.53505,12.92923],[77.53488,12.92932],[77.53417,12.93069],[77.53415,12.93301],[77.53382,12.93325],[77.5331,12.93509],[77.53365,12.93506],[77.5339,12.93596],[77.53425,12.93651],[77.53385,12.93754],[77.53052,12.94321],[77.52998,12.94383],[77.52951,12.94463],[77.52826,12.94517],[77.52789,12.94519],[77.52654,12.94389],[77.52432,12.94056],[77.52288,12.93899],[77.52172,12.93824],[77.52036,12.93699],[77.51834,12.93639],[77.51782,12.93474],[77.51808,12.93441],[77.51803,12.93367],[77.51755,12.93261],[77.51769,12.93222],[77.51877,12.93172],[77.5209,12.92993],[77.52003,12.92658],[77.52187,12.92594],[77.52312,12.92529],[77.52223,12.92205],[77.52401,12.92164],[77.52398,12.9213],[77.52471,12.92129],[77.52456,12.91923],[77.52403,12.91923],[77.52411,12.91849],[77.52379,12.9178],[77.52341,12.91783],[77.52322,12.91713],[77.52354,12.91701],[77.52296,12.91476],[77.5207,12.91488],[77.52098,12.91125],[77.52109,12.90384],[77.52131,12.90285],[77.5203,12.90261],[77.51982,12.90263],[77.51244,12.90407],[77.51109,12.90403],[77.51109,12.9036],[77.51134,12.90276],[77.51099,12.90268],[77.511,12.90251],[77.51161,12.90214],[77.51206,12.90225],[77.51274,12.90211],[77.51405,12.90209],[77.5142,12.90192],[77.51422,12.90155],[77.51335,12.9011],[77.51309,12.90063],[77.51263,12.90025],[77.51366,12.89904],[77.51374,12.89861],[77.51347,12.89813],[77.51403,12.89758],[77.51422,12.89707],[77.5142,12.89654],[77.51453,12.89556],[77.5145,12.89528],[77.5141,12.89507],[77.51439,12.89422],[77.51396,12.89298],[77.51447,12.89283],[77.51484,12.89301],[77.51523,12.89295],[77.51524,12.89257],[77.51574,12.8924],[77.51563,12.89328],[77.51574,12.89373],[77.51588,12.89381]]]},"properties":{"osm_id":19884528,"zone_id":"W19884528","label":"Bangarappa Nagara","admin_level":"10"}},{"type":"Feature","geometry":{"type":"Polygon","coordinates":[[[77.53047,13.01428],[77.53107,13.01588],[77.53161,13.01799],[77.53433,13.01774],[77.53557,13.01734],[77.53578,13.01792],[77.53716,13.01767],[77.53726,13.01762],[77.53721,13.01731],[77.53755,13.01715],[77.53756,13.01646],[77.53725,13.01602],[77.53672,13.01569],[77.53666,13.01526],[77.53551,13.01504],[77.53462,13.01463],[77.53531,13.01369],[77.53473,13.01324],[77.53425,13.01356],[77.53362,13.01237],[77.53349,13.01158],[77.53352,13.01069],[77.53386,13.01075],[77.53363,13.01025],[77.53451,13.00953],[77.53528,13.00917],[77.53462,13.00773],[77.53435,13.00754],[77.53237,13.00847],[77.5316,13.00871],[77.53205,13.00954],[77.53188,13.00984],[77.53276,13.0106],[77.53266,13.01112],[77.5331,13.01114],[77.53291,13.01235],[77.53304,13.01345],[77.53155,13.01384],[77.53146,13.01397],[77.53047,13.01428]]]},"properties":{"osm_id":19884529,"zone_id":"W19884529","label":"Nandini Layout","admin_level":"10"}},{"type":"Feature","geometry":{"type":"Polygon","coordinates":[[[77.61622,12.96164],[77.61641,12.96086],[77.61669,12.95731],[77.6174,12.95553],[77.61758,12.95367],[77.6141,12.95508],[77.61372,12.95359],[77.61313,12.95374],[77.61319,12.954],[77.61283,12.95406],[77.6128,12.95387],[77.6125,12.95388],[77.61233,12.95406],[77.61153,12.95438],[77.61135,12.95456],[77.61134,12.95481],[77.61185,12.95625],[77.61247,12.96178],[77.61271,12.96163],[77.61336,12.96156],[77.61572,12.96154],[77.61622,12.96164]]]},"properties":{"osm_id":19884530,"zone_id":"W19884530","label":"Austin Town","admin_level":"10"}},{"type":"Feature","geometry":{"type":"Polygon","coordinates":[[[77.61251,13.00685],[77.61345,13.00648],[77.61369,13.00699],[77.61451,13.00661],[77.61466,13.00692],[77.61499,13.00676],[77.61583,13.00845],[77.61622,13.00822],[77.61657,13.00939],[77.61471,13.01005],[77.61534,13.01076],[77.61617,13.01204],[77.61712,13.01443],[77.61425,13.01531],[77.61402,13.01468],[77.61331,13.01479],[77.61344,13.01043],[77.6132,13.00849],[77.61226,13.00865],[77.61214,13.00821],[77.61288,13.0079],[77.61251,13.00685]]]},"properties":{"osm_id":19884531,"zone_id":"W19884531","label":"Kushal Nagar","admin_level":"10"}},{"type":"Feature","geometry":{"type":"Polygon","coordinates":[[[77.49514,13.02367],[77.49632,13.02825],[77.49729,13.02881],[77.50065,13.03003],[77.50365,13.03158],[77.50509,13.03141],[77.50512,13.03169],[77.5058,13.03155],[77.50601,13.03207],[77.5062,13.03204],[77.50625,13.03222],[77.50739,13.03203],[77.50763,13.03331],[77.50719,13.0334],[77.5076,13.0345],[77.50801,13.0343],[77.5084,13.03466],[77.50855,13.03383],[77.51044,13.03399],[77.51031,13.03616],[77.51039,13.03644],[77.5131,13.03593],[77.51353,13.03765],[77.51421,13.03751],[77.51436,13.03814],[77.51462,13.03813],[77.51458,13.03845],[77.51476,13.03845],[77.51506,13.03553],[77.51807,13.03512],[77.51784,13.03388],[77.51788,13.03313],[77.51975,13.02852],[77.50938,13.0245],[77.5096,13.02585],[77.50775,13.02601],[77.50771,13.02695],[77.50574,13.02695],[77.50447,13.02602],[77.50423,13.02598],[77.50447,13.02519],[77.50461,13.02352],[77.50408,13.02296],[77.50404,13.02261],[77.5035,13.02205],[77.50275,13.02081],[77.50008,13.0224],[77.50046,13.02359],[77.49951,13.02404],[77.49952,13.02422],[77.49903,13.02413],[77.4987,13.02492],[77.49656,13.02353],[77.49597,13.0233],[77.49514,13.02367]]]},"properties":{"osm_id":19884532,"zone_id":"W19884532","label":"Nelagadaranahalli","admin_level":"10"}},{"type":"Feature","geometry":{"type":"Polygon","coordinates":[[[77.50821,12.9927],[77.5134,12.99392],[77.51565,12.99508],[77.51637,12.99522],[77.52011,12.99678],[77.52128,12.99747],[77.52599,12.99854],[77.52625,12.99817],[77.52628,12.99787],[77.52613,12.99778],[77.52524,12.99793],[77.52497,12.99773],[77.52459,12.99644],[77.52363,12.99557],[77.52347,12.99488],[77.52305,12.9941],[77.52298,12.9931],[77.52239,12.99232],[77.52171,12.99214],[77.52143,12.99123],[77.52094,12.99048],[77.52056,12.98901],[77.52006,12.98777],[77.52015,12.9873],[77.52035,12.98702],[77.51981,12.98626],[77.51976,12.98514],[77.51931,12.98396],[77.51883,12.98346],[77.51863,12.98292],[77.51824,12.98247],[77.51847,12.98176],[77.5187,12.98149],[77.51896,12.98056],[77.5194,12.9803],[77.51973,12.97959],[77.51957,12.97914],[77.51906,12.9786],[77.51847,12.97664],[77.5186,12.97551],[77.51782,12.97513],[77.51731,12.97354],[77.51739,12.97312],[77.51779,12.97317],[77.5181,12.97291],[77.51817,12.97276],[77.51788,12.97215],[77.51791,12.97189],[77.51854,12.97091],[77.51846,12.97054],[77.51794,12.96982],[77.51777,12.96976],[77.51774,12.9699],[77.51541,12.97047],[77.51544,12.97066],[77.51437,12.971],[77.51512,12.97397],[77.51501,12.97424],[77.51346,12.97466],[77.51484,12.97823],[77.51607,12.9801],[77.51375,12.9804],[77.51099,12.98102],[77.51106,12.98272],[77.51076,12.98376],[77.51074,12.9846],[77.51183,12.98645],[77.51228,12.9879],[77.51096,12.98836],[77.51018,12.98813],[77.50925,12.9882],[77.50861,12.98892],[77.50765,12.98913],[77.50821,12.9927]]]},"properties":{"osm_id":19884533,"zone_id":"W19884533","label":"Kottegepalya","admin_level":"10"}},{"type":"Feature","geometry":{"type":"Polygon","coordinates":[[[77.54075,13.0325],[77.54195,13.03831],[77.54295,13.03929],[77.54451,13.0375],[77.54487,13.03693],[77.54769,13.03148],[77.55004,13.02605],[77.55209,13.02231],[77.55336,13.02028],[77.55512,13.0169],[77.55586,13.0158],[77.55504,13.01538],[77.5542,13.0152],[77.55402,13.01488],[77.5541,13.01566],[77.55387,13.0159],[77.55381,13.01673],[77.55338,13.01848],[77.55257,13.02034],[77.55152,13.02216],[77.55105,13.0226],[77.54426,13.02637],[77.53981,13.01904],[77.53523,13.02162],[77.53316,13.02195],[77.53264,13.02215],[77.53237,13.02139],[77.53184,13.01851],[77.53167,13.01825],[77.53038,13.01843],[77.53044,13.01868],[77.52927,13.01882],[77.52925,13.01945],[77.52866,13.01938],[77.52861,13.01978],[77.52813,13.01983],[77.52791,13.02029],[77.52743,13.02065],[77.52741,13.02089],[77.52794,13.02115],[77.52846,13.021],[77.53102,13.02667],[77.53411,13.02499],[77.53497,13.02649],[77.53734,13.02606],[77.53841,13.02615],[77.53861,13.02764],[77.53942,13.02719],[77.54008,13.02882],[77.54075,13.0325]]]},"properties":{"osm_id":19884534,"zone_id":"W19884534","label":"Goraguntepalya","admin_level":"10"}},{"type":"Feature","geometry":{"type":"Polygon","coordinates":[[[77.54925,12.90771],[77.54806,12.90821],[77.54704,12.9074],[77.54623,12.90702],[77.5441,12.90654],[77.54271,12.90578],[77.54198,12.90588],[77.54174,12.90509],[77.54098,12.90374],[77.54145,12.90346],[77.54079,12.90209],[77.5414,12.90164],[77.54135,12.90147],[77.5406,12.90037],[77.54042,12.90027],[77.53982,12.9004],[77.5396,12.9],[77.53927,12.90001],[77.53908,12.89934],[77.53919,12.89918],[77.53965,12.89914],[77.53944,12.89845],[77.54,12.89772],[77.54127,12.89712],[77.54225,12.89692],[77.54252,12.89701],[77.54295,12.89786],[77.54398,12.89763],[77.54402,12.8966],[77.54387,12.89576],[77.54348,12.89514],[77.54348,12.89382],[77.54312,12.893],[77.54254,12.89326],[77.5428,12.89393],[77.5389,12.89508],[77.53877,12.89488],[77.53705,12.89541],[77.53645,12.89417],[77.53921,12.89305],[77.54267,12.89202],[77.54155,12.89013],[77.54126,12.88877],[77.54138,12.88704],[77.54177,12.88598],[77.5413,12.88397],[77.54403,12.88037],[77.54379,12.8792],[77.54201,12.87944],[77.53993,12.8801],[77.53906,12.8799],[77.53752,12.88026],[77.53756,12.88328],[77.53584,12.88461],[77.53258,12.8853],[77.5316,12.8852],[77.52792,12.88397],[77.52233,12.88363],[77.51903,12.88319],[77.51665,12.88738],[77.51629,12.8887],[77.51572,12.89006],[77.5162,12.89145],[77.51588,12.89381],[77.51686,12.89359],[77.51723,12.89318],[77.5183,12.89341],[77.5185,12.89339],[77.51872,12.89298],[77.51887,12.89292],[77.51982,12.89306],[77.52057,12.89356],[77.5209,12.89361],[77.52099,12.89384],[77.52104,12.89469],[77.52093,12.89542],[77.5208,12.8961],[77.52058,12.8963],[77.52045,12.89678],[77.52113,12.89784],[77.52244,12.89737],[77.52316,12.89767],[77.52375,12.89753],[77.52404,12.89762],[77.52432,12.89747],[77.52476,12.89802],[77.52533,12.89959],[77.52594,12.90068],[77.52634,12.90238],[77.52591,12.90247],[77.52587,12.9043],[77.5295,12.90992],[77.53013,12.911],[77.53109,12.9131],[77.53138,12.9143],[77.53178,12.91779],[77.53443,12.91836],[77.53643,12.91925],[77.53785,12.91856],[77.53869,12.91783],[77.53931,12.91752],[77.54035,12.91805],[77.54058,12.91805],[77.54168,12.91879],[77.54199,12.9188],[77.54193,12.91822],[77.54288,12.91778],[77.54262,12.91716],[77.54247,12.91707],[77.54294,12.91608],[77.54368,12.91586],[77.54375,12.91602],[77.5435,12.91646],[77.54481,12.91613],[77.54397,12.91394],[77.54373,12.914],[77.54305,12.91216],[77.54278,12.91223],[77.54237,12.91082],[77.54041,12.91152],[77.53954,12.91169],[77.53939,12.91099],[77.53884,12.91108],[77.53871,12.91052],[77.53935,12.91033],[77.53847,12.90853],[77.53875,12.90866],[77.53896,12.9086],[77.53983,12.9081],[77.5411,12.90879],[77.54254,12.90915],[77.54299,12.90878],[77.54208,12.90739],[77.54251,12.90723],[77.54255,12.90734],[77.54277,12.90728],[77.54353,12.90899],[77.54382,12.90891],[77.54287,12.90663],[77.54341,12.90647],[77.54414,12.90833],[77.54393,12.90842],[77.5442,12.90898],[77.54396,12.90911],[77.54438,12.90988],[77.54461,12.90982],[77.5452,12.91001],[77.54612,12.91053],[77.54685,12.91077],[77.54677,12.90983],[77.54922,12.90915],[77.55022,12.90978],[77.55113,12.90951],[77.55128,12.91001],[77.55216,12.90981],[77.55199,12.90927],[77.55376,12.90894],[77.55444,12.90867],[77.55356,12.90633],[77.55194,12.90704],[77.54925,12.90771]]]},"properties":{"osm_id":19884535,"zone_id":"W19884535","label":"Subramanyapura","admin_level":"10"}},{"type":"Feature","geometry":{"type":"Polygon","coordinates":[[[77.56312,13.02249],[77.56319,13.0218],[77.56306,13.02129],[77.56218,13.01963],[77.5612,13.01834],[77.56057,13.01708],[77.55797,13.01864],[77.55771,13.01862],[77.55624,13.01619],[77.55586,13.01581],[77.55512,13.0169],[77.55389,13.01919],[77.55434,13.01982],[77.55549,13.01984],[77.55677,13.02276],[77.55774,13.02577],[77.55841,13.02724],[77.56066,13.02634],[77.55894,13.02202],[77.56019,13.02155],[77.56027,13.02182],[77.56119,13.02144],[77.56125,13.02154],[77.56149,13.02143],[77.56159,13.02218],[77.56312,13.02249]]]},"properties":{"osm_id":19884536,"zone_id":"W19884536","label":"Subedarpalya","admin_level":"10"}},{"type":"Feature","geometry":{"type":"Polygon","coordinates":[[[77.59993,12.91173],[77.59998,12.91671],[77.61471,12.91644],[77.61696,12.91622],[77.61936,12.91626],[77.62021,12.91643],[77.62262,12.91727],[77.62218,12.91636],[77.62215,12.91447],[77.62091,12.91363],[77.62146,12.91321],[77.62104,12.9127],[77.61957,12.91254],[77.61894,12.91284],[77.61671,12.91485],[77.61656,12.91532],[77.61644,12.9152],[77.61597,12.91236],[77.61504,12.90891],[77.61309,12.90944],[77.61318,12.90995],[77.61283,12.90998],[77.61068,12.91008],[77.61056,12.90946],[77.61011,12.90949],[77.6102,12.9092],[77.6081,12.90943],[77.60822,12.91046],[77.60697,12.91051],[77.60696,12.91036],[77.60649,12.91038],[77.60639,12.91168],[77.60596,12.91169],[77.60599,12.91092],[77.60491,12.91083],[77.60376,12.91093],[77.60373,12.91173],[77.60306,12.91167],[77.6013,12.91184],[77.59993,12.91173]]]},"properties":{"osm_id":19884537,"zone_id":"W19884537","label":"Viswamanava Kuvempu Ward","admin_level":"10"}},{"type":"Feature","geometry":{"type":"Polygon","coordinates":[[[77.60968,12.93476],[77.60983,12.93332],[77.61006,12.93271],[77.60846,12.93285],[77.60838,12.93222],[77.60734,12.93224],[77.60738,12.93137],[77.60812,12.93133],[77.60825,12.9309],[77.60796,12.92757],[77.60914,12.92757],[77.60877,12.92588],[77.60881,12.92509],[77.60896,12.92493],[77.60938,12.92502],[77.61024,12.92491],[77.61181,12.92423],[77.61338,12.92386],[77.61382,12.92352],[77.61463,12.92349],[77.61464,12.92339],[77.61541,12.92316],[77.61469,12.92174],[77.61523,12.9213],[77.61622,12.92245],[77.61612,12.92258],[77.61636,12.92296],[77.61475,12.92377],[77.61522,12.92519],[77.61483,12.92529],[77.61505,12.92605],[77.6155,12.92592],[77.6157,12.92673],[77.61526,12.92685],[77.61544,12.92741],[77.6159,12.92729],[77.61614,12.92776],[77.61357,12.93208],[77.6134,12.93193],[77.60968,12.93476]]]},"properties":{"osm_id":19884538,"zone_id":"W19884538","label":"Chikka Adugodi","admin_level":"10"}},{"type":"Feature","geometry":{"type":"Polygon","coordinates":[[[77.62905,13.00779],[77.62999,13.00759],[77.63047,13.00764],[77.63072,13.00821],[77.63145,13.00918],[77.6301,13.01002],[77.63007,13.01126],[77.62968,13.01137],[77.62964,13.01165],[77.63038,13.01171],[77.63027,13.01292],[77.63171,13.01298],[77.63165,13.01214],[77.63187,13.01055],[77.633,13.01073],[77.6329,13.01175],[77.63521,13.01187],[77.63512,13.01116],[77.63572,13.00706],[77.6361,13.00586],[77.63605,13.00484],[77.63618,13.00416],[77.63492,13.00397],[77.63371,13.00412],[77.63137,13.00472],[77.62749,13.00623],[77.62775,13.00693],[77.62949,13.00641],[77.62983,13.00714],[77.62896,13.00739],[77.62905,13.00779]]]},"properties":{"osm_id":19884539,"zone_id":"W19884539","label":"Kammanahalli","admin_level":"10"}},{"type":"Feature","geometry":{"type":"Polygon","coordinates":[[[77.62631,12.94166],[77.62794,12.94184],[77.62815,12.94248],[77.62902,12.94225],[77.62895,12.94251],[77.6293,12.94244],[77.6295,12.94299],[77.63057,12.9431],[77.63289,12.93797],[77.63168,12.93837],[77.63156,12.93774],[77.6307,12.93698],[77.63092,12.93683],[77.63024,12.93604],[77.63056,12.93513],[77.63017,12.93487],[77.62974,12.93636],[77.62914,12.93766],[77.62887,12.93762],[77.62869,12.93836],[77.62753,12.93775],[77.62425,12.93517],[77.6238,12.93463],[77.62198,12.93575],[77.6238,12.93795],[77.62225,12.93961],[77.62285,12.9402],[77.62194,12.94118],[77.62287,12.94188],[77.62241,12.94231],[77.62124,12.94145],[77.61969,12.94224],[77.61871,12.9423],[77.61871,12.9421],[77.61788,12.94208],[77.61787,12.9422],[77.61742,12.94222],[77.61755,12.94356],[77.61747,12.9436],[77.61777,12.94465],[77.61697,12.945],[77.61711,12.94532],[77.61796,12.94496],[77.61827,12.94599],[77.61857,12.94588],[77.62178,12.94339],[77.62542,12.93988],[77.62599,12.94039],[77.627,12.94076],[77.62693,12.94131],[77.62631,12.94166]]]},"properties":{"osm_id":19884540,"zone_id":"W19884540","label":"Sri Lakshmi Devi Ward","admin_level":"10"}},{"type":"Feature","geometry":{"type":"Polygon","coordinates":[[[77.57523,12.83872],[77.57421,12.83913],[77.57436,12.83968],[77.57344,12.83988],[77.57355,12.8399],[77.57379,12.84104],[77.57602,12.84687],[77.57659,12.84991],[77.57904,12.85054],[77.58017,12.85338],[77.58014,12.8536],[77.5808,12.85495],[77.58033,12.85525],[77.58006,12.85628],[77.58006,12.85837],[77.5778,12.85873],[77.57783,12.85962],[77.57642,12.86014],[77.57596,12.86017],[77.57561,12.85881],[77.57392,12.85921],[77.57409,12.86034],[77.57198,12.86078],[77.57194,12.86049],[77.57184,12.86047],[77.57098,12.86072],[77.57116,12.86118],[77.57124,12.86231],[77.57162,12.86227],[77.57167,12.86362],[77.5693,12.864],[77.56914,12.86339],[77.56816,12.86365],[77.56693,12.8637],[77.56625,12.86243],[77.56543,12.86263],[77.56525,12.86231],[77.56477,12.86234],[77.5644,12.86251],[77.56496,12.86317],[77.56567,12.86455],[77.56571,12.86525],[77.56518,12.86648],[77.5658,12.86777],[77.56619,12.86902],[77.56616,12.86944],[77.56509,12.86964],[77.56514,12.87001],[77.56434,12.87048],[77.56448,12.87142],[77.56304,12.8718],[77.56261,12.86989],[77.56213,12.86995],[77.56202,12.86956],[77.55839,12.87023],[77.55836,12.86989],[77.55609,12.8702],[77.55636,12.87077],[77.55791,12.87246],[77.55887,12.87387],[77.55936,12.87434],[77.56121,12.87517],[77.5629,12.87679],[77.56365,12.8779],[77.56207,12.87824],[77.56244,12.87983],[77.56149,12.87989],[77.56159,12.88034],[77.5645,12.88],[77.56488,12.8828],[77.56297,12.88321],[77.56247,12.88444],[77.56368,12.88402],[77.56417,12.88425],[77.56451,12.88508],[77.56485,12.88536],[77.56557,12.88683],[77.56463,12.88754],[77.5635,12.88962],[77.56234,12.88856],[77.5616,12.88749],[77.55991,12.88571],[77.55945,12.88553],[77.55894,12.88481],[77.55765,12.8841],[77.55733,12.88377],[77.55708,12.88272],[77.55684,12.88234],[77.55688,12.8817],[77.55677,12.88138],[77.5555,12.88159],[77.55531,12.88151],[77.55462,12.88372],[77.5529,12.88369],[77.5509,12.88412],[77.55666,12.88591],[77.55746,12.88896],[77.55596,12.88951],[77.55588,12.88927],[77.55524,12.88948],[77.55458,12.8869],[77.55401,12.88732],[77.55274,12.88755],[77.55188,12.88755],[77.55235,12.88951],[77.55093,12.88996],[77.55305,12.89241],[77.55127,12.89283],[77.55096,12.89168],[77.55028,12.89201],[77.55014,12.89176],[77.54992,12.8919],[77.5489,12.89043],[77.54868,12.88954],[77.54794,12.88845],[77.54763,12.88861],[77.54752,12.88828],[77.54873,12.88762],[77.54594,12.88478],[77.54533,12.88482],[77.54542,12.88601],[77.54525,12.88608],[77.54526,12.88746],[77.54554,12.8884],[77.5455,12.88873],[77.54534,12.88889],[77.54536,12.88902],[77.54558,12.889],[77.54562,12.88937],[77.54482,12.88954],[77.54408,12.88997],[77.54433,12.89084],[77.5437,12.89202],[77.54338,12.89313],[77.54312,12.893],[77.54254,12.89326],[77.5428,12.89393],[77.5389,12.89508],[77.53877,12.89488],[77.53705,12.89541],[77.53645,12.89417],[77.53921,12.89305],[77.54267,12.89202],[77.54155,12.89013],[77.54126,12.88877],[77.54138,12.88704],[77.54177,12.88598],[77.5413,12.88397],[77.5433,12.88146],[77.54403,12.88037],[77.54403,12.88],[77.5455,12.8835],[77.54662,12.88449],[77.54675,12.8844],[77.5469,12.88455],[77.54728,12.88438],[77.5478,12.88391],[77.54773,12.88344],[77.54805,12.88344],[77.54809,12.88327],[77.54834,12.88337],[77.54827,12.88272],[77.54915,12.88272],[77.54927,12.88234],[77.54912,12.88221],[77.54918,12.88163],[77.55089,12.88112],[77.55145,12.8792],[77.5512,12.87732],[77.5514,12.87682],[77.55201,12.87676],[77.55202,12.87661],[77.55166,12.87651],[77.55154,12.87536],[77.55092,12.87535],[77.55104,12.87468],[77.55085,12.87419],[77.55107,12.87364],[77.55091,12.87283],[77.5508,12.87248],[77.55002,12.87167],[77.54997,12.87013],[77.55041,12.8695],[77.55053,12.86897],[77.55054,12.86844],[77.5503,12.86781],[77.55009,12.86754],[77.54826,12.86693],[77.54822,12.86579],[77.54792,12.86505],[77.54836,12.86459],[77.54831,12.86439],[77.54794,12.86373],[77.5476,12.86363],[77.5471,12.86308],[77.54643,12.86271],[77.54621,12.86214],[77.54612,12.86134],[77.54578,12.86111],[77.54578,12.86076],[77.5456,12.86037],[77.54505,12.85963],[77.54497,12.85929],[77.54516,12.85879],[77.54534,12.85879],[77.5457,12.85925],[77.54635,12.8584],[77.54639,12.85789],[77.54599,12.8573],[77.54592,12.85655],[77.54645,12.85545],[77.5458,12.85451],[77.54581,12.85287],[77.54551,12.85273],[77.54523,12.85213],[77.54522,12.85161],[77.54479,12.85117],[77.54492,12.85083],[77.54557,12.85047],[77.54565,12.84965],[77.54515,12.8493],[77.5452,12.84882],[77.54432,12.84852],[77.54437,12.84807],[77.54487,12.8476],[77.55149,12.84801],[77.55199,12.84757],[77.55302,12.84716],[77.55323,12.84773],[77.55442,12.84789],[77.55448,12.84803],[77.55488,12.84785],[77.55643,12.84507],[77.55735,12.84419],[77.55741,12.84184],[77.56036,12.84121],[77.56268,12.84027],[77.56243,12.83972],[77.56256,12.83897],[77.56559,12.83967],[77.57187,12.8392],[77.57433,12.83734],[77.57479,12.83749],[77.57523,12.83872]]]},"properties":{"osm_id":19884541,"zone_id":"W19884541","label":"Anjanapura","admin_level":"10"}},{"type":"Feature","geometry":{"type":"Polygon","coordinates":[[[77.60928,12.8953],[77.60973,12.89593],[77.61104,12.8958],[77.61101,12.89482],[77.6129,12.89469],[77.61291,12.89517],[77.61336,12.89521],[77.61356,12.89499],[77.61464,12.89511],[77.61456,12.89402],[77.61436,12.89334],[77.61605,12.89296],[77.61569,12.88895],[77.61601,12.88877],[77.61601,12.8886],[77.61932,12.88822],[77.61877,12.88692],[77.61821,12.88475],[77.61785,12.88475],[77.61773,12.88387],[77.61778,12.88311],[77.61762,12.88169],[77.61871,12.88123],[77.61825,12.8796],[77.61792,12.87926],[77.61788,12.87897],[77.61832,12.87891],[77.61811,12.87852],[77.61804,12.8778],[77.61756,12.87714],[77.6177,12.87643],[77.61755,12.87607],[77.61492,12.87626],[77.61534,12.87308],[77.61521,12.87233],[77.61528,12.87162],[77.61516,12.87159],[77.61499,12.87113],[77.61358,12.8713],[77.61332,12.86981],[77.61327,12.86819],[77.61312,12.86817],[77.6128,12.86541],[77.61146,12.86614],[77.61114,12.86665],[77.61111,12.86742],[77.61033,12.86752],[77.61027,12.86688],[77.60838,12.867],[77.60808,12.86813],[77.60802,12.86967],[77.60714,12.86993],[77.60643,12.86991],[77.60614,12.86928],[77.6059,12.86926],[77.6052,12.86812],[77.60486,12.867],[77.60466,12.86703],[77.60447,12.86513],[77.60433,12.86509],[77.60429,12.86478],[77.60384,12.8648],[77.60351,12.86466],[77.60354,12.86523],[77.60263,12.86665],[77.60148,12.86677],[77.6016,12.86647],[77.60154,12.86629],[77.59954,12.86632],[77.59926,12.86638],[77.59927,12.86655],[77.59903,12.86673],[77.59806,12.86677],[77.59757,12.86886],[77.59678,12.87028],[77.59637,12.87195],[77.59977,12.87195],[77.60218,12.87177],[77.60291,12.87439],[77.60319,12.87455],[77.60355,12.87447],[77.60411,12.87404],[77.60439,12.87543],[77.60575,12.8753],[77.60619,12.87521],[77.60629,12.87507],[77.60728,12.87533],[77.60709,12.87593],[77.60717,12.87652],[77.60891,12.87673],[77.6097,12.87871],[77.60996,12.87976],[77.61008,12.88444],[77.6102,12.8856],[77.61051,12.88685],[77.60881,12.8868],[77.6088,12.88829],[77.60749,12.88846],[77.60402,12.88973],[77.60381,12.88977],[77.60343,12.8894],[77.60317,12.88948],[77.60329,12.89026],[77.602,12.89049],[77.60193,12.89019],[77.60205,12.89015],[77.60182,12.88938],[77.59988,12.89008],[77.59953,12.89035],[77.59812,12.89058],[77.59882,12.89242],[77.59947,12.89523],[77.6009,12.89981],[77.60526,12.89814],[77.60491,12.8965],[77.6058,12.89621],[77.60533,12.89436],[77.60732,12.89392],[77.60785,12.89553],[77.60875,12.89528],[77.60921,12.89491],[77.60928,12.8953]]]},"properties":{"osm_id":19884542,"zone_id":"W19884542","label":"Vijaya Bank Layout","admin_level":"10"}},{"type":"Feature","geometry":{"type":"Polygon","coordinates":[[[77.67028,12.96952],[77.67015,12.96802],[77.66976,12.96615],[77.66857,12.96596],[77.66869,12.96494],[77.66855,12.96285],[77.66839,12.96181],[77.66818,12.96128],[77.67034,12.96175],[77.67162,12.96143],[77.67183,12.9612],[77.67216,12.96116],[77.67257,12.96336],[77.67334,12.96325],[77.67336,12.96342],[77.67334,12.96464],[77.67257,12.96449],[77.67255,12.9649],[77.67271,12.96536],[77.67271,12.96703],[77.67367,12.96741],[77.6741,12.96745],[77.67439,12.9681],[77.67417,12.96817],[77.67446,12.96885],[77.6741,12.96915],[77.67451,12.97004],[77.6734,12.97034],[77.67341,12.97047],[77.67251,12.97075],[77.67255,12.97092],[77.67165,12.97103],[77.67108,12.96941],[77.67028,12.96952]]]},"properties":{"osm_id":19884543,"zone_id":"W19884543","label":"L.B Shastri Nagar","admin_level":"10"}},{"type":"Feature","geometry":{"type":"Polygon","coordinates":[[[77.60948,13.01095],[77.60973,13.0103],[77.61058,13.01011],[77.61064,13.01033],[77.61111,13.01012],[77.6113,13.01018],[77.61206,13.01],[77.61184,13.00917],[77.61291,13.00887],[77.61286,13.00856],[77.6132,13.00849],[77.61345,13.01077],[77.61331,13.01479],[77.61402,13.01468],[77.61425,13.01531],[77.61484,13.01514],[77.61505,13.01591],[77.61435,13.01606],[77.61481,13.0178],[77.61433,13.01801],[77.6145,13.01864],[77.61403,13.01875],[77.61349,13.01669],[77.61307,13.01675],[77.61324,13.01532],[77.61264,13.01525],[77.61277,13.01481],[77.6121,13.01405],[77.61121,13.01479],[77.61043,13.01361],[77.61002,13.01265],[77.61006,13.01192],[77.60948,13.01095]]]},"properties":{"osm_id":19884544,"zone_id":"W19884544","label":"Periyar Nagar","admin_level":"10"}},{"type":"Feature","geometry":{"type":"Polygon","coordinates":[[[77.55241,12.94198],[77.55257,12.94395],[77.55369,12.94382],[77.55374,12.9443],[77.55325,12.94425],[77.55319,12.94467],[77.55346,12.9447],[77.55348,12.94589],[77.55489,12.94567],[77.55495,12.94636],[77.55611,12.9463],[77.55726,12.94486],[77.55739,12.94549],[77.55852,12.94541],[77.55842,12.94454],[77.55994,12.94464],[77.55985,12.94572],[77.56068,12.94573],[77.56072,12.9447],[77.56153,12.94479],[77.5615,12.94566],[77.56191,12.94568],[77.56202,12.94422],[77.56315,12.9442],[77.56321,12.94388],[77.56348,12.94391],[77.56385,12.94421],[77.56425,12.94425],[77.5643,12.94174],[77.5651,12.94175],[77.56498,12.94101],[77.56397,12.9393],[77.56452,12.9393],[77.56453,12.93893],[77.56314,12.93886],[77.56287,12.93924],[77.56153,12.93916],[77.56008,12.93927],[77.56013,12.94006],[77.55984,12.94006],[77.55985,12.9404],[77.55772,12.94052],[77.55777,12.94074],[77.55533,12.94101],[77.55516,12.93968],[77.55482,12.9397],[77.55502,12.94186],[77.55241,12.94198]]]},"properties":{"osm_id":19884545,"zone_id":"W19884545","label":"Hanumanthanagar","admin_level":"10"}},{"type":"Feature","geometry":{"type":"Polygon","coordinates":[[[77.57578,12.88142],[77.57635,12.87997],[77.57656,12.878],[77.57715,12.87712],[77.57741,12.87609],[77.57816,12.87615],[77.57818,12.87585],[77.57959,12.87499],[77.58107,12.87528],[77.58147,12.87522],[77.58115,12.87411],[77.58072,12.8741],[77.58044,12.87383],[77.57966,12.87202],[77.57943,12.8719],[77.57946,12.87115],[77.57531,12.8708],[77.57509,12.8697],[77.57437,12.86988],[77.57372,12.86743],[77.57221,12.8679],[77.56981,12.86826],[77.56972,12.86794],[77.56824,12.86853],[77.56686,12.86933],[77.56616,12.86944],[77.56604,12.87003],[77.56644,12.872],[77.56669,12.87484],[77.56715,12.87766],[77.56726,12.87763],[77.56762,12.87895],[77.56741,12.87904],[77.56993,12.8837],[77.57137,12.88345],[77.57134,12.88314],[77.57269,12.88302],[77.57264,12.8827],[77.57292,12.88268],[77.57286,12.88216],[77.57559,12.88194],[77.57578,12.88142]]]},"properties":{"osm_id":19884546,"zone_id":"W19884546","label":"Harinagar","admin_level":"10"}},{"type":"Feature","geometry":{"type":"Polygon","coordinates":[[[77.5956,12.91271],[77.59565,12.9109],[77.59518,12.91088],[77.5952,12.91022],[77.59398,12.91011],[77.59072,12.91038],[77.5857,12.91057],[77.5859,12.92025],[77.58803,12.92019],[77.58804,12.92067],[77.58954,12.92064],[77.58951,12.91888],[77.59038,12.91887],[77.59033,12.91743],[77.59058,12.91733],[77.59077,12.91696],[77.58942,12.917],[77.58942,12.91653],[77.58963,12.91651],[77.58979,12.91495],[77.59046,12.91496],[77.59061,12.91336],[77.59152,12.91336],[77.59155,12.91452],[77.59326,12.91498],[77.59504,12.91491],[77.59505,12.91444],[77.59419,12.9141],[77.59436,12.9131],[77.59509,12.91349],[77.59511,12.9127],[77.5956,12.91271]]]},"properties":{"osm_id":19884547,"zone_id":"W19884547","label":"Marenahalli South","admin_level":"10"}},{"type":"Feature","geometry":{"type":"Polygon","coordinates":[[[77.50236,13.00478],[77.50261,13.00474],[77.50258,13.00443],[77.50374,13.00433],[77.50357,13.00335],[77.50436,13.00325],[77.50434,13.00252],[77.5046,13.00176],[77.50663,13.00145],[77.50693,13.00281],[77.50913,13.0024],[77.50924,13.0026],[77.5106,13.0017],[77.51071,13.00141],[77.51128,13.00109],[77.51214,13.00032],[77.51336,13.00013],[77.51279,12.99795],[77.51065,12.99839],[77.51037,12.99749],[77.51009,12.99755],[77.50604,12.99889],[77.50481,12.99907],[77.5049,12.99961],[77.50362,12.99979],[77.50361,12.9999],[77.50225,13.00037],[77.50213,13.00008],[77.50156,13.00036],[77.5012,12.99981],[77.50043,13.00024],[77.50008,13.0003],[77.50018,13.00088],[77.49957,13.00102],[77.49945,13.00044],[77.49827,13.00067],[77.49833,13.00127],[77.49546,13.00174],[77.49503,13.00041],[77.49306,13.0007],[77.49574,13.00433],[77.49909,13.00356],[77.499,13.00298],[77.49967,13.00275],[77.50001,13.00397],[77.50141,13.00361],[77.50168,13.00488],[77.50236,13.00478]]]},"properties":{"osm_id":19884548,"zone_id":"W19884548","label":"Srigandhanagar","admin_level":"10"}},{"type":"Feature","geometry":{"type":"Polygon","coordinates":[[[77.75707,12.97671],[77.75632,12.97674],[77.75614,12.97617],[77.75554,12.97512],[77.7547,12.97546],[77.75336,12.9733],[77.75046,12.97392],[77.75028,12.97217],[77.74935,12.97289],[77.74848,12.97313],[77.74776,12.97303],[77.74728,12.97333],[77.7464,12.97503],[77.746,12.97541],[77.74499,12.97568],[77.74345,12.97546],[77.74133,12.97604],[77.74086,12.97427],[77.73999,12.97371],[77.73862,12.97129],[77.73839,12.97016],[77.73882,12.97],[77.73877,12.96975],[77.73904,12.9697],[77.73891,12.96918],[77.73561,12.96935],[77.73544,12.96854],[77.73465,12.96776],[77.73414,12.96781],[77.73386,12.96732],[77.73329,12.96506],[77.73312,12.96354],[77.73086,12.96375],[77.7306,12.96415],[77.73102,12.96782],[77.73177,12.96938],[77.73206,12.96968],[77.73163,12.97028],[77.73101,12.97071],[77.73036,12.97095],[77.72685,12.9715],[77.72709,12.97645],[77.72728,12.97651],[77.72744,12.98022],[77.72784,12.98201],[77.72889,12.98403],[77.72991,12.98522],[77.73186,12.98656],[77.73176,12.98814],[77.73507,12.98765],[77.74014,12.98761],[77.7449,12.98639],[77.74726,12.98547],[77.75213,12.98384],[77.7544,12.98351],[77.75585,12.9829],[77.75786,12.98247],[77.75824,12.98249],[77.75707,12.97671]]]},"properties":{"osm_id":19884549,"zone_id":"W19884549","label":"S.M Krishna Ward","admin_level":"10"}},{"type":"Feature","geometry":{"type":"Polygon","coordinates":[[[77.68964,12.95542],[77.6988,12.95705],[77.70467,12.95667],[77.70503,12.95388],[77.70433,12.95383],[77.70433,12.95309],[77.70233,12.95322],[77.70224,12.95332],[77.70021,12.95344],[77.70031,12.95388],[77.69805,12.95434],[77.69798,12.954],[77.69822,12.95287],[77.69744,12.94867],[77.69636,12.9491],[77.69624,12.94564],[77.69548,12.94599],[77.69355,12.94627],[77.69303,12.94649],[77.6924,12.94706],[77.69264,12.94993],[77.69101,12.95106],[77.69089,12.95203],[77.69097,12.95398],[77.68964,12.95542]]]},"properties":{"osm_id":19884550,"zone_id":"W19884550","label":"Marathahalli","admin_level":"10"}},{"type":"Feature","geometry":{"type":"Polygon","coordinates":[[[77.60511,12.92515],[77.60494,12.92514],[77.6051,12.92595],[77.60442,12.92631],[77.60467,12.92701],[77.60455,12.92705],[77.6046,12.92723],[77.60436,12.92731],[77.60444,12.92751],[77.60474,12.92743],[77.60492,12.92804],[77.60349,12.92804],[77.60127,12.92691],[77.60111,12.92661],[77.60043,12.92661],[77.6004,12.92546],[77.59992,12.92549],[77.59994,12.92603],[77.59895,12.92624],[77.59769,12.92611],[77.59767,12.92558],[77.59711,12.92538],[77.59707,12.92419],[77.5935,12.92421],[77.59347,12.92324],[77.59748,12.92313],[77.59753,12.92451],[77.60218,12.92393],[77.60204,12.92268],[77.60489,12.9226],[77.60511,12.92515]]]},"properties":{"osm_id":19884551,"zone_id":"W19884551","label":"N.A.L Layout","admin_level":"10"}},{"type":"Feature","geometry":{"type":"Polygon","coordinates":[[[77.51438,12.89414],[77.51416,12.89333],[77.51397,12.89306],[77.51402,12.8929],[77.51447,12.89283],[77.51484,12.89301],[77.51523,12.89295],[77.51524,12.89257],[77.51574,12.8924],[77.51563,12.89328],[77.51574,12.89373],[77.51588,12.89381],[77.5162,12.89145],[77.51572,12.89006],[77.51629,12.8887],[77.51665,12.88738],[77.51903,12.88319],[77.52233,12.88363],[77.52792,12.88397],[77.5316,12.8852],[77.53258,12.8853],[77.53584,12.88461],[77.53756,12.88328],[77.53752,12.88026],[77.53906,12.8799],[77.53993,12.8801],[77.54201,12.87944],[77.54371,12.87919],[77.5455,12.8835],[77.54662,12.88449],[77.54675,12.8844],[77.5469,12.88455],[77.54728,12.88438],[77.5478,12.88391],[77.54773,12.88344],[77.54805,12.88344],[77.54809,12.88327],[77.54834,12.88337],[77.54827,12.88272],[77.54915,12.88272],[77.54927,12.88234],[77.54912,12.88221],[77.54918,12.88163],[77.55089,12.88112],[77.55145,12.8792],[77.5512,12.87732],[77.5514,12.87682],[77.552,12.87681],[77.55202,12.87661],[77.55166,12.87651],[77.55154,12.87536],[77.55092,12.87535],[77.55104,12.87468],[77.55085,12.87419],[77.55107,12.87364],[77.55091,12.87283],[77.5508,12.87248],[77.55002,12.87167],[77.54997,12.87013],[77.55041,12.8695],[77.55054,12.86844],[77.55013,12.86756],[77.54826,12.86693],[77.54822,12.86579],[77.54792,12.86505],[77.54836,12.86459],[77.54831,12.86439],[77.54794,12.86373],[77.5476,12.86363],[77.5471,12.86308],[77.54643,12.86271],[77.54621,12.86214],[77.54612,12.86134],[77.54578,12.86111],[77.54578,12.86076],[77.5456,12.86037],[77.54505,12.85963],[77.54497,12.85929],[77.54516,12.85879],[77.54534,12.85879],[77.54555,12.85917],[77.54573,12.85924],[77.5463,12.85849],[77.54642,12.85809],[77.54599,12.8573],[77.54592,12.85655],[77.54645,12.85545],[77.5458,12.85451],[77.54581,12.85287],[77.54551,12.85273],[77.54523,12.85213],[77.54522,12.85161],[77.54481,12.85129],[77.54478,12.85108],[77.54503,12.85074],[77.54557,12.85047],[77.54566,12.84969],[77.54515,12.8493],[77.5452,12.84882],[77.54432,12.84852],[77.54437,12.84807],[77.54487,12.8476],[77.54468,12.84762],[77.54436,12.84699],[77.54458,12.84631],[77.54431,12.84437],[77.54279,12.84338],[77.54168,12.84333],[77.54149,12.84353],[77.54127,12.84427],[77.54049,12.84496],[77.53904,12.84532],[77.53835,12.8453],[77.53836,12.84492],[77.53793,12.84341],[77.53788,12.84247],[77.53757,12.84174],[77.53511,12.84095],[77.53391,12.83992],[77.53361,12.83991],[77.53343,12.8397],[77.52606,12.84064],[77.52352,12.83995],[77.52225,12.84547],[77.52159,12.849],[77.51921,12.85486],[77.51847,12.86056],[77.51841,12.86117],[77.51954,12.86215],[77.51975,12.86396],[77.52022,12.86634],[77.52292,12.87056],[77.52309,12.87058],[77.52021,12.87215],[77.51944,12.87179],[77.51549,12.86788],[77.51241,12.86827],[77.51159,12.86806],[77.51052,12.86896],[77.51011,12.86903],[77.50925,12.87002],[77.50667,12.87381],[77.50542,12.87659],[77.50455,12.87701],[77.50269,12.87619],[77.49966,12.87411],[77.49791,12.87321],[77.49703,12.87238],[77.49627,12.87295],[77.49509,12.87296],[77.49474,12.8718],[77.49455,12.87172],[77.49286,12.87191],[77.49271,12.87227],[77.49252,12.87219],[77.49178,12.87082],[77.4893,12.87199],[77.49073,12.87356],[77.49233,12.87572],[77.49414,12.87788],[77.49599,12.87976],[77.49812,12.88165],[77.50174,12.88413],[77.50404,12.8854],[77.50846,12.88756],[77.50973,12.88854],[77.51068,12.88957],[77.51244,12.89208],[77.51438,12.89414]]]},"properties":{"osm_id":19884552,"zone_id":"W19884552","label":"Talagattapura","admin_level":"10"}},{"type":"Feature","geometry":{"type":"Polygon","coordinates":[[[77.61264,13.01525],[77.61277,13.01481],[77.6121,13.01405],[77.61121,13.01479],[77.61043,13.01361],[77.61002,13.01265],[77.61006,13.01192],[77.60948,13.01095],[77.60814,13.01118],[77.60847,13.012],[77.60755,13.01242],[77.60788,13.01316],[77.60714,13.01347],[77.60741,13.01438],[77.60641,13.01465],[77.60598,13.01463],[77.60575,13.01519],[77.60588,13.01529],[77.60729,13.01522],[77.60728,13.01553],[77.60668,13.01556],[77.60684,13.01713],[77.60854,13.01751],[77.60917,13.01816],[77.61059,13.01754],[77.61098,13.01835],[77.61184,13.01805],[77.61212,13.01908],[77.61269,13.01887],[77.61276,13.01986],[77.61343,13.01977],[77.61339,13.01901],[77.61295,13.01721],[77.61264,13.01727],[77.61181,13.01578],[77.6123,13.01531],[77.61238,13.01539],[77.61249,13.01523],[77.61264,13.01525]]]},"properties":{"osm_id":19884553,"zone_id":"W19884553","label":"Aruna Asif Ali Ward","admin_level":"10"}},{"type":"Feature","geometry":{"type":"Polygon","coordinates":[[[77.63084,12.98968],[77.62714,12.9889],[77.62255,12.98769],[77.62249,12.98411],[77.62293,12.98174],[77.62456,12.98189],[77.62431,12.9809],[77.62557,12.98077],[77.6255,12.98032],[77.62588,12.98026],[77.62569,12.97948],[77.62644,12.97941],[77.62629,12.97867],[77.62814,12.97831],[77.63011,12.97716],[77.63179,12.97637],[77.63273,12.97504],[77.63302,12.97377],[77.63353,12.97474],[77.6334,12.9759],[77.63558,12.97535],[77.63569,12.97598],[77.64095,12.9761],[77.64078,12.98001],[77.6379,12.97997],[77.63779,12.98203],[77.63741,12.98287],[77.63652,12.98262],[77.63481,12.98247],[77.63462,12.98421],[77.63565,12.98506],[77.63625,12.98578],[77.63671,12.98683],[77.63679,12.98743],[77.63553,12.98765],[77.63456,12.98706],[77.63407,12.98697],[77.63372,12.98721],[77.6336,12.98774],[77.63281,12.98912],[77.63102,12.98874],[77.63084,12.98968]]]},"properties":{"osm_id":19884554,"zone_id":"W19884554","label":"Hoysala Nagara Central","admin_level":"10"}},{"type":"Feature","geometry":{"type":"Polygon","coordinates":[[[77.5755,13.03466],[77.57527,13.03523],[77.57589,13.03527],[77.57592,13.03564],[77.57893,13.03574],[77.57902,13.03692],[77.5785,13.037],[77.57901,13.03867],[77.5784,13.03878],[77.57852,13.03911],[77.57836,13.03915],[77.5771,13.03917],[77.5771,13.0388],[77.57641,13.03879],[77.57635,13.03984],[77.57617,13.03984],[77.57616,13.04076],[77.577,13.04267],[77.57478,13.04243],[77.57502,13.04332],[77.57538,13.04323],[77.57551,13.0438],[77.57443,13.04422],[77.5756,13.04682],[77.57584,13.0471],[77.57584,13.04743],[77.57276,13.04724],[77.57271,13.0468],[77.57158,13.0467],[77.57139,13.04657],[77.57003,13.04195],[77.57009,13.03789],[77.56891,13.0379],[77.56902,13.03604],[77.57013,13.03448],[77.57192,13.03339],[77.57188,13.03469],[77.57172,13.03473],[77.5717,13.03512],[77.57378,13.03526],[77.57383,13.03508],[77.57432,13.03498],[77.57438,13.0346],[77.5755,13.03466]]]},"properties":{"osm_id":19884555,"zone_id":"W19884555","label":"Nagashettyhalli","admin_level":"10"}},{"type":"Feature","geometry":{"type":"Polygon","coordinates":[[[77.56736,12.91228],[77.57022,12.9087],[77.56009,12.90032],[77.56124,12.89924],[77.56013,12.89615],[77.55993,12.8959],[77.56,12.8956],[77.55971,12.89413],[77.55926,12.89424],[77.55912,12.89433],[77.55894,12.89519],[77.55846,12.89531],[77.55833,12.89499],[77.55682,12.8957],[77.55592,12.89628],[77.55538,12.89695],[77.55587,12.89755],[77.55561,12.89797],[77.55583,12.89819],[77.55565,12.89856],[77.55651,12.9025],[77.55623,12.90257],[77.55693,12.90456],[77.56217,12.90882],[77.56403,12.90943],[77.5668,12.90951],[77.56736,12.91228]]]},"properties":{"osm_id":19884556,"zone_id":"W19884556","label":"Kane Muneshwara Ward","admin_level":"10"}},{"type":"Feature","geometry":{"type":"Polygon","coordinates":[[[77.5635,12.88962],[77.56841,12.89412],[77.56889,12.894],[77.57188,12.89426],[77.5721,12.89212],[77.57172,12.89071],[77.56934,12.89054],[77.56963,12.88854],[77.56872,12.8886],[77.56881,12.88633],[77.57064,12.88609],[77.57032,12.88463],[77.56991,12.88361],[77.56741,12.87904],[77.56762,12.87895],[77.56726,12.87763],[77.56715,12.87766],[77.56669,12.87484],[77.56644,12.872],[77.56604,12.87003],[77.56616,12.86944],[77.56509,12.86964],[77.56514,12.87001],[77.56434,12.87048],[77.56448,12.87142],[77.56304,12.8718],[77.56261,12.86989],[77.56213,12.86995],[77.56202,12.86956],[77.55839,12.87023],[77.55836,12.86989],[77.55609,12.8702],[77.55636,12.87077],[77.55791,12.87246],[77.55887,12.87387],[77.55936,12.87434],[77.56121,12.87517],[77.5629,12.87679],[77.56365,12.8779],[77.56207,12.87824],[77.56244,12.87983],[77.56149,12.87989],[77.56159,12.88034],[77.5645,12.88],[77.56488,12.8828],[77.56297,12.88321],[77.56247,12.88444],[77.56368,12.88402],[77.56417,12.88425],[77.56451,12.88508],[77.56485,12.88536],[77.56557,12.88683],[77.56463,12.88754],[77.5635,12.88962]]]},"properties":{"osm_id":19884557,"zone_id":"W19884557","label":"Konanakunte","admin_level":"10"}},{"type":"Feature","geometry":{"type":"Polygon","coordinates":[[[77.60684,13.01713],[77.60537,13.01727],[77.60523,13.0174],[77.60537,13.0184],[77.60489,13.01847],[77.60503,13.01929],[77.60457,13.01937],[77.6048,13.02128],[77.60468,13.0213],[77.60471,13.02151],[77.60331,13.02176],[77.60242,13.02215],[77.60342,13.02474],[77.6051,13.0244],[77.60568,13.02534],[77.60696,13.02485],[77.60755,13.02626],[77.60896,13.0259],[77.60825,13.02415],[77.60944,13.02391],[77.60962,13.02452],[77.61262,13.02376],[77.61254,13.02353],[77.61274,13.02195],[77.61269,13.01887],[77.61212,13.01908],[77.61184,13.01805],[77.61098,13.01835],[77.61059,13.01754],[77.60917,13.01816],[77.60854,13.01751],[77.60684,13.01713]]]},"properties":{"osm_id":19884558,"zone_id":"W19884558","label":"Kaval Byrasandra","admin_level":"10"}},{"type":"Feature","geometry":{"type":"Polygon","coordinates":[[[77.56805,12.98489],[77.56814,12.98254],[77.56639,12.98197],[77.56379,12.98246],[77.56157,12.9827],[77.56135,12.98413],[77.56101,12.98489],[77.56104,12.98593],[77.56079,12.98669],[77.56103,12.98696],[77.56185,12.9872],[77.56145,12.98828],[77.56396,12.98818],[77.56399,12.98836],[77.56508,12.9883],[77.56509,12.9874],[77.56654,12.98737],[77.5666,12.98682],[77.56697,12.98703],[77.5668,12.98592],[77.5675,12.98592],[77.5675,12.98577],[77.56732,12.98577],[77.5673,12.98536],[77.56803,12.98529],[77.56805,12.98489]]]},"properties":{"osm_id":19884559,"zone_id":"W19884559","label":"Okalipuram","admin_level":"10"}},{"type":"Feature","geometry":{"type":"Polygon","coordinates":[[[77.64813,12.99084],[77.65018,12.99082],[77.65128,12.99097],[77.65141,12.99201],[77.65175,12.9924],[77.65215,12.9954],[77.65196,12.9981],[77.65306,12.99823],[77.65573,12.99775],[77.65609,12.99764],[77.65608,12.99752],[77.65797,12.99754],[77.65987,12.99708],[77.66055,12.99857],[77.66073,12.99969],[77.66126,12.99997],[77.66161,12.99939],[77.66255,12.99991],[77.66332,12.99832],[77.66359,12.99826],[77.66407,12.99748],[77.66279,12.99676],[77.66416,12.99448],[77.65076,12.98811],[77.64612,12.9861],[77.64544,12.98847],[77.64582,12.98864],[77.64713,12.98861],[77.64714,12.98886],[77.64647,12.98892],[77.6467,12.99094],[77.64656,12.99101],[77.64813,12.99084]]]},"properties":{"osm_id":19884560,"zone_id":"W19884560","label":"Krishnaiahnapalya","admin_level":"10"}},{"type":"Feature","geometry":{"type":"Polygon","coordinates":[[[77.7645,12.95593],[77.76176,12.95477],[77.76096,12.95422],[77.75994,12.95323],[77.75879,12.95243],[77.75801,12.95169],[77.75614,12.94905],[77.75585,12.94826],[77.75439,12.94742],[77.75428,12.94672],[77.75353,12.94641],[77.7511,12.94344],[77.74991,12.94283],[77.74959,12.94534],[77.74978,12.94603],[77.74907,12.94772],[77.74859,12.94986],[77.7484,12.95231],[77.75088,12.95302],[77.75179,12.95482],[77.75267,12.95594],[77.75246,12.95715],[77.75043,12.95595],[77.74791,12.95579],[77.74773,12.95641],[77.74768,12.9575],[77.74734,12.95767],[77.74719,12.95822],[77.74889,12.95896],[77.75028,12.95908],[77.75022,12.96074],[77.75034,12.9614],[77.75142,12.9614],[77.75173,12.96232],[77.75175,12.96387],[77.74887,12.96216],[77.75081,12.96852],[77.75139,12.97182],[77.7538,12.97144],[77.75363,12.97051],[77.75491,12.97024],[77.75812,12.96891],[77.76151,12.96791],[77.76341,12.96755],[77.76434,12.96751],[77.76384,12.96866],[77.76368,12.97104],[77.76386,12.97191],[77.76392,12.97371],[77.76465,12.97617],[77.7638,12.9753],[77.76549,12.97504],[77.76977,12.97482],[77.77069,12.97441],[77.77109,12.97448],[77.77131,12.97561],[77.77124,12.97594],[77.77044,12.97716],[77.77306,12.97725],[77.77444,12.97765],[77.77544,12.97741],[77.77545,12.97755],[77.77618,12.97746],[77.77648,12.9776],[77.77822,12.97698],[77.77846,12.97679],[77.7645,12.95593]]]},"properties":{"osm_id":19884561,"zone_id":"W19884561","label":"Hagaduru","admin_level":"10"}},{"type":"Feature","geometry":{"type":"Polygon","coordinates":[[[77.62274,12.9173],[77.6196,12.91629],[77.61647,12.91624],[77.61427,12.91645],[77.61433,12.91783],[77.61265,12.91787],[77.61284,12.91888],[77.61206,12.91907],[77.61217,12.91968],[77.61297,12.91964],[77.61355,12.92127],[77.61489,12.92065],[77.6152,12.92127],[77.61622,12.92245],[77.61612,12.92258],[77.61636,12.92296],[77.61475,12.92377],[77.61522,12.92519],[77.61483,12.92529],[77.61505,12.92605],[77.6155,12.92592],[77.6157,12.92673],[77.61526,12.92685],[77.61544,12.92741],[77.6159,12.92729],[77.61614,12.92776],[77.62274,12.9173]]]},"properties":{"osm_id":19884562,"zone_id":"W19884562","label":"Madiwala","admin_level":"10"}},{"type":"Feature","geometry":{"type":"Polygon","coordinates":[[[77.57,12.91568],[77.5704,12.91634],[77.57118,12.91655],[77.57289,12.91663],[77.57353,12.91698],[77.57345,12.9143],[77.57297,12.91237],[77.57291,12.91165],[77.57299,12.90847],[77.57326,12.90647],[77.57215,12.90664],[77.57181,12.90683],[77.57074,12.90795],[77.56817,12.91122],[77.5692,12.91243],[77.56944,12.91242],[77.56998,12.91399],[77.57002,12.91453],[77.57028,12.91483],[77.57018,12.91565],[77.57,12.91568]]]},"properties":{"osm_id":19884563,"zone_id":"W19884563","label":"Banashankari Temple Ward","admin_level":"10"}},{"type":"Feature","geometry":{"type":"Polygon","coordinates":[[[77.55449,12.97557],[77.55871,12.97574],[77.55845,12.97472],[77.5579,12.97374],[77.55798,12.97302],[77.5578,12.9723],[77.55716,12.97243],[77.55723,12.97267],[77.55559,12.97317],[77.55548,12.97213],[77.55338,12.97253],[77.55287,12.97134],[77.55074,12.97219],[77.54978,12.97278],[77.54895,12.97255],[77.54715,12.97242],[77.54804,12.97462],[77.54836,12.97507],[77.54961,12.97397],[77.55047,12.97369],[77.55096,12.97388],[77.55296,12.97537],[77.55449,12.97557]]]},"properties":{"osm_id":19884564,"zone_id":"W19884564","label":"K.P Agrahara","admin_level":"10"}},{"type":"Feature","geometry":{"type":"Polygon","coordinates":[[[77.55711,12.96938],[77.55653,12.9694],[77.55458,12.96891],[77.55453,12.96904],[77.55254,12.9695],[77.55158,12.96997],[77.55294,12.97143],[77.55338,12.97253],[77.55548,12.97213],[77.55559,12.97317],[77.55723,12.97267],[77.55716,12.97243],[77.5578,12.9723],[77.55738,12.97025],[77.55718,12.97029],[77.55711,12.96938]]]},"properties":{"osm_id":19884565,"zone_id":"W19884565","label":"Sangolli Rayanna Ward","admin_level":"10"}},{"type":"Feature","geometry":{"type":"Polygon","coordinates":[[[77.63729,13.04281],[77.63712,13.0435],[77.6371,13.04468],[77.63731,13.04604],[77.63778,13.04738],[77.63833,13.05005],[77.63814,13.0501],[77.63843,13.05155],[77.6378,13.05166],[77.63778,13.05181],[77.63834,13.05453],[77.63815,13.05464],[77.6383,13.05519],[77.63836,13.0575],[77.63816,13.05992],[77.63836,13.06365],[77.6387,13.06657],[77.63953,13.06969],[77.63949,13.07494],[77.63831,13.07516],[77.63956,13.07667],[77.64024,13.07693],[77.64097,13.07696],[77.64215,13.07783],[77.64455,13.08232],[77.64552,13.08339],[77.6466,13.08515],[77.64959,13.08136],[77.65068,13.07797],[77.65066,13.07709],[77.65108,13.0754],[77.65159,13.07098],[77.65197,13.06405],[77.65196,13.06075],[77.65163,13.05876],[77.64907,13.05883],[77.64889,13.05771],[77.64779,13.0575],[77.64703,13.05752],[77.64691,13.05727],[77.64713,13.05674],[77.64696,13.05616],[77.6471,13.05565],[77.64728,13.0557],[77.64729,13.0556],[77.64703,13.05551],[77.64671,13.05439],[77.64632,13.05375],[77.64604,13.05288],[77.64556,13.05024],[77.64551,13.04871],[77.64452,13.04738],[77.64392,13.04537],[77.64338,13.04455],[77.64264,13.04379],[77.64161,13.04131],[77.64148,13.04121],[77.6413,13.04134],[77.64147,13.04179],[77.64133,13.04249],[77.64072,13.04266],[77.64009,13.04308],[77.63918,13.04332],[77.63838,13.04327],[77.63783,13.04315],[77.63729,13.04281]]]},"properties":{"osm_id":19884566,"zone_id":"W19884566","label":"K Narayanapura","admin_level":"10"}},{"type":"Feature","geometry":{"type":"Polygon","coordinates":[[[77.5578,12.9723],[77.55798,12.97302],[77.5579,12.97374],[77.55844,12.97462],[77.55896,12.97431],[77.55884,12.97411],[77.55974,12.97373],[77.55976,12.97322],[77.56001,12.97321],[77.55999,12.97397],[77.56045,12.97399],[77.56044,12.9738],[77.56138,12.97367],[77.56272,12.97363],[77.56261,12.97174],[77.56152,12.97195],[77.56135,12.97132],[77.56084,12.97138],[77.56079,12.96977],[77.5603,12.96842],[77.55928,12.96896],[77.55711,12.96938],[77.55718,12.97029],[77.55738,12.97025],[77.5578,12.9723]]]},"properties":{"osm_id":19884567,"zone_id":"W19884567","label":"Bhuvaneshwari Nagar","admin_level":"10"}},{"type":"Feature","geometry":{"type":"Polygon","coordinates":[[[77.6224,12.998],[77.62326,12.99808],[77.62456,12.99909],[77.62525,12.99982],[77.62714,13.00102],[77.63415,13.00237],[77.63635,13.00396],[77.63857,13.00263],[77.63891,13.00176],[77.63947,13.00106],[77.64058,12.99892],[77.64272,12.9958],[77.64132,12.99578],[77.64123,12.99539],[77.64066,12.99568],[77.64045,12.99487],[77.63794,12.9951],[77.6379,12.99424],[77.63806,12.9942],[77.63789,12.99364],[77.63747,12.99367],[77.63734,12.99268],[77.63161,12.99385],[77.6291,12.99427],[77.62889,12.99419],[77.62915,12.99447],[77.62695,12.99494],[77.62543,12.99555],[77.62462,12.99605],[77.6224,12.998]]]},"properties":{"osm_id":19884568,"zone_id":"W19884568","label":"Jeevanahalli","admin_level":"10"}},{"type":"Feature","geometry":{"type":"Polygon","coordinates":[[[77.58461,13.10362],[77.59243,13.09712],[77.59349,13.09611],[77.59433,13.09507],[77.59539,13.09642],[77.59616,13.09427],[77.59637,13.09268],[77.59605,13.09034],[77.5948,13.08722],[77.60214,13.08591],[77.60414,13.08684],[77.60346,13.08778],[77.60321,13.08909],[77.60253,13.09034],[77.6012,13.09233],[77.60087,13.09322],[77.60071,13.09452],[77.60021,13.09611],[77.59969,13.09703],[77.59885,13.09802],[77.60042,13.10361],[77.5996,13.10362],[77.59936,13.10433],[77.59934,13.10485],[77.59913,13.10493],[77.59775,13.10465],[77.5973,13.10433],[77.59626,13.10418],[77.595,13.10444],[77.59301,13.10431],[77.59193,13.104],[77.59155,13.10483],[77.59022,13.10493],[77.58721,13.10399],[77.58461,13.10362]]]},"properties":{"osm_id":19884569,"zone_id":"W19884569","label":"Yelahanka Old Town","admin_level":"10"}},{"type":"Feature","geometry":{"type":"Polygon","coordinates":[[[77.6145,13.01864],[77.61403,13.01875],[77.61349,13.01669],[77.61307,13.01675],[77.61324,13.01532],[77.61249,13.01523],[77.61238,13.01539],[77.6123,13.01531],[77.61181,13.01578],[77.61264,13.01727],[77.61295,13.01721],[77.61348,13.01942],[77.61336,13.01946],[77.61343,13.01977],[77.61276,13.01986],[77.61276,13.02039],[77.61382,13.02019],[77.61407,13.02065],[77.61455,13.02082],[77.61549,13.02051],[77.61731,13.02036],[77.61757,13.02055],[77.61785,13.02111],[77.61911,13.0213],[77.61893,13.01961],[77.61857,13.01824],[77.61814,13.01685],[77.61712,13.01443],[77.61484,13.01514],[77.61505,13.01591],[77.61435,13.01606],[77.61481,13.0178],[77.61433,13.01801],[77.6145,13.01864]]]},"properties":{"osm_id":19884570,"zone_id":"W19884570","label":"Shakthi Nagar","admin_level":"10"}},{"type":"Feature","geometry":{"type":"Polygon","coordinates":[[[77.58933,12.90113],[77.58875,12.90107],[77.58889,12.90038],[77.58838,12.90032],[77.58852,12.90006],[77.58754,12.89983],[77.58758,12.89943],[77.58699,12.89941],[77.58692,12.89788],[77.58585,12.89781],[77.58611,12.89697],[77.58315,12.89687],[77.58322,12.89757],[77.58265,12.89788],[77.58269,12.89861],[77.58289,12.89868],[77.58274,12.90191],[77.58185,12.9016],[77.58126,12.90179],[77.57791,12.90199],[77.5779,12.90283],[77.57767,12.90338],[77.576,12.90323],[77.57599,12.90338],[77.57508,12.9033],[77.57323,12.90343],[77.57337,12.90519],[77.57326,12.90648],[77.57549,12.90646],[77.57546,12.90505],[77.57612,12.9044],[77.577,12.90383],[77.57724,12.90387],[77.57697,12.90439],[77.57691,12.90532],[77.5787,12.90537],[77.57866,12.90495],[77.57969,12.90471],[77.57966,12.90454],[77.5803,12.90436],[77.5803,12.90413],[77.58175,12.90374],[77.58173,12.90557],[77.58301,12.9055],[77.583,12.90538],[77.58495,12.90517],[77.58497,12.90466],[77.58644,12.90464],[77.58645,12.90558],[77.58805,12.90555],[77.58812,12.90508],[77.58876,12.90499],[77.58894,12.90332],[77.58947,12.9034],[77.58967,12.90112],[77.58933,12.90113]]]},"properties":{"osm_id":19884571,"zone_id":"W19884571","label":"Kengal Hanumanthaiah South","admin_level":"10"}},{"type":"Feature","geometry":{"type":"Polygon","coordinates":[[[77.57523,12.83872],[77.57421,12.83913],[77.57436,12.83968],[77.57344,12.83988],[77.57355,12.8399],[77.57379,12.84104],[77.57602,12.84687],[77.57659,12.84991],[77.57904,12.85054],[77.58017,12.85338],[77.58014,12.8536],[77.5808,12.85495],[77.58033,12.85525],[77.58006,12.85628],[77.58006,12.85837],[77.58199,12.85819],[77.58234,12.85861],[77.58398,12.85819],[77.58503,12.85938],[77.5855,12.85949],[77.58502,12.85576],[77.5854,12.85565],[77.58609,12.85577],[77.5864,12.85689],[77.58696,12.85674],[77.58681,12.85606],[77.58751,12.85597],[77.58753,12.85639],[77.58885,12.8564],[77.58827,12.85103],[77.58832,12.84991],[77.58815,12.84713],[77.58761,12.84715],[77.58759,12.84689],[77.58737,12.84682],[77.58629,12.84557],[77.58561,12.84555],[77.58539,12.8452],[77.58511,12.84534],[77.58444,12.84435],[77.58346,12.84445],[77.58258,12.84257],[77.58185,12.84243],[77.58164,12.84078],[77.58037,12.83983],[77.5788,12.83828],[77.57523,12.83872]]]},"properties":{"osm_id":19884572,"zone_id":"W19884572","label":"Gottigere","admin_level":"10"}},{"type":"Feature","geometry":{"type":"Polygon","coordinates":[[[77.68211,12.96412],[77.68206,12.96347],[77.68102,12.9599],[77.68102,12.95841],[77.68033,12.95795],[77.67975,12.95686],[77.67963,12.95637],[77.67996,12.95502],[77.67986,12.95442],[77.6803,12.95435],[77.68758,12.95501],[77.68917,12.95345],[77.68939,12.95304],[77.68949,12.95114],[77.68941,12.9503],[77.68912,12.94967],[77.68867,12.94929],[77.68751,12.94902],[77.68073,12.94843],[77.68005,12.94821],[77.6782,12.94821],[77.67523,12.94866],[77.67298,12.9481],[77.67295,12.9479],[77.6709,12.94785],[77.67088,12.94712],[77.66937,12.94698],[77.66923,12.94708],[77.66831,12.94689],[77.66839,12.94651],[77.66655,12.94637],[77.66656,12.94609],[77.66475,12.94587],[77.66456,12.94565],[77.66432,12.94466],[77.66416,12.94445],[77.66254,12.94449],[77.66257,12.94651],[77.66248,12.94665],[77.65996,12.94756],[77.65577,12.94736],[77.65465,12.9477],[77.64948,12.94733],[77.64909,12.94775],[77.64905,12.94835],[77.64918,12.9489],[77.64954,12.94948],[77.65054,12.95064],[77.65152,12.95144],[77.6523,12.95184],[77.65252,12.95252],[77.65873,12.95294],[77.66098,12.95287],[77.66099,12.95433],[77.66237,12.95424],[77.6624,12.95478],[77.66239,12.95492],[77.66178,12.95495],[77.66182,12.95539],[77.66085,12.95542],[77.66091,12.95567],[77.66337,12.95572],[77.66303,12.95683],[77.66356,12.95893],[77.66638,12.95834],[77.66794,12.95815],[77.66806,12.9584],[77.66818,12.96128],[77.67034,12.96175],[77.67162,12.96143],[77.67183,12.9612],[77.67216,12.96116],[77.67257,12.96336],[77.67334,12.96325],[77.67334,12.96464],[77.67511,12.96485],[77.67507,12.96688],[77.67693,12.96674],[77.67699,12.96647],[77.67787,12.96587],[77.67801,12.96601],[77.67863,12.96601],[77.67865,12.96623],[77.67924,12.96609],[77.67897,12.96499],[77.68043,12.96436],[77.68211,12.96412]]]},"properties":{"osm_id":19884573,"zone_id":"W19884573","label":"Vibhootipura","admin_level":"10"}},{"type":"Feature","geometry":{"type":"Polygon","coordinates":[[[77.66907,12.99381],[77.66893,12.99365],[77.66836,12.99374],[77.6687,12.99546],[77.6682,12.99568],[77.66784,12.99616],[77.67667,13.00041],[77.67711,13.00074],[77.67887,13.0006],[77.68318,13.00055],[77.6865,13.00018],[77.68737,12.9996],[77.68922,12.99791],[77.69068,12.99728],[77.69041,12.99633],[77.68962,12.99491],[77.68881,12.99242],[77.68802,12.99153],[77.68743,12.9912],[77.68365,12.99633],[77.68342,12.99623],[77.6832,12.99516],[77.68254,12.99498],[77.68253,12.99482],[77.6791,12.99473],[77.6771,12.99505],[77.67673,12.99447],[77.67552,12.99552],[77.67542,12.99499],[77.67459,12.99522],[77.67445,12.99516],[77.67294,12.99589],[77.67292,12.99601],[77.6723,12.99584],[77.67217,12.9962],[77.672,12.99617],[77.67207,12.99512],[77.67105,12.99467],[77.67076,12.99469],[77.67063,12.99431],[77.67041,12.99426],[77.67022,12.99394],[77.66962,12.99403],[77.66907,12.99381]]]},"properties":{"osm_id":19884574,"zone_id":"W19884574","label":"A Narayanapura","admin_level":"10"}},{"type":"Feature","geometry":{"type":"Polygon","coordinates":[[[77.64588,13.02318],[77.66171,13.01641],[77.66194,13.0162],[77.66209,13.01573],[77.66228,13.01327],[77.66309,13.01305],[77.66287,13.01867],[77.66268,13.01991],[77.66149,13.02256],[77.65632,13.02874],[77.64971,13.03708],[77.64971,13.03606],[77.64995,13.03607],[77.64977,13.03214],[77.64957,13.03215],[77.64952,13.03169],[77.64928,13.03169],[77.64912,13.02993],[77.64846,13.02713],[77.64694,13.02758],[77.64657,13.02626],[77.6473,13.02605],[77.6472,13.02568],[77.64748,13.02563],[77.64691,13.02344],[77.64632,13.02341],[77.64588,13.02318]]]},"properties":{"osm_id":19884575,"zone_id":"W19884575","label":"Babusab Palya","admin_level":"10"}},{"type":"Feature","geometry":{"type":"Polygon","coordinates":[[[77.67243,13.05113],[77.67156,13.05124],[77.67005,13.05025],[77.67002,13.0501],[77.66946,13.05008],[77.66932,13.04993],[77.66576,13.05003],[77.66425,13.05081],[77.66526,13.05478],[77.6656,13.06064],[77.6673,13.06405],[77.66702,13.0659],[77.6636,13.06698],[77.66009,13.06788],[77.65967,13.0682],[77.65884,13.07075],[77.65828,13.07205],[77.65782,13.07297],[77.65649,13.07461],[77.65652,13.06782],[77.6559,13.06406],[77.65572,13.06081],[77.65548,13.05933],[77.65538,13.05699],[77.65552,13.05653],[77.65513,13.05515],[77.65552,13.05507],[77.65553,13.05266],[77.65485,13.04889],[77.65512,13.04808],[77.6561,13.0481],[77.65614,13.04684],[77.65287,13.04656],[77.65217,13.04708],[77.64998,13.04773],[77.64744,13.04806],[77.64724,13.04822],[77.6472,13.04841],[77.64747,13.04887],[77.64727,13.04906],[77.64742,13.04941],[77.64705,13.04951],[77.64799,13.05073],[77.64802,13.05092],[77.64748,13.05198],[77.64725,13.05273],[77.6471,13.05424],[77.64732,13.05427],[77.64729,13.0556],[77.64703,13.05551],[77.64671,13.05439],[77.64632,13.05375],[77.64593,13.05239],[77.64556,13.05024],[77.64551,13.04871],[77.64451,13.04736],[77.64392,13.04537],[77.64338,13.04455],[77.64264,13.04379],[77.64161,13.04131],[77.64139,13.04126],[77.64146,13.03951],[77.64181,13.03943],[77.64217,13.03903],[77.64237,13.03898],[77.64377,13.03897],[77.64379,13.04039],[77.6436,13.04247],[77.64492,13.0429],[77.65947,13.02493],[77.6611,13.02677],[77.66149,13.02739],[77.66321,13.02835],[77.66364,13.02871],[77.66524,13.02949],[77.6669,13.0305],[77.66945,13.03131],[77.67197,13.03269],[77.67376,13.0335],[77.67395,13.03443],[77.67333,13.0358],[77.67102,13.03681],[77.67079,13.03697],[77.67068,13.03743],[77.66789,13.03794],[77.66813,13.03965],[77.66945,13.03947],[77.66957,13.04044],[77.66834,13.04062],[77.66843,13.04109],[77.67057,13.04087],[77.67069,13.04097],[77.6711,13.04286],[77.67078,13.04301],[77.67052,13.04281],[77.66968,13.04283],[77.66983,13.04377],[77.6695,13.04428],[77.66877,13.04501],[77.66873,13.0452],[77.66897,13.04522],[77.66911,13.04557],[77.66999,13.04901],[77.67064,13.04977],[77.67074,13.05005],[77.67147,13.0508],[77.67184,13.05109],[77.6723,13.05099],[77.67243,13.05113]]]},"properties":{"osm_id":19884576,"zone_id":"W19884576","label":"Horamavu","admin_level":"10"}},{"type":"Feature","geometry":{"type":"Polygon","coordinates":[[[77.54336,12.94327],[77.54339,12.94439],[77.54296,12.94441],[77.54296,12.94475],[77.54148,12.94486],[77.54155,12.94455],[77.54101,12.94445],[77.54092,12.94482],[77.54036,12.94462],[77.53947,12.94454],[77.53942,12.94529],[77.53742,12.94545],[77.53815,12.9481],[77.53743,12.94884],[77.53747,12.94954],[77.5381,12.94991],[77.53851,12.94978],[77.53872,12.9497],[77.53844,12.94879],[77.53866,12.94866],[77.5394,12.94879],[77.54122,12.94817],[77.54272,12.94806],[77.54419,12.94733],[77.54466,12.947],[77.54427,12.94631],[77.54448,12.94621],[77.54418,12.94569],[77.54538,12.94531],[77.54531,12.94507],[77.54588,12.94491],[77.54625,12.94503],[77.54798,12.9447],[77.54793,12.94427],[77.54869,12.94419],[77.54881,12.94509],[77.54946,12.94501],[77.54979,12.94349],[77.55001,12.94304],[77.55029,12.94283],[77.55,12.94215],[77.54952,12.94218],[77.5473,12.94254],[77.54495,12.94318],[77.54336,12.94327]]]},"properties":{"osm_id":19884577,"zone_id":"W19884577","label":"Avalahalli","admin_level":"10"}},{"type":"Feature","geometry":{"type":"Polygon","coordinates":[[[77.51308,13.01229],[77.5138,13.01199],[77.51369,13.01137],[77.51385,13.01134],[77.51358,13.01041],[77.51395,13.01031],[77.51397,13.01012],[77.51443,13.00966],[77.51555,13.00947],[77.51561,13.00963],[77.51795,13.0088],[77.51832,13.00919],[77.51817,13.00891],[77.5173,13.00822],[77.51751,13.00714],[77.51733,13.00654],[77.5177,13.00612],[77.5177,13.00438],[77.51511,13.00463],[77.51523,13.00528],[77.51499,13.00529],[77.51499,13.00571],[77.51261,13.00552],[77.51269,13.0044],[77.5125,13.00378],[77.50842,13.00414],[77.50851,13.00513],[77.50516,13.00552],[77.50556,13.0078],[77.50613,13.00989],[77.50694,13.01095],[77.50836,13.01158],[77.50876,13.01198],[77.5105,13.01432],[77.51143,13.01627],[77.51319,13.01547],[77.51211,13.01341],[77.51231,13.01332],[77.51172,13.01216],[77.51235,13.01187],[77.51255,13.01257],[77.51308,13.01229]]]},"properties":{"osm_id":19884578,"zone_id":"W19884578","label":"Rajagopala Nagara","admin_level":"10"}},{"type":"Feature","geometry":{"type":"Polygon","coordinates":[[[77.52794,13.02115],[77.5235,13.02267],[77.52165,13.0238],[77.51788,13.03313],[77.51787,13.03409],[77.51832,13.03601],[77.51827,13.0388],[77.5185,13.04015],[77.52219,13.0459],[77.53117,13.03963],[77.54075,13.0325],[77.54008,13.02882],[77.53942,13.02719],[77.53861,13.02764],[77.53841,13.02615],[77.53734,13.02606],[77.53497,13.02649],[77.53411,13.02499],[77.53102,13.02667],[77.52846,13.021],[77.52794,13.02115]]]},"properties":{"osm_id":19884579,"zone_id":"W19884579","label":"Peenya","admin_level":"10"}},{"type":"Feature","geometry":{"type":"Polygon","coordinates":[[[77.50783,13.05157],[77.50825,13.05154],[77.50869,13.05286],[77.50908,13.05328],[77.50924,13.05383],[77.51096,13.05344],[77.51109,13.05382],[77.51143,13.05376],[77.5116,13.05348],[77.51081,13.05104],[77.512,13.05058],[77.51194,13.05008],[77.51496,13.04926],[77.51452,13.04763],[77.5136,13.0451],[77.51358,13.04455],[77.51325,13.04411],[77.51298,13.04293],[77.51162,13.04341],[77.50842,13.04506],[77.5073,13.04533],[77.50803,13.04722],[77.50763,13.04921],[77.50783,13.05157]]]},"properties":{"osm_id":19884580,"zone_id":"W19884580","label":"Nele Maheshwaramma Temple Ward","admin_level":"10"}},{"type":"Feature","geometry":{"type":"Polygon","coordinates":[[[77.64989,12.95968],[77.64921,12.95977],[77.64795,12.95744],[77.6456,12.95687],[77.64469,12.95737],[77.64412,12.95681],[77.64362,12.95698],[77.64331,12.95789],[77.64375,12.95791],[77.64306,12.95835],[77.64242,12.96051],[77.64167,12.96057],[77.64168,12.96248],[77.64123,12.97022],[77.64744,12.97045],[77.64776,12.96887],[77.64937,12.96866],[77.65227,12.96802],[77.65038,12.9633],[77.65045,12.95963],[77.64989,12.95968]]]},"properties":{"osm_id":19884581,"zone_id":"W19884581","label":"Kodihalli","admin_level":"10"}},{"type":"Feature","geometry":{"type":"Polygon","coordinates":[[[77.55998,13.03093],[77.55738,13.03468],[77.55758,13.03611],[77.5573,13.03858],[77.55877,13.03868],[77.56008,13.03922],[77.56106,13.0401],[77.56211,13.04198],[77.56498,13.03828],[77.56465,13.0381],[77.56457,13.03626],[77.56335,13.03636],[77.56319,13.03562],[77.56427,13.03468],[77.56387,13.03196],[77.56235,13.03207],[77.56228,13.03094],[77.56162,13.02866],[77.55998,13.03093]]]},"properties":{"osm_id":19884582,"zone_id":"W19884582","label":"Mathikere","admin_level":"10"}},{"type":"Feature","geometry":{"type":"Polygon","coordinates":[[[77.55872,12.92218],[77.56152,12.92161],[77.56209,12.92048],[77.56358,12.91925],[77.56446,12.91774],[77.56585,12.91424],[77.56624,12.91373],[77.56598,12.91289],[77.55973,12.9138],[77.55776,12.91344],[77.55788,12.91618],[77.5574,12.91624],[77.5578,12.91765],[77.55714,12.91784],[77.55727,12.91823],[77.55691,12.91832],[77.55723,12.91947],[77.55794,12.91939],[77.55812,12.91955],[77.55872,12.92218]]]},"properties":{"osm_id":19884583,"zone_id":"W19884583","label":"Kadirenahalli","admin_level":"10"}},{"type":"Feature","geometry":{"type":"Polygon","coordinates":[[[77.54221,12.97381],[77.54207,12.97465],[77.54029,12.97429],[77.54043,12.97556],[77.53892,12.97574],[77.53548,12.97557],[77.5334,12.97581],[77.53424,12.9783],[77.53391,12.97838],[77.53485,12.98138],[77.5368,12.98068],[77.5408,12.97894],[77.54407,12.97823],[77.54533,12.97776],[77.5469,12.9766],[77.54836,12.97507],[77.54774,12.97429],[77.54366,12.97412],[77.54221,12.97381]]]},"properties":{"osm_id":19884584,"zone_id":"W19884584","label":"Thimmenahalli","admin_level":"10"}},{"type":"Feature","geometry":{"type":"Polygon","coordinates":[[[77.69036,12.9348],[77.68572,12.93059],[77.68469,12.92986],[77.67617,12.9258],[77.6759,12.92472],[77.67565,12.92263],[77.67112,12.92307],[77.67107,12.92343],[77.66952,12.92271],[77.66958,12.92342],[77.66887,12.92335],[77.66901,12.92612],[77.66893,12.9272],[77.6685,12.92868],[77.66778,12.92882],[77.66804,12.93124],[77.66893,12.93099],[77.67304,12.93098],[77.6746,12.93148],[77.67558,12.93195],[77.67556,12.93109],[77.67596,12.931],[77.67591,12.93052],[77.67624,12.93001],[77.678,12.93013],[77.67888,12.93068],[77.68034,12.93096],[77.68105,12.93132],[77.68123,12.93215],[77.68107,12.9329],[77.6803,12.93337],[77.67989,12.93434],[77.6798,12.93488],[77.6791,12.93615],[77.67913,12.93641],[77.6794,12.93663],[77.67971,12.93848],[77.68088,12.93919],[77.68171,12.93934],[77.68353,12.93925],[77.68382,12.9389],[77.68409,12.93894],[77.68593,12.93986],[77.68702,12.94075],[77.68852,12.94107],[77.68927,12.94143],[77.6897,12.94085],[77.68982,12.93949],[77.68785,12.93892],[77.68776,12.93877],[77.68786,12.93817],[77.68683,12.9379],[77.68607,12.93709],[77.68809,12.93678],[77.68818,12.93624],[77.68797,12.93571],[77.68804,12.93556],[77.69004,12.93567],[77.69048,12.9349],[77.69036,12.9348]]]},"properties":{"osm_id":19884585,"zone_id":"W19884585","label":"Bellandur","admin_level":"10"}},{"type":"Feature","geometry":{"type":"Polygon","coordinates":[[[77.68818,13.02207],[77.68859,13.02198],[77.68877,13.02211],[77.69438,13.02674],[77.6964,13.02692],[77.69634,13.02274],[77.69709,13.02235],[77.69689,13.01993],[77.69704,13.01981],[77.69687,13.0184],[77.6966,13.01829],[77.69617,13.01768],[77.69538,13.01617],[77.69615,13.01631],[77.69751,13.01608],[77.69684,13.01361],[77.69672,13.01228],[77.6961,13.01176],[77.69377,13.01229],[77.69359,13.01129],[77.69348,13.01131],[77.69334,13.01099],[77.69313,13.01006],[77.69295,13.00822],[77.69055,13.0078],[77.68841,13.00691],[77.68502,13.00511],[77.68216,13.00988],[77.68099,13.01087],[77.68164,13.01077],[77.6828,13.01123],[77.68465,13.01133],[77.68533,13.01132],[77.68576,13.01101],[77.6864,13.01101],[77.68694,13.01147],[77.68622,13.01203],[77.68549,13.01288],[77.68529,13.01334],[77.68537,13.01381],[77.68585,13.01486],[77.68556,13.01515],[77.6856,13.01589],[77.68407,13.01617],[77.68326,13.01613],[77.68366,13.0176],[77.68672,13.01729],[77.68673,13.01785],[77.68609,13.01791],[77.68634,13.0197],[77.68629,13.02077],[77.68733,13.02106],[77.68732,13.0218],[77.68818,13.02207]]]},"properties":{"osm_id":19884586,"zone_id":"W19884586","label":"T.C Palya","admin_level":"10"}},{"type":"Feature","geometry":{"type":"Polygon","coordinates":[[[77.48019,12.91058],[77.48028,12.90976],[77.48221,12.91037],[77.48407,12.91048],[77.48466,12.91097],[77.48519,12.91279],[77.48664,12.91052],[77.48692,12.90995],[77.48737,12.90836],[77.48983,12.90868],[77.49017,12.90904],[77.49057,12.91025],[77.49251,12.90976],[77.49496,12.90875],[77.49735,12.90819],[77.49906,12.90711],[77.50322,12.90506],[77.50556,12.90458],[77.5071,12.9038],[77.51109,12.90403],[77.51109,12.9036],[77.51134,12.90276],[77.51099,12.90268],[77.511,12.90251],[77.51161,12.90214],[77.51206,12.90225],[77.51274,12.90211],[77.51405,12.90209],[77.5142,12.90192],[77.51422,12.90155],[77.51335,12.9011],[77.51309,12.90063],[77.51265,12.90034],[77.51263,12.90017],[77.51372,12.89889],[77.51374,12.89861],[77.51347,12.89813],[77.51403,12.89758],[77.51422,12.89707],[77.5142,12.89654],[77.51454,12.89547],[77.5144,12.89518],[77.5141,12.89507],[77.51438,12.89414],[77.51244,12.89208],[77.51068,12.88957],[77.50973,12.88854],[77.50846,12.88756],[77.50404,12.8854],[77.50174,12.88413],[77.49812,12.88165],[77.49599,12.87976],[77.49414,12.87788],[77.49233,12.87572],[77.49073,12.87356],[77.4893,12.87199],[77.48836,12.8724],[77.48842,12.87198],[77.48747,12.87193],[77.48599,12.87136],[77.48474,12.87165],[77.48312,12.87438],[77.48256,12.87415],[77.48088,12.87429],[77.48095,12.87486],[77.48109,12.87486],[77.48129,12.87528],[77.48118,12.87537],[77.48151,12.87662],[77.48169,12.8781],[77.47999,12.87805],[77.47941,12.87781],[77.47567,12.87838],[77.47583,12.87843],[77.47565,12.87883],[77.47482,12.88005],[77.47494,12.88068],[77.47516,12.88095],[77.47618,12.88168],[77.47735,12.88275],[77.4789,12.88445],[77.47901,12.88482],[77.47877,12.88612],[77.47934,12.88623],[77.48014,12.88595],[77.48113,12.88595],[77.48249,12.88575],[77.48285,12.88595],[77.48297,12.88629],[77.48251,12.88755],[77.48224,12.88878],[77.48184,12.88956],[77.48105,12.89015],[77.48056,12.89008],[77.47999,12.88976],[77.47931,12.88979],[77.47921,12.89186],[77.47907,12.89217],[77.47783,12.89302],[77.47674,12.89447],[77.47586,12.8942],[77.47552,12.89434],[77.47547,12.89469],[77.47573,12.89524],[77.47723,12.89645],[77.47489,12.8979],[77.47344,12.89843],[77.47197,12.89627],[77.47012,12.89399],[77.46942,12.89246],[77.46847,12.88866],[77.46848,12.88832],[77.46167,12.89716],[77.46097,12.89842],[77.46022,12.89821],[77.45988,12.90469],[77.46008,12.90663],[77.46223,12.90644],[77.46372,12.90648],[77.46667,12.90688],[77.4665,12.91015],[77.46721,12.91126],[77.46819,12.91229],[77.47008,12.91519],[77.47096,12.91866],[77.47253,12.91788],[77.47298,12.91747],[77.47318,12.91692],[77.47326,12.91483],[77.47513,12.91442],[77.47527,12.91492],[77.47628,12.91468],[77.47638,12.91494],[77.47713,12.91465],[77.47701,12.91431],[77.47708,12.91404],[77.47774,12.91275],[77.47796,12.91171],[77.47897,12.91167],[77.47895,12.91072],[77.48019,12.91058]]]},"properties":{"osm_id":19884587,"zone_id":"W19884587","label":"Hemmigepura","admin_level":"10"}},{"type":"Feature","geometry":{"type":"Polygon","coordinates":[[[77.63517,13.01088],[77.63869,13.01067],[77.63878,13.01123],[77.63961,13.01111],[77.63958,13.01151],[77.64008,13.01141],[77.64193,13.01183],[77.64208,13.01072],[77.64192,13.01013],[77.64189,13.00827],[77.64305,13.00894],[77.64306,13.00791],[77.64375,13.00787],[77.64347,13.0064],[77.64341,13.0063],[77.64067,13.00598],[77.63882,13.00544],[77.63807,13.00544],[77.63759,13.00517],[77.63665,13.00423],[77.63618,13.00416],[77.63605,13.00484],[77.6361,13.00586],[77.63572,13.00706],[77.63517,13.01088]]]},"properties":{"osm_id":19884588,"zone_id":"W19884588","label":"Subbayanapalya","admin_level":"10"}},{"type":"Feature","geometry":{"type":"Polygon","coordinates":[[[77.52643,12.9646],[77.52639,12.96543],[77.52564,12.96565],[77.52575,12.9662],[77.52634,12.96602],[77.52648,12.9666],[77.52591,12.96675],[77.526,12.96699],[77.52587,12.96707],[77.52388,12.96758],[77.52448,12.96882],[77.52464,12.96988],[77.52496,12.97076],[77.52645,12.97055],[77.52658,12.97062],[77.52754,12.9704],[77.5275,12.97017],[77.52773,12.97012],[77.52783,12.97043],[77.52853,12.96998],[77.52838,12.96952],[77.52827,12.96822],[77.52934,12.96821],[77.52973,12.96992],[77.53079,12.96969],[77.53057,12.96868],[77.53172,12.96848],[77.53264,12.96858],[77.53619,12.96752],[77.53469,12.96438],[77.53311,12.96475],[77.53071,12.96462],[77.5295,12.96494],[77.52643,12.9646]]]},"properties":{"osm_id":19884589,"zone_id":"W19884589","label":"Maruthi Mandira Ward","admin_level":"10"}},{"type":"Feature","geometry":{"type":"Polygon","coordinates":[[[77.54562,12.98871],[77.54606,12.99167],[77.54714,12.99192],[77.54714,12.99206],[77.54737,12.99214],[77.54724,12.99342],[77.54578,12.99338],[77.5457,12.99401],[77.54579,12.99456],[77.54378,12.99508],[77.54288,12.9952],[77.54287,12.99506],[77.54251,12.99509],[77.54254,12.994],[77.54225,12.99325],[77.54214,12.99209],[77.54156,12.99219],[77.54141,12.99118],[77.54104,12.99123],[77.54122,12.98916],[77.54054,12.98929],[77.54052,12.98829],[77.54229,12.98738],[77.54252,12.98893],[77.54562,12.98871]]]},"properties":{"osm_id":19884590,"zone_id":"W19884590","label":"Sane Guruvana Halli","admin_level":"10"}},{"type":"Feature","geometry":{"type":"Polygon","coordinates":[[[77.54469,12.99761],[77.54629,12.99742],[77.55028,12.99759],[77.55102,12.9944],[77.55108,12.99346],[77.54578,12.99338],[77.5457,12.99401],[77.54588,12.99482],[77.54529,12.99494],[77.54525,12.99519],[77.5443,12.99543],[77.54437,12.99607],[77.54407,12.99622],[77.54419,12.99682],[77.544,12.9969],[77.54394,12.99722],[77.54457,12.99732],[77.54469,12.99761]]]},"properties":{"osm_id":19884591,"zone_id":"W19884591","label":"Manjunath Nagara","admin_level":"10"}},{"type":"Feature","geometry":{"type":"Polygon","coordinates":[[[77.63705,12.96687],[77.63709,12.9668],[77.63731,12.9683],[77.64132,12.96861],[77.64095,12.9761],[77.63569,12.97598],[77.63558,12.97535],[77.6334,12.9759],[77.63353,12.97474],[77.63302,12.97377],[77.63316,12.97325],[77.63275,12.97319],[77.63048,12.97344],[77.62952,12.97397],[77.62965,12.97421],[77.62782,12.97572],[77.62698,12.97451],[77.6281,12.9738],[77.62558,12.97215],[77.62601,12.97094],[77.62647,12.97026],[77.62657,12.96816],[77.62893,12.96823],[77.62896,12.96845],[77.63116,12.96849],[77.633,12.96878],[77.63376,12.97038],[77.63402,12.97048],[77.63391,12.97089],[77.636,12.97167],[77.63598,12.96903],[77.63705,12.96687]]]},"properties":{"osm_id":19884592,"zone_id":"W19884592","label":"Jogpalya","admin_level":"10"}},{"type":"Feature","geometry":{"type":"Polygon","coordinates":[[[77.59347,12.92324],[77.58958,12.92328],[77.58963,12.92624],[77.58179,12.92637],[77.58177,12.92873],[77.58275,12.92963],[77.58275,12.92871],[77.58383,12.92869],[77.58388,12.93081],[77.58708,12.93075],[77.58703,12.92986],[77.58776,12.9298],[77.58735,12.92848],[77.58749,12.92817],[77.58798,12.92782],[77.58891,12.92774],[77.58943,12.92859],[77.59028,12.92859],[77.59027,12.92873],[77.59086,12.92928],[77.58948,12.93003],[77.58982,12.9306],[77.58847,12.93126],[77.58948,12.93259],[77.59014,12.93232],[77.59043,12.93347],[77.59065,12.93345],[77.59101,12.93372],[77.59116,12.93431],[77.59269,12.93428],[77.5925,12.92847],[77.6005,12.92829],[77.6004,12.92546],[77.59992,12.92549],[77.59994,12.92603],[77.59895,12.92624],[77.59769,12.92611],[77.59767,12.92558],[77.59711,12.92538],[77.59707,12.92419],[77.5935,12.92421],[77.59347,12.92324]]]},"properties":{"osm_id":19884593,"zone_id":"W19884593","label":"Tilak Nagara","admin_level":"10"}},{"type":"Feature","geometry":{"type":"Polygon","coordinates":[[[77.57353,12.95736],[77.57731,12.95629],[77.57962,12.95524],[77.5801,12.9566],[77.58014,12.95896],[77.58272,12.9574],[77.58243,12.95478],[77.58009,12.95515],[77.57997,12.9513],[77.58007,12.94214],[77.57924,12.94212],[77.57927,12.94058],[77.57778,12.94058],[77.57775,12.94256],[77.57888,12.94255],[77.57886,12.94366],[77.57774,12.94362],[77.57772,12.94396],[77.57748,12.94428],[77.57707,12.94436],[77.57684,12.94455],[77.5738,12.94455],[77.5737,12.95317],[77.57353,12.95736]]]},"properties":{"osm_id":19884594,"zone_id":"W19884594","label":"V.V Puram","admin_level":"10"}},{"type":"Feature","geometry":{"type":"Polygon","coordinates":[[[77.62343,12.93356],[77.62256,12.93178],[77.62101,12.92753],[77.62902,12.9242],[77.62975,12.92421],[77.63402,12.92492],[77.63367,12.92229],[77.63302,12.92075],[77.63293,12.92076],[77.63251,12.91996],[77.63211,12.91864],[77.62884,12.91958],[77.62881,12.91934],[77.62893,12.91931],[77.62858,12.91801],[77.625,12.919],[77.6241,12.91905],[77.62382,12.91829],[77.62303,12.9185],[77.62279,12.91823],[77.62224,12.91808],[77.61734,12.92577],[77.61382,12.93164],[77.60933,12.93993],[77.6083,12.94195],[77.6089,12.94212],[77.60897,12.94286],[77.60886,12.94373],[77.60981,12.94372],[77.60986,12.94404],[77.61154,12.94343],[77.61312,12.94305],[77.61426,12.94257],[77.61526,12.94204],[77.61466,12.94101],[77.61512,12.94036],[77.61584,12.93996],[77.6158,12.93983],[77.61799,12.93925],[77.61731,12.93632],[77.61626,12.93625],[77.61529,12.93585],[77.61622,12.93447],[77.6166,12.93413],[77.61816,12.93353],[77.61918,12.93372],[77.62252,12.93351],[77.62343,12.93356]]]},"properties":{"osm_id":19884595,"zone_id":"W19884595","label":"Kormangala West","admin_level":"10"}},{"type":"Feature","geometry":{"type":"Polygon","coordinates":[[[77.60915,12.98573],[77.61004,12.98549],[77.61032,12.98506],[77.6104,12.98477],[77.61009,12.98321],[77.61064,12.98306],[77.61187,12.98454],[77.61205,12.98456],[77.61247,12.9842],[77.61279,12.98305],[77.61297,12.98289],[77.61091,12.98069],[77.61006,12.98096],[77.60877,12.97715],[77.59832,12.98058],[77.59887,12.98212],[77.59888,12.98247],[77.59854,12.98328],[77.5978,12.98397],[77.60163,12.98464],[77.60182,12.98478],[77.60357,12.98515],[77.60358,12.9861],[77.60284,12.9862],[77.60319,12.98809],[77.60304,12.98828],[77.6032,12.98862],[77.60397,12.98856],[77.60377,12.99007],[77.6046,12.99017],[77.60472,12.98947],[77.60447,12.98853],[77.60524,12.98837],[77.60546,12.98915],[77.60564,12.98923],[77.60536,12.99015],[77.60642,12.99015],[77.60716,12.99032],[77.60704,12.98915],[77.60714,12.9868],[77.60824,12.98647],[77.60915,12.98573]]]},"properties":{"osm_id":19884596,"zone_id":"W19884596","label":"Shivajinagar","admin_level":"10"}},{"type":"Feature","geometry":{"type":"Polygon","coordinates":[[[77.6749,13.01648],[77.68166,13.01623],[77.68174,13.01662],[77.68332,13.01633],[77.68326,13.01613],[77.68407,13.01617],[77.6856,13.01589],[77.68556,13.01515],[77.68585,13.01486],[77.68537,13.01381],[77.68529,13.01334],[77.68549,13.01288],[77.68622,13.01203],[77.68694,13.01147],[77.6864,13.01101],[77.68576,13.01101],[77.68533,13.01132],[77.68302,13.01126],[77.68164,13.01077],[77.68099,13.01087],[77.67885,13.0117],[77.67798,13.01168],[77.67635,13.01139],[77.67357,13.01152],[77.67356,13.01314],[77.67385,13.01473],[77.67416,13.01554],[77.67366,13.01572],[77.67351,13.01545],[77.6723,13.01593],[77.67209,13.01543],[77.67085,13.01557],[77.67104,13.01636],[77.67043,13.01636],[77.67061,13.01734],[77.67055,13.01757],[77.67197,13.01829],[77.67335,13.01777],[77.673,13.01689],[77.67318,13.01682],[77.67309,13.01653],[77.6749,13.01648]]]},"properties":{"osm_id":19884597,"zone_id":"W19884597","label":"Ramamurthy Nagara","admin_level":"10"}},{"type":"Feature","geometry":{"type":"Polygon","coordinates":[[[77.5797,12.92344],[77.57962,12.93305],[77.58486,12.9329],[77.58491,12.93663],[77.58573,12.9366],[77.58627,12.9364],[77.58671,12.93587],[77.58782,12.93516],[77.58913,12.93581],[77.58962,12.93552],[77.58994,12.9355],[77.59012,12.93632],[77.59056,12.93613],[77.59104,12.93667],[77.59174,12.93634],[77.5927,12.93621],[77.59269,12.93428],[77.59116,12.93431],[77.59101,12.93372],[77.59065,12.93345],[77.59043,12.93347],[77.59014,12.93232],[77.58948,12.93259],[77.58847,12.93126],[77.58982,12.9306],[77.58948,12.93003],[77.59086,12.92928],[77.59027,12.92873],[77.59028,12.92859],[77.58943,12.92859],[77.58891,12.92774],[77.58798,12.92782],[77.58764,12.92801],[77.58737,12.9284],[77.58776,12.9298],[77.58703,12.92986],[77.58708,12.93075],[77.58388,12.93081],[77.58383,12.92869],[77.58275,12.92871],[77.58275,12.92963],[77.58177,12.92873],[77.58179,12.92637],[77.58963,12.92624],[77.58956,12.92247],[77.58594,12.92251],[77.58596,12.92335],[77.5797,12.92344]]]},"properties":{"osm_id":19884598,"zone_id":"W19884598","label":"Byrasandra","admin_level":"10"}},{"type":"Feature","geometry":{"type":"Polygon","coordinates":[[[77.6749,13.01648],[77.67309,13.01653],[77.67318,13.01682],[77.673,13.01689],[77.67335,13.01777],[77.67197,13.01829],[77.67055,13.01757],[77.67061,13.01734],[77.67043,13.01636],[77.67104,13.01636],[77.67085,13.01557],[77.67209,13.01543],[77.6723,13.01593],[77.67351,13.01545],[77.67366,13.01572],[77.67416,13.01554],[77.67385,13.01473],[77.67356,13.01314],[77.67357,13.01152],[77.66971,13.01178],[77.66991,13.01444],[77.67007,13.01442],[77.6701,13.01494],[77.6669,13.01535],[77.6657,13.01491],[77.66394,13.01375],[77.66354,13.01336],[77.66311,13.0133],[77.66287,13.01867],[77.66268,13.01991],[77.66149,13.02256],[77.65947,13.02493],[77.6611,13.02677],[77.66149,13.02739],[77.66383,13.02879],[77.66603,13.02652],[77.6682,13.02509],[77.67058,13.02255],[77.67399,13.02029],[77.67614,13.01927],[77.67566,13.01815],[77.6755,13.01725],[77.67511,13.01735],[77.6749,13.01648]]]},"properties":{"osm_id":19884599,"zone_id":"W19884599","label":"Hoysala Nagara East","admin_level":"10"}},{"type":"Feature","geometry":{"type":"Polygon","coordinates":[[[77.6177,12.87643],[77.61756,12.87714],[77.61804,12.8778],[77.61811,12.87852],[77.61832,12.87891],[77.61788,12.87897],[77.61792,12.87926],[77.61825,12.8796],[77.61871,12.88123],[77.61762,12.88169],[77.61773,12.88218],[77.61776,12.88412],[77.61785,12.88475],[77.61821,12.88475],[77.61877,12.88692],[77.61919,12.88804],[77.6199,12.88887],[77.62138,12.8886],[77.62147,12.88886],[77.62366,12.88856],[77.6255,12.88857],[77.6256,12.88839],[77.62555,12.88664],[77.62492,12.88457],[77.62476,12.88198],[77.62777,12.88164],[77.62763,12.88046],[77.62733,12.8805],[77.6269,12.87782],[77.63017,12.87826],[77.63111,12.87828],[77.63248,12.87854],[77.63292,12.87784],[77.63279,12.87617],[77.63293,12.87566],[77.63313,12.87557],[77.63393,12.87423],[77.63284,12.87268],[77.63251,12.87236],[77.63222,12.87237],[77.6317,12.87076],[77.6319,12.87001],[77.63135,12.86836],[77.63064,12.86845],[77.63018,12.86747],[77.6302,12.86649],[77.62918,12.86592],[77.62805,12.86557],[77.62588,12.86438],[77.61936,12.86006],[77.61697,12.86033],[77.61727,12.86169],[77.61665,12.86383],[77.61967,12.866],[77.62058,12.8671],[77.62177,12.8694],[77.62218,12.86952],[77.62205,12.87006],[77.62167,12.8707],[77.62195,12.87197],[77.62238,12.87276],[77.62231,12.87333],[77.62172,12.87342],[77.6224,12.87451],[77.62407,12.87402],[77.62429,12.87582],[77.62483,12.87582],[77.62487,12.87651],[77.62479,12.87728],[77.62453,12.87731],[77.62438,12.87718],[77.62206,12.87732],[77.6213,12.87757],[77.62123,12.87772],[77.61923,12.87798],[77.61902,12.87758],[77.61826,12.87737],[77.6177,12.87643]]]},"properties":{"osm_id":19884600,"zone_id":"W19884600","label":"Beguru","admin_level":"10"}},{"type":"Feature","geometry":{"type":"Polygon","coordinates":[[[77.54546,12.98677],[77.54566,12.9895],[77.54606,12.99167],[77.54714,12.99192],[77.54714,12.99206],[77.54737,12.99214],[77.54724,12.99342],[77.55108,12.99346],[77.55093,12.99117],[77.55005,12.98831],[77.54921,12.98914],[77.54882,12.98916],[77.54863,12.98833],[77.54713,12.98884],[77.54666,12.98743],[77.54724,12.98734],[77.5472,12.98637],[77.54546,12.98677]]]},"properties":{"osm_id":19884601,"zone_id":"W19884601","label":"Shivanagara","admin_level":"10"}},{"type":"Feature","geometry":{"type":"Polygon","coordinates":[[[77.70116,13.0104],[77.69924,13.00966],[77.69861,13.00927],[77.69921,13.00906],[77.69906,13.00866],[77.69893,13.0086],[77.69816,13.00713],[77.69775,13.00734],[77.69719,13.00656],[77.69555,13.00325],[77.69533,13.00311],[77.69523,13.00266],[77.69284,13.00282],[77.69248,13.00817],[77.69295,13.00822],[77.69313,13.01006],[77.69334,13.01099],[77.69348,13.01131],[77.69359,13.01129],[77.69377,13.01229],[77.6961,13.01176],[77.69672,13.01228],[77.69684,13.01361],[77.69751,13.01608],[77.69615,13.01631],[77.69538,13.01617],[77.6966,13.01829],[77.69687,13.0184],[77.69789,13.01789],[77.70115,13.01762],[77.70436,13.01702],[77.702,13.01605],[77.70113,13.0155],[77.70038,13.01471],[77.69926,13.01246],[77.70079,13.0119],[77.70074,13.0117],[77.70116,13.0104]]]},"properties":{"osm_id":19884602,"zone_id":"W19884602","label":"K.R Pura","admin_level":"10"}},{"type":"Feature","geometry":{"type":"Polygon","coordinates":[[[77.67071,13.00694],[77.67088,13.00868],[77.6696,13.00873],[77.66969,13.0093],[77.66994,13.00926],[77.67005,13.00987],[77.66768,13.01023],[77.66782,13.01111],[77.66943,13.01087],[77.66958,13.0118],[77.67087,13.01163],[77.6763,13.01139],[77.67798,13.01168],[77.67885,13.0117],[77.68099,13.01087],[77.68216,13.00988],[77.68502,13.00511],[77.68233,13.00362],[77.68341,13.00166],[77.68319,13.00055],[77.67887,13.0006],[77.67711,13.00074],[77.67689,13.00296],[77.67715,13.00378],[77.6771,13.00508],[77.67569,13.00547],[77.67568,13.00561],[77.67515,13.00547],[77.67483,13.00642],[77.67442,13.00685],[77.67461,13.00722],[77.67443,13.00731],[77.67294,13.00721],[77.67294,13.00691],[77.67071,13.00694]]]},"properties":{"osm_id":19884603,"zone_id":"W19884603","label":"Kotthur","admin_level":"10"}},{"type":"Feature","geometry":{"type":"Polygon","coordinates":[[[77.57276,13.04724],[77.57017,13.04708],[77.56613,13.0466],[77.56493,13.04615],[77.56415,13.04559],[77.57198,13.0594],[77.57303,13.06078],[77.57414,13.06179],[77.57578,13.06289],[77.57651,13.06025],[77.57681,13.05982],[77.58105,13.05888],[77.58398,13.05853],[77.58383,13.05815],[77.58197,13.05838],[77.58163,13.05746],[77.57974,13.05819],[77.57896,13.05639],[77.57683,13.05735],[77.57612,13.05525],[77.5749,13.05259],[77.57479,13.05196],[77.57484,13.05088],[77.57515,13.05029],[77.57575,13.0496],[77.57601,13.04847],[77.57596,13.04744],[77.57276,13.04724]]]},"properties":{"osm_id":19884604,"zone_id":"W19884604","label":"Kodigehalli","admin_level":"10"}},{"type":"Feature","geometry":{"type":"Polygon","coordinates":[[[77.56169,12.95337],[77.5623,12.95341],[77.56274,12.95376],[77.56343,12.95395],[77.56335,12.95699],[77.5674,12.95709],[77.56759,12.95282],[77.56661,12.95279],[77.56636,12.95077],[77.56767,12.95064],[77.56777,12.94733],[77.56422,12.94729],[77.56424,12.94852],[77.56283,12.94911],[77.56235,12.94894],[77.5615,12.94926],[77.56212,12.94991],[77.56227,12.95036],[77.56229,12.95081],[77.56179,12.95165],[77.56169,12.95337]]]},"properties":{"osm_id":19884605,"zone_id":"W19884605","label":"Devaraj Urs Ward","admin_level":"10"}},{"type":"Feature","geometry":{"type":"Polygon","coordinates":[[[77.56549,12.96674],[77.56626,12.96674],[77.56643,12.96715],[77.56702,12.96696],[77.56775,12.96698],[77.56774,12.96719],[77.56794,12.96718],[77.56787,12.96821],[77.57022,12.96796],[77.57003,12.96419],[77.56828,12.96362],[77.56823,12.9638],[77.56746,12.9633],[77.56618,12.96283],[77.56603,12.96343],[77.56613,12.96407],[77.56551,12.96411],[77.56566,12.96513],[77.5652,12.96515],[77.56549,12.96674]]]},"properties":{"osm_id":19884606,"zone_id":"W19884606","label":"Cheluvadi Palya","admin_level":"10"}},{"type":"Feature","geometry":{"type":"Polygon","coordinates":[[[77.49528,12.96252],[77.49518,12.9622],[77.49325,12.96281],[77.49256,12.96278],[77.49244,12.96128],[77.49219,12.96075],[77.4882,12.9611],[77.48813,12.96079],[77.48653,12.96148],[77.4864,12.96083],[77.48585,12.96004],[77.4857,12.95947],[77.48551,12.95923],[77.48557,12.95895],[77.48544,12.95856],[77.48502,12.95787],[77.48469,12.95758],[77.48481,12.95719],[77.48441,12.95691],[77.48453,12.95639],[77.48439,12.95634],[77.48437,12.95615],[77.48458,12.95537],[77.48556,12.95503],[77.48563,12.95491],[77.48563,12.95347],[77.48551,12.95304],[77.48515,12.95276],[77.48494,12.95142],[77.48608,12.95121],[77.48857,12.9495],[77.4889,12.94948],[77.48861,12.94906],[77.49046,12.94741],[77.4906,12.94735],[77.49072,12.94759],[77.49267,12.94771],[77.49673,12.94729],[77.49677,12.94744],[77.49856,12.94733],[77.50074,12.94666],[77.50031,12.94432],[77.49993,12.94446],[77.49982,12.94397],[77.49954,12.94404],[77.49948,12.94379],[77.49776,12.94132],[77.49719,12.94005],[77.4972,12.93994],[77.49934,12.93846],[77.49968,12.93803],[77.49914,12.93571],[77.50008,12.93537],[77.49914,12.9308],[77.49862,12.93091],[77.49867,12.92738],[77.4989,12.92599],[77.49921,12.92523],[77.50012,12.92608],[77.50252,12.92778],[77.50358,12.92902],[77.50395,12.92925],[77.50552,12.92977],[77.50627,12.93111],[77.50826,12.93247],[77.51116,12.9349],[77.51383,12.93579],[77.51354,12.93647],[77.51276,12.93741],[77.51272,12.93821],[77.51308,12.93853],[77.51332,12.9385],[77.51388,12.93874],[77.51427,12.9394],[77.5146,12.93968],[77.51467,12.9402],[77.51445,12.9407],[77.51472,12.94132],[77.51469,12.94212],[77.51538,12.94207],[77.51562,12.94217],[77.51586,12.94266],[77.51589,12.94344],[77.51604,12.94388],[77.51625,12.94409],[77.5168,12.94407],[77.51701,12.94449],[77.51677,12.94494],[77.51619,12.94535],[77.51501,12.94683],[77.51272,12.94791],[77.51284,12.94832],[77.51274,12.94858],[77.5117,12.94936],[77.51106,12.95004],[77.51113,12.95108],[77.51146,12.9517],[77.51119,12.95274],[77.51122,12.95365],[77.51129,12.95383],[77.51199,12.95432],[77.51219,12.95466],[77.51215,12.95504],[77.512,12.95507],[77.5118,12.95542],[77.51139,12.95538],[77.50847,12.9563],[77.50696,12.95702],[77.50518,12.95756],[77.50331,12.95788],[77.50318,12.95761],[77.50132,12.95836],[77.50104,12.95862],[77.50051,12.95884],[77.50004,12.95762],[77.49923,12.95806],[77.49824,12.95839],[77.4975,12.95859],[77.49702,12.95847],[77.49708,12.95884],[77.49601,12.95902],[77.49633,12.96083],[77.49715,12.96066],[77.49731,12.96165],[77.49618,12.96186],[77.49629,12.96232],[77.49528,12.96252]]]},"properties":{"osm_id":19884607,"zone_id":"W19884607","label":"Jnana Bharathi Ward","admin_level":"10"}},{"type":"Feature","geometry":{"type":"Polygon","coordinates":[[[77.49805,12.96976],[77.49851,12.96956],[77.49678,12.96771],[77.49683,12.96742],[77.49699,12.96728],[77.49683,12.96682],[77.49668,12.96685],[77.49632,12.96571],[77.4964,12.9652],[77.49688,12.96504],[77.49693,12.96465],[77.49671,12.9643],[77.49639,12.96438],[77.49597,12.96394],[77.49518,12.9622],[77.49325,12.96281],[77.49256,12.96278],[77.49244,12.96128],[77.49219,12.96075],[77.4882,12.9611],[77.48813,12.96079],[77.48653,12.96148],[77.4864,12.96083],[77.48585,12.96004],[77.4857,12.95947],[77.48551,12.95923],[77.48557,12.95895],[77.48544,12.95856],[77.48502,12.95787],[77.48469,12.95758],[77.48481,12.95719],[77.48441,12.95691],[77.48454,12.95664],[77.48453,12.95639],[77.48437,12.9562],[77.48449,12.9555],[77.48563,12.95491],[77.48563,12.95347],[77.48551,12.95304],[77.48515,12.95276],[77.48494,12.95142],[77.48608,12.95121],[77.48857,12.9495],[77.4889,12.94948],[77.48546,12.94422],[77.48518,12.94368],[77.48484,12.9421],[77.48323,12.94201],[77.48315,12.94099],[77.48339,12.94076],[77.48429,12.9404],[77.48461,12.9401],[77.48357,12.94012],[77.48355,12.93982],[77.48337,12.93974],[77.4823,12.93958],[77.48061,12.94016],[77.47961,12.94037],[77.47939,12.93923],[77.47884,12.93751],[77.47836,12.93756],[77.47627,12.93831],[77.4764,12.93863],[77.47474,12.93991],[77.47325,12.94033],[77.47426,12.94218],[77.47475,12.94342],[77.47507,12.94547],[77.47628,12.94882],[77.47552,12.94912],[77.47273,12.94927],[77.47243,12.94955],[77.47106,12.94959],[77.47112,12.95072],[77.47214,12.95087],[77.47251,12.9516],[77.47251,12.95181],[77.47155,12.95224],[77.47164,12.95377],[77.47189,12.95435],[77.472,12.95504],[77.4721,12.95505],[77.47247,12.95595],[77.47504,12.96045],[77.47367,12.96201],[77.47319,12.96354],[77.47324,12.9657],[77.4735,12.96731],[77.47482,12.96959],[77.47501,12.97011],[77.47509,12.9715],[77.47901,12.97116],[77.47917,12.97094],[77.4798,12.97066],[77.48125,12.97036],[77.48163,12.97133],[77.48245,12.97107],[77.48274,12.9715],[77.48462,12.97082],[77.48418,12.96965],[77.4854,12.96814],[77.48509,12.96673],[77.48774,12.96611],[77.48816,12.96758],[77.48777,12.96895],[77.4881,12.97137],[77.49155,12.97007],[77.49231,12.96997],[77.49449,12.97041],[77.49805,12.96976]]]},"properties":{"osm_id":19884608,"zone_id":"W19884608","label":"Ullal","admin_level":"10"}},{"type":"Feature","geometry":{"type":"Polygon","coordinates":[[[77.5033,12.95788],[77.50446,12.96083],[77.50503,12.96305],[77.50508,12.96356],[77.50486,12.96446],[77.50482,12.96548],[77.50497,12.96632],[77.50683,12.97069],[77.50868,12.97347],[77.50955,12.97526],[77.51096,12.98043],[77.51099,12.98102],[77.51375,12.9804],[77.51607,12.9801],[77.51484,12.97823],[77.51346,12.97466],[77.51501,12.97424],[77.51512,12.97397],[77.51437,12.971],[77.51544,12.97066],[77.51541,12.97047],[77.51774,12.9699],[77.51777,12.96976],[77.51744,12.96931],[77.51748,12.96828],[77.51803,12.96774],[77.51814,12.96747],[77.518,12.96705],[77.5174,12.96648],[77.51739,12.96629],[77.51752,12.96595],[77.51844,12.96546],[77.51847,12.96534],[77.51802,12.96422],[77.51747,12.9638],[77.51745,12.9632],[77.51779,12.96224],[77.51776,12.96196],[77.51739,12.96175],[77.51655,12.96189],[77.51606,12.9618],[77.51597,12.96084],[77.51577,12.96019],[77.51552,12.9597],[77.51498,12.95931],[77.51476,12.95822],[77.51448,12.95771],[77.51436,12.9577],[77.5141,12.958],[77.51395,12.95793],[77.51373,12.95821],[77.51326,12.95814],[77.51236,12.95911],[77.51176,12.95937],[77.51156,12.95888],[77.51166,12.95867],[77.51176,12.95875],[77.51199,12.95859],[77.51199,12.95798],[77.51179,12.9571],[77.51205,12.95655],[77.51176,12.95591],[77.51174,12.9554],[77.51139,12.95538],[77.50847,12.9563],[77.50696,12.95702],[77.50582,12.95738],[77.5033,12.95788]]]},"properties":{"osm_id":19884609,"zone_id":"W19884609","label":"Vinayaka Layout","admin_level":"10"}},{"type":"Feature","geometry":{"type":"Polygon","coordinates":[[[77.6466,13.08515],[77.64552,13.08339],[77.64451,13.08224],[77.6436,13.08266],[77.64356,13.08299],[77.64258,13.08343],[77.64184,13.08189],[77.63876,13.08335],[77.63464,13.08394],[77.63585,13.0917],[77.63594,13.09601],[77.63518,13.09683],[77.63458,13.09523],[77.63297,13.09566],[77.63286,13.09577],[77.63346,13.09702],[77.6315,13.09799],[77.63199,13.09914],[77.62976,13.10004],[77.62922,13.09886],[77.6253,13.09811],[77.6252,13.09833],[77.62409,13.09805],[77.62326,13.0986],[77.61968,13.09813],[77.61737,13.09804],[77.61721,13.09785],[77.61405,13.09742],[77.61133,13.09742],[77.61068,13.09773],[77.60753,13.09819],[77.6466,13.08515]]]},"properties":{"osm_id":19884610,"zone_id":"W19884610","label":"Kogilu","admin_level":"10"}},{"type":"Feature","geometry":{"type":"Polygon","coordinates":[[[77.60753,13.09819],[77.60731,13.09764],[77.60743,13.09624],[77.60782,13.09476],[77.6081,13.09445],[77.6061,13.09411],[77.60602,13.09406],[77.60611,13.09361],[77.60598,13.09345],[77.60664,13.092],[77.6065,13.09189],[77.60672,13.09138],[77.60681,13.09125],[77.60709,13.09128],[77.60775,13.08952],[77.60804,13.08837],[77.60702,13.08819],[77.60593,13.08769],[77.60563,13.08739],[77.60414,13.08684],[77.60346,13.08778],[77.60321,13.08909],[77.60253,13.09034],[77.6012,13.09233],[77.60087,13.09322],[77.60071,13.09452],[77.60021,13.09611],[77.59969,13.09703],[77.59885,13.09802],[77.60042,13.10361],[77.5996,13.10362],[77.59936,13.10433],[77.59934,13.10485],[77.59913,13.10493],[77.59775,13.10465],[77.5973,13.10433],[77.59626,13.10418],[77.60753,13.09819]]]},"properties":{"osm_id":19884611,"zone_id":"W19884611","label":"Akash Ward","admin_level":"10"}},{"type":"Feature","geometry":{"type":"Polygon","coordinates":[[[77.69548,12.94599],[77.6951,12.9459],[77.69502,12.94562],[77.69286,12.94475],[77.69217,12.94416],[77.69192,12.94349],[77.69061,12.94258],[77.69054,12.94217],[77.69034,12.94199],[77.68852,12.94107],[77.68702,12.94075],[77.68532,12.9395],[77.68382,12.9389],[77.68353,12.93925],[77.68171,12.93934],[77.68088,12.93919],[77.67971,12.93848],[77.6794,12.93663],[77.67913,12.93641],[77.6791,12.93615],[77.6798,12.93488],[77.67989,12.93434],[77.6803,12.93337],[77.68107,12.9329],[77.68123,12.93215],[77.68105,12.93132],[77.68034,12.93096],[77.67888,12.93068],[77.678,12.93013],[77.67624,12.93001],[77.67591,12.93052],[77.67596,12.931],[77.67556,12.93109],[77.67558,12.93195],[77.6746,12.93148],[77.67304,12.93098],[77.66893,12.93099],[77.66804,12.93124],[77.66692,12.9312],[77.6664,12.93101],[77.66586,12.93035],[77.66511,12.92836],[77.66493,12.92814],[77.66376,12.92804],[77.66182,12.92896],[77.66133,12.92967],[77.66108,12.92983],[77.65912,12.92942],[77.65507,12.93491],[77.65909,12.93726],[77.65901,12.93732],[77.65934,12.93755],[77.66056,12.93803],[77.66041,12.9383],[77.65891,12.9383],[77.65891,12.93792],[77.65814,12.9379],[77.65806,12.93985],[77.6578,12.93986],[77.65743,12.94011],[77.65468,12.94022],[77.65249,12.94156],[77.65024,12.94247],[77.65011,12.94269],[77.64873,12.94353],[77.64636,12.9458],[77.64487,12.94705],[77.64419,12.9474],[77.64428,12.94761],[77.64372,12.9478],[77.64377,12.94804],[77.64102,12.95038],[77.64079,12.95045],[77.64034,12.95115],[77.63992,12.95119],[77.63974,12.95144],[77.64078,12.95322],[77.64149,12.95343],[77.6421,12.95386],[77.64251,12.95396],[77.64426,12.95332],[77.6445,12.95172],[77.64504,12.95],[77.6454,12.9494],[77.64654,12.94786],[77.64777,12.94717],[77.64903,12.94601],[77.64937,12.9474],[77.64982,12.94733],[77.65465,12.9477],[77.65577,12.94736],[77.65996,12.94756],[77.66248,12.94665],[77.66257,12.94651],[77.66254,12.94449],[77.66416,12.94445],[77.66432,12.94466],[77.66456,12.94565],[77.66475,12.94587],[77.66656,12.94609],[77.66655,12.94637],[77.66839,12.94651],[77.66831,12.94689],[77.66923,12.94708],[77.66937,12.94698],[77.67088,12.94712],[77.6709,12.94785],[77.67295,12.9479],[77.67298,12.9481],[77.67523,12.94866],[77.6782,12.94821],[77.68005,12.94821],[77.68073,12.94843],[77.68751,12.94902],[77.68867,12.94929],[77.68912,12.94967],[77.68941,12.9503],[77.68949,12.95114],[77.68939,12.95304],[77.68917,12.95345],[77.68753,12.95506],[77.68964,12.95542],[77.69097,12.95398],[77.69089,12.95203],[77.69101,12.95106],[77.69264,12.94993],[77.6924,12.94706],[77.69303,12.94649],[77.69355,12.94627],[77.69548,12.94599]]]},"properties":{"osm_id":19884612,"zone_id":"W19884612","label":"Yamalur","admin_level":"10"}},{"type":"Feature","geometry":{"type":"Polygon","coordinates":[[[77.63977,12.9515],[77.63992,12.95119],[77.64034,12.95115],[77.64079,12.95045],[77.64102,12.95038],[77.64377,12.94804],[77.64372,12.9478],[77.64428,12.94761],[77.64419,12.9474],[77.64487,12.94705],[77.64636,12.9458],[77.64873,12.94353],[77.65011,12.94269],[77.65024,12.94247],[77.65249,12.94156],[77.65468,12.94022],[77.65743,12.94011],[77.6578,12.93986],[77.65806,12.93985],[77.65814,12.9379],[77.65891,12.93792],[77.65891,12.9383],[77.66043,12.93828],[77.66056,12.93803],[77.65934,12.93755],[77.65901,12.93732],[77.65909,12.93726],[77.65507,12.93491],[77.65912,12.92942],[77.66108,12.92983],[77.66133,12.92967],[77.66182,12.92896],[77.66263,12.92854],[77.66221,12.92794],[77.66195,12.92652],[77.66276,12.92673],[77.66247,12.92614],[77.66116,12.92161],[77.66279,12.9212],[77.662,12.91826],[77.66035,12.91634],[77.65466,12.92045],[77.65361,12.92045],[77.6536,12.92096],[77.6515,12.92118],[77.65149,12.923],[77.65174,12.92422],[77.65026,12.92439],[77.64923,12.92469],[77.64517,12.92446],[77.64124,12.92337],[77.63929,12.92406],[77.63932,12.92482],[77.63917,12.92584],[77.63974,12.92603],[77.6411,12.92597],[77.64132,12.92616],[77.64187,12.92821],[77.6419,12.92926],[77.63958,12.92969],[77.63952,12.93056],[77.63881,12.9309],[77.6371,12.93334],[77.63457,12.93624],[77.6333,12.93734],[77.63195,12.93988],[77.62911,12.94616],[77.62751,12.9488],[77.62684,12.94945],[77.62712,12.94965],[77.62629,12.95117],[77.62602,12.95214],[77.62583,12.95215],[77.6253,12.95308],[77.62472,12.95373],[77.62379,12.954],[77.62385,12.95424],[77.62331,12.95437],[77.62331,12.95478],[77.62269,12.95503],[77.62211,12.95546],[77.62094,12.95592],[77.6212,12.9571],[77.62115,12.95783],[77.62036,12.95904],[77.61767,12.96532],[77.61964,12.96556],[77.62001,12.96619],[77.62052,12.96667],[77.61999,12.96812],[77.61955,12.97132],[77.61953,12.97222],[77.61932,12.97248],[77.6199,12.97274],[77.62082,12.97267],[77.62161,12.97282],[77.62475,12.97471],[77.62597,12.97556],[77.62664,12.97619],[77.62732,12.97746],[77.62829,12.97792],[77.62849,12.97813],[77.63011,12.97716],[77.6318,12.97636],[77.63273,12.97504],[77.63316,12.97325],[77.63223,12.97322],[77.63048,12.97344],[77.62952,12.97397],[77.62965,12.97421],[77.62782,12.97572],[77.62698,12.97451],[77.6281,12.9738],[77.62558,12.97215],[77.62601,12.97094],[77.62647,12.97026],[77.62657,12.96816],[77.62893,12.96823],[77.62896,12.96845],[77.63116,12.96849],[77.633,12.96878],[77.63376,12.97038],[77.63402,12.97048],[77.63391,12.97089],[77.636,12.97167],[77.63598,12.96903],[77.63705,12.96687],[77.63506,12.96521],[77.6349,12.96539],[77.63428,12.96542],[77.63435,12.96462],[77.63424,12.96344],[77.63514,12.9634],[77.63522,12.9625],[77.63469,12.96257],[77.63453,12.96173],[77.63427,12.96171],[77.63475,12.96115],[77.63584,12.95795],[77.6382,12.95775],[77.63813,12.95742],[77.63753,12.95694],[77.63721,12.95697],[77.63696,12.95649],[77.63634,12.95658],[77.63636,12.95635],[77.63667,12.95522],[77.63977,12.9515]]]},"properties":{"osm_id":19884613,"zone_id":"W19884613","label":"Agaram","admin_level":"10"}}]}